Price,Close,High,Low,Open,Volume
Ticker,AA,AA,AA,AA,AA
Date,,,,,
2025-07-11,30.800893783569336,31.0733361765993,30.335265000747434,30.979220263257947,4425100
2025-07-14,29.512985229492188,30.454150094595384,28.948284042895516,30.21638206900261,7747200
2025-07-15,28.22507095336914,29.849819970855442,28.175536659757846,29.721029673698773,7001700
2025-07-16,28.29442024230957,28.64116597282271,27.858513159573484,28.363769010489754,9338400
2025-07-17,29.11669921875,30.10740013142186,28.670884941814883,28.849211408433742,11921200
2025-07-18,30.047962188720703,30.394707927424783,29.017634099282233,29.503077377623043,7421100
2025-07-21,30.691917419433594,31.524106434814,30.632475886795635,31.216989644970262,7500600
2025-07-22,31.633081436157227,31.677663054210292,30.855381346485352,30.999033436835465,5801400
2025-07-23,31.80150032043457,32.02837093822494,31.335871534617123,31.950106980872558,4947700
2025-07-24,31.56373405456543,31.940201487856786,30.939591374492142,31.365593101295016,6445100
2025-07-25,30.553218841552734,31.405222302056455,30.097495401186027,31.207081347181855,6912200
2025-07-28,30.39470672607422,31.028754756052535,29.889448993580682,30.513589786889064,5907400
2025-07-29,30.156938552856445,30.54331133284771,29.810192829719895,30.216380082944603,4734000
2025-07-30,29.839916229248047,30.19656731958443,29.44363430058852,30.0776842526764,6061300
2025-07-31,29.691307067871094,30.399658404889713,29.3841902996011,29.592238483637765,5337700
2025-08-01,28.135906219482422,29.017631337928858,27.848603930487485,28.92846810247234,6930400
2025-08-04,28.849214553833008,29.017633802934277,28.234979089577724,28.56191035081992,5493500
2025-08-05,29.34456443786621,29.453540262879546,28.566862414782445,29.225679486491792,3578800
2025-08-06,29.27521324157715,30.333282675684462,29.20586447522408,30.15693839987063,4903000
2025-08-07,29.820100784301758,29.899356789531566,28.750143768893235,29.790379073736,4252900
2025-08-08,29.889448165893555,30.58293959668757,29.64177292484028,29.919169875080314,4868100
2025-08-11,29.057260513305664,30.231240679674006,28.968097271342273,29.96870551701081,8075700
2025-08-12,31.19455337524414,31.313845047795255,29.43501495167212,29.55430472814642,7308700
2025-08-13,31.5424861907959,31.56634452592991,31.04544101831159,31.462959039041483,4157000
2025-08-14,31.14484977722168,31.254200319613794,30.349578276397644,30.896327196204567,4725700
2025-08-15,31.085206985473633,31.3536118461353,30.77703759905011,31.2044967706053,5523000
2025-08-18,29.45489501953125,30.76212430668498,29.21631357291557,30.588159261051715,7364600
2025-08-19,29.67359733581543,29.97182368247614,29.401216412977135,29.57418792156957,3961300
2025-08-20,29.15667152404785,29.546355160283746,28.96878925647123,29.28590244251813,3463900
2025-08-21,29.335607528686523,29.435016946536805,28.74909404905449,28.868385729690218,3101600
2025-08-22,31.492782592773438,31.969945505736217,29.315724195275056,29.39525134743552,8535400
2025-08-25,31.612071990966797,31.90035909911278,31.31682817686867,31.363549406458954,3896700
2025-08-26,31.761186599731445,32.187652198028886,31.313845195648593,31.413254607231096,3652000
2025-08-27,31.612071990966797,31.72042899062694,30.826741609881974,31.244259627698224,3698000
2025-08-28,31.73136329650879,32.158820544182895,31.174673244591602,31.880476466262717,3678400
2025-08-29,31.999767303466797,32.2781151827595,31.61207267005078,31.711482085204775,4180500
2025-09-02,30.757156372070312,30.995737831738257,30.031468965827138,30.916210678515608,8241200
2025-09-03,30.926151275634766,31.259170631479886,30.101056364168976,30.429106102557135,6133600
2025-09-04,31.10508918762207,31.124969554387235,30.39928402534283,30.677630016901496,5865500
2025-09-05,31.641897201538086,31.880478668843015,30.80686111793235,31.542487782808458,5686300
2025-09-08,31.85065460205078,31.955033630065167,30.6527739522671,31.82082931393695,6672000
2025-09-09,31.085206985473633,32.71551462017067,31.070294340274465,31.999768325072893,6652800
2025-09-10,30.74721336364746,31.91029719748818,30.57821793635768,31.11502571381672,6482500
2025-09-11,32.099178314208984,32.16379282178886,30.528513740848354,30.82674198351856,6107200
2025-09-12,33.04356384277344,33.25232189946124,32.178702535660605,32.178702535660605,8313400
2025-09-15,33.401432037353516,33.94818472746971,33.20261701420598,33.381553568761554,5656800
2025-09-16,33.28214645385742,34.047596524204586,32.91930557800862,33.659901871257546,5921600
2025-09-17,32.665809631347656,33.93824407067318,32.536576823555606,32.804981674129664,6699200
2025-09-18,32.526634216308594,33.101217501432124,32.45207668907562,33.05350083568915,4318800
2025-09-19,32.26817321777344,32.795043704256386,32.08923664382133,32.57634260450294,6383100
2025-09-22,32.437171936035156,32.447111171831295,31.602135819459175,31.810893900564654,4758300
2025-09-23,31.343669891357422,32.775160547873554,30.846624708852353,32.476930404647476,7983300
2025-09-24,31.045440673828125,31.84071218254786,30.921179382085864,31.572309233402976,7167700
2025-09-25,31.264141082763672,31.656805315135177,30.627921993508615,31.025557739245027,5327500
2025-09-26,32.516693115234375,32.63598668273085,31.264140993750082,31.363548507843557,6488900
2025-09-29,33.64995574951172,33.719541768403715,32.76521597318179,33.38155470073037,7467900
2025-09-30,32.69563293457031,33.26723567798913,31.791010814362384,33.26723567798913,8584200
2025-10-01,33.64995574951172,34.1271224392763,32.660836944843794,32.80498049602111,5804300
2025-10-02,34.624168395996094,34.83789417883571,33.7692500960228,33.86865761325768,8145900
2025-10-03,34.29611587524414,35.04168361166249,34.147000811099026,34.932333070243224,5786900
2025-10-06,33.59031677246094,35.28027127359624,33.57043450866475,34.74346152756137,5365900
2025-10-07,35.32002639770508,35.653049523190916,33.81895174503382,33.898476995430244,11291400
2025-10-08,36.84098815917969,37.35791557411082,36.17494568127,36.26441396062642,10564600
2025-10-09,36.781341552734375,37.864900144757826,36.56264047055329,37.854960910183046,9033000
2025-10-10,34.813045501708984,37.12927411113381,34.803102474320234,36.840990783475455,7317600
2025-10-13,36.03577423095703,36.68193445816668,35.39955703058954,36.194828531048906,6299500
2025-10-14,35.538734436035156,36.199805511186106,34.92239940412248,35.23056502400171,5867100
2025-10-15,36.244529724121094,36.44334853320584,35.40452603877192,36.08547543528397,5311000
2025-10-16,36.91057586669922,37.67602589352632,36.334001641756565,36.6322279892097,5978000
2025-10-17,35.75743103027344,36.54176597886172,35.429379395206766,36.363826749284875,4397900
2025-10-20,38.729759216308594,39.047867825679006,36.125243555030664,36.29423709469143,10907900
2025-10-21,37.009979248046875,37.775429189309705,35.85683471921724,37.73566466951995,8781500
2025-10-22,35.43932342529297,37.308210602034805,35.240504591639585,37.159099320910144,9566800
2025-10-23,39.90278625488281,41.304453504165636,37.462296404548276,37.462296404548276,20278200
2025-10-24,39.187042236328125,39.74373423244406,37.556734566747,38.25259861385342,10623400
2025-10-27,39.664207458496094,40.56882954758406,39.10950257222221,39.50515315026592,7207000
2025-10-28,39.077693939208984,39.70396814403099,38.85899284359594,39.510120824611725,6073400
2025-10-29,38.6800537109375,39.76361229773698,38.47129565649124,39.71390854079552,6292800
2025-10-30,36.54275894165039,37.77543262207629,36.08547829897372,37.77543262207629,10180200
2025-10-31,36.57258605957031,36.8012263923448,36.20476988792304,36.8012263923448,4578300
2025-11-03,36.980159759521484,37.119331794178876,36.378735585664316,36.75151944656241,5225600
2025-11-04,35.14610290527344,36.55454069764575,35.101250087588106,35.78403879723013,4886100
2025-11-05,35.62455749511719,36.142874491149904,35.14610460245175,35.38533104878447,5215100
2025-11-06,36.581451416015625,37.37886647364507,35.684357099698175,35.90364766643687,8742000
2025-11-07,37.1994514465332,37.458613743472924,35.425202285043376,35.94352307654749,4693800
2025-11-10,38.664703369140625,39.04347317418625,38.09654485919697,38.415510906801295,5676500
2025-11-11,37.35893249511719,38.74942685394239,37.234336267291006,38.66470233159061,4301500
2025-11-12,39.90069580078125,40.24956752902475,38.02178631024739,38.046703275023575,8544700
2025-11-13,38.0666389465332,40.11998619257339,37.56825402488633,40.050212607732846,7396100
2025-11-14,37.46857833862305,38.021785902550306,36.302355651671604,36.70106510756743,4371700
2025-11-17,35.664424896240234,36.920357067559806,35.24578337405059,36.90042121378287,6772200
2025-11-18,36.43193817138672,36.75090422720205,35.05639467919853,35.31555697603306,5739900
2025-11-19,36.60139083862305,37.03996821251357,36.11297192933846,36.402036104172694,4079300
2025-11-20,35.714263916015625,38.1563468948425,35.43516578517466,37.289158229698366,5687500
2025-11-21,36.222618103027344,36.84559928682847,35.00655761548743,35.39529726579927,5183000
2025-11-24,38.59492874145508,38.709555141705074,36.511679660470286,36.89044945528561,4911600
2025-11-25,39.07337951660156,39.6315682081689,38.36567382414995,38.74444363560628,5008800
2025-11-26,41.43572235107422,42.02381671453814,39.472084530251834,39.472084530251834,7662000
2025-11-28,41.60517501831055,42.033782553629536,41.346012729187215,42.033782553629536,3769000
2025-12-01,41.515464782714844,42.59197421778964,41.31611005699725,41.684913828030965,7454900
2025-12-02,41.31610870361328,42.092591703579956,41.166591713629,41.51546342280065,5932400
2025-12-03,43.957550048828125,44.814772751312695,42.18330088476725,42.27301032578018,8937500
2025-12-04,43.86783981323242,44.31638701017248,43.379424711745116,43.808036055223916,5540500
2025-12-05,43.62861633300781,44.69715220172202,43.589740849153635,44.10706539970261,5135400
2025-12-08,44.316383361816406,44.55560978128182,42.900972103968776,43.847904152358005,7234700
2025-12-09,43.329586029052734,44.39114453655129,43.20000488558396,43.504019990044256,4859800
2025-12-10,44.49580383300781,44.625384973330995,42.6218755203632,43.63858118565841,8209400
2025-12-11,47.08740997314453,47.326632610792025,44.35625887710466,44.35625887710466,8980500
2025-12-12,45.99095916748047,47.962570522288416,45.67199312732121,46.94785728795825,7533600
2025-12-15,45.34306335449219,46.529218138658,45.253353913513244,46.5092822848432,3853800
2025-12-16,46.409603118896484,46.808308756286266,45.5125087806132,45.851410663700776,4553000
2025-12-17,46.688697814941406,47.675501594865544,46.50927894586429,47.04753555309564,4564100
2025-12-18,48.02437210083008,48.5725947626911,46.878085242268185,47.09737582796269,5808000
2025-12-19,51.08445358276367,51.50309508454577,48.38320826685976,48.50281958131534,9579700
2025-12-22,53.54647445678711,53.812610287855634,51.58283674928151,51.82206317246811,8577200
2025-12-23,53.47670364379883,54.1844093203662,52.9085451369912,54.1844093203662,5557800
2025-12-24,53.45676803588867,53.85348124922217,52.82880196671362,53.825571815142176,1884200
2025-12-26,54.074764251708984,54.2541831285314,53.56641330229562,54.244213300721704,3152800
2025-12-29,53.5963134765625,53.765762520186584,52.101158752173134,52.33041535362783,4211000
2025-12-30,54.204341888427734,54.64291922428874,53.60627773693549,54.55320979168365,3457300
2025-12-31,52.96834945678711,54.40370048070697,52.46996452956498,54.214311774842415,5678900
2026-01-02,56.35736846923828,56.427142054842506,53.835538152488155,53.94518344483058,5897500
2026-01-05,61.24153518676758,61.560501218804774,57.31426354082518,57.88242202303988,9786100
2026-01-06,63.35469436645508,64.79801899515023,61.530603677475916,61.530603677475916,12386000
2026-01-07,62.5373420715332,63.06562887535328,60.81292688468138,61.450862782773356,10645900
2026-01-08,60.892669677734375,61.22160174769949,58.28113376159774,59.367613039293445,12068600
2026-01-09,63.464332580566406,63.578962782850596,60.45010238036973,60.96244200673972,7025300
2026-01-12,65.45787048339844,65.83664787179134,63.31481770980048,63.947764855332025,8723000
2026-01-13,65.15884399414062,66.02602884552032,64.19197607983224,64.56576475156487,6903900
2026-01-14,64.3614273071289,66.73373675332681,64.23184996756672,65.50771412702609,10871600
2026-01-15,63.6038818359375,64.5209120223829,63.45436484609449,64.2517799197155,11655500
2026-01-16,59.87596130371094,63.145365015765904,59.7563499929315,62.58717636387848,12282500
2026-01-20,61.919342041015625,62.093776004357295,59.39751553631124,59.53706270698458,8466800
2026-01-21,63.66368865966797,64.50097547793551,62.84135278063062,63.31482073637949,6502800
2026-01-22,62.9360466003418,64.79003909672028,62.18348431232254,64.29165418059166,8993400
2026-01-23,62.00904846191406,62.33798432167198,57.32422963263862,60.593637168395226,11525900
2026-01-26,58.36087417602539,63.504206469230844,58.126632652016355,63.504206469230844,10177700
2026-01-27,59.467288970947266,60.78302486592614,57.324232277108464,57.56844362754315,7189700
2026-01-28,59.81615447998047,60.87273184487293,58.61504883907859,60.63350922038317,5663900
2026-01-29,60.444122314453125,63.33376014075019,58.9190656804227,62.846337469812404,8028900
2026-01-30,56.626495361328125,59.696544457791646,55.74435193322426,58.16151800837231,9187600
2026-02-02,58.02197265625,58.41071229339203,56.12811220308045,56.61652730530368,9852300
2026-02-03,61.15182876586914,61.171764619150686,59.15330795467836,60.03544759872919,8386000
2026-02-04,57.97213363647461,61.86252619321654,56.78597889789505,61.600375239071084,10794300
2026-02-05,56.19788360595703,57.30429871630289,55.12137037349886,56.526815669846954,7568200
2026-02-06,58.96890640258789,59.84606496840446,57.63323460101223,57.83258933902172,5781200
2026-02-09,62.1585693359375,62.66692029360203,58.48048610375332,59.158289915556225,6878800
2026-02-10,61.56050109863281,63.13539920582028,60.54379924998334,61.77979167112095,6640600
2026-02-11,62.946014404296875,64.57074644093136,61.26047478616147,63.264980436174504,7494000
2026-02-12,60.31454086303711,63.53411076658131,58.75958235859178,63.27494848092365,8451400
2026-02-13,59.756351470947266,60.14509109237682,56.53678540855295,58.63000050965448,8968800
2026-02-17,57.28436279296875,58.809419401362696,54.862211825298886,58.70974394027653,8265100
2026-02-18,60.01551055908203,60.93752189146995,58.061842604612735,58.819386002460476,4962000
2026-02-19,59.497188568115234,59.596867830503534,57.07005651517988,58.21135840349422,4916500
2026-02-20,60.29460906982422,61.09202417837586,58.709744878038705,59.00877506844867,6818400
2026-02-23,59.61680603027344,60.82289663484627,58.02197199064283,59.80619093270526,3887900
2026-02-24,61.21163558959961,62.45759788689839,59.3775789358808,59.646707248382356,5011300
2026-02-25,64.69036102294922,66.0060968442236,62.13862898652691,62.392806348156626,10152500
2026-02-26,63.26498031616211,63.89793126742564,60.91260298374573,63.38459162729556,5249400
2026-02-27,61.87947463989258,63.46433506460358,61.072089685664594,62.44763315503904,3991700
2026-03-02,63.87301254272461,65.01929936837539,62.01902005021994,62.79649930099603,6904700
2026-03-03,63.6337890625,64.550819326038,57.663135829722314,61.94924934021188,10630200
2026-03-04,61.35118103027344,68.17905650855676,60.792992370327696,66.24532064410167,13991900
2026-03-05,60.184967041015625,63.24505030004845,58.46055558708062,60.92257463050786,7386800
2026-03-06,59.45732498168945,59.89590236091019,56.566690802966576,58.07181165172723,5624700
2026-03-09,60.962440490722656,61.97914613758441,56.44707453756827,57.653165076564804,6902300
2026-03-10,61.2120475769043,62.12059353526456,60.616999124194855,61.44167965334672,3977400
2026-03-11,66.25397491455078,66.35381361760949,60.663921607837025,60.82266415546375,7241500
2026-03-12,65.82466125488281,67.39215249716574,64.24219458808801,66.39375023794847,8049900
2026-03-13,63.4884033203125,67.92130822482149,62.87937729919744,66.97282907309418,5745100
2026-03-16,66.49359130859375,67.59183230940558,64.3170740012954,64.43688501886224,6462400
2026-03-17,65.31547546386719,68.05110320108368,65.21064748988623,66.69327548811336,5460600
2026-03-18,64.12738037109375,65.65493460679951,63.52833673124271,64.38695947373851,4742000
2026-03-19,58.556297302246094,59.77434553678069,55.7108484191375,59.77434553678069,10553500
2026-03-20,56.35980987548828,59.69447366715894,55.601022004381015,57.842437881391604,7744600
2026-03-23,55.99040222167969,58.00717149484153,55.01196462642763,56.97881835543888,6089700
2026-03-24,56.58944320678711,57.25837092601861,54.97303038568687,55.591040897293475,6450500
2026-03-25,58.60621643066406,59.075462927090356,57.33824503837523,58.2967103430872,4045800
2026-03-26,57.507972717285156,59.2352121007384,57.17850192867103,57.228421283478916,2933900
2026-03-27,58.31667709350586,59.16531750909882,57.31827481228946,57.537924532909855,3328700
2026-03-30,63.118995666503906,65.89455288756045,62.03073698919858,63.89774825460407,13009100
2026-03-31,66.22402954101562,67.34223529525839,64.59662883950024,64.7663630276596,8416700
2026-04-01,71.94486999511719,72.05469486160698,66.65334217725136,67.47203178922635,10652000
2026-04-02,71.41571807861328,71.86300037640991,69.63856313422743,70.6669163244818,5840100
2026-04-06,70.89655303955078,72.12458366499139,68.80988816612582,71.80509521752984,4149900
2026-04-07,72.84342956542969,73.26175884180982,71.17111031375218,71.76515327296589,4296100
2026-04-08,71.64534759521484,72.18448572429745,68.06107955664848,71.38576087738885,7139200
2026-04-09,73.1529312133789,75.57904904219465,72.83344279060996,73.0730648205903,6138300
2026-04-10,72.91331481933594,75.06986732733004,72.74358826561547,74.1014159297885,3186800
2026-04-13,73.19287109375,74.35102143253823,72.37418150216718,72.8833688143727,3293600
2026-04-14,71.7252197265625,73.76196139370279,71.03632729860415,73.712045847529,3829600
2026-04-15,70.26754760742188,71.89494814980816,70.0578840490025,71.7052492848172,3567700
2026-04-16,70.2975082397461,72.30429133954846,69.64854523385564,70.7567723747996,6297800
2026-04-17,65.5151596069336,67.42210397899004,62.92929377034436,64.94107373217265,10626200
2026-04-20,66.4237060546875,67.10062423862803,65.1058152786461,66.10421761253217,5366700
2026-04-21,67.04271697998047,67.05270313594855,65.36540078598495,66.55350197841662,4403400
2026-04-22,68.4205093383789,69.26416051219924,66.80310246521344,68.320670630451,4898000
2026-04-23,65.26556396484375,68.1209952778576,65.04591423042646,67.63177264494443,3553000
2026-04-24,65.904541015625,66.38177416842461,64.57167479730747,65.54511556156123,2426700
2026-04-27,67.25238037109375,67.44706851731907,65.69487520129121,66.22402720809822,3658000
2026-04-28,63.06907272338867,66.3288556886633,62.99918486568007,66.17410454782319,3806700
2026-04-29,62.360206604003906,63.74798518851344,61.661324233851644,63.73800284132095,2762200
2026-04-30,63.68808364868164,64.12738309830877,62.01076747952947,63.458451576650425,2799800
2026-05-01,62.529937744140625,63.79790913492224,62.47003223444137,63.4684345444802,3034600
2026-05-04,62.360206604003906,62.85940775288374,60.96244567230189,62.470031466133875,4657900
2026-05-05,62.959251403808594,64.19727195115355,62.64974531482171,63.398547051652244,2774200
2026-05-06,63.15892791748047,63.69806607435828,61.80110398665852,63.44347242106556,4059600
2026-05-07,62.539920806884766,64.94607405786213,62.43009594214774,64.77633987413795,3682300
2026-05-08,63.07905578613281,63.847825991831016,62.599823153087655,63.77793813754958,2794300
2026-05-11,65.23560333251953,65.72482594920751,63.688084321076374,63.987600443998375,6877600
2026-05-12,67.511962890625,67.90133915876841,63.150938023332195,64.10740756169372,5100900
2026-05-13,68.33065795898438,69.61859787980978,67.10261974050262,68.52034922214102,6127300
2026-05-14,65.91451263427734,67.96124027629682,65.73479992611365,67.96124027629682,3893800
2026-05-15,62.43009567260742,63.92769914833172,61.671311587358915,63.68309164703881,3980600
2026-05-18,62.4900016784668,63.24878576973474,61.41172533926209,62.91931498293505,3691500
2026-05-19,63.93000030517578,64.62000274658203,60.90999984741211,61.59000015258789,4432100
2026-05-20,64.13999938964844,65.73999786376953,63.619998931884766,65.05000305175781,4023700
2026-05-21,66.2699966430664,66.4800033569336,64.01499938964844,64.16000366210938,3294500
2026-05-22,71.37999725341797,72.8499984741211,67.31999969482422,67.63999938964844,6952400
2026-05-26,74.56999969482422,75.56999969482422,72.36000061035156,72.5,5124400
2026-05-27,73.1500015258789,73.19999694824219,70.66999816894531,71.30999755859375,3278800
2026-05-28,75.58000183105469,75.91999816894531,72.30000305175781,72.7699966430664,3323900
2026-05-29,77.63999938964844,77.72000122070312,74.91000366210938,75.80999755859375,4500600
2026-06-01,77.76000213623047,79.60600280761719,76.20999908447266,77.76499938964844,3697900
2026-06-02,83.79000091552734,84.37999725341797,78.37999725341797,78.69999694824219,6754300
2026-06-03,80.86000061035156,82.88999938964844,80.45800018310547,82.45999908447266,4240600
2026-06-04,78.0199966430664,80.73999786376953,77.7300033569336,79.13999938964844,4768700
2026-06-05,71.88999938964844,76.61000061035156,71.36000061035156,76.61000061035156,5738700
2026-06-08,73.44000244140625,75.30999755859375,73.25,74.9800033569336,3423800
2026-06-09,72.41000366210938,74.54000091552734,69.31800079345703,74.54000091552734,4386500
2026-06-10,65.55000305175781,71.66999816894531,65.45999908447266,70.2300033569336,6535700
2026-06-11,68.9800033569336,69.23999786376953,65.77999877929688,66.33000183105469,4640600
2026-06-12,68.7699966430664,70.13099670410156,67.88999938964844,69.66999816894531,3934700
2026-06-15,64.16000366210938,66.29000091552734,61.5099983215332,66.29000091552734,12468700
2026-06-16,62.869998931884766,63.599998474121094,62.04999923706055,63.505001068115234,5111400
2026-06-17,61.72999954223633,64.26000213623047,61.119998931884766,62.65999984741211,5159900
2026-06-18,59.369998931884766,61.779998779296875,58.98500061035156,61.20000076293945,6952700
2026-06-22,58.349998474121094,58.91999816894531,57.34000015258789,58.689998626708984,6492000
2026-06-23,55.08000183105469,55.869998931884766,54.459999084472656,55.71500015258789,6572600
2026-06-24,52.29999923706055,53.97999954223633,51.81999969482422,53.72999954223633,6860600
2026-06-25,53.08000183105469,53.375,51.220001220703125,52.90999984741211,5659700
2026-06-26,54.099998474121094,54.66999816894531,52.20000076293945,52.20000076293945,6859300
2026-06-29,53.470001220703125,55.22999954223633,52.5,53.93000030517578,6445600
2026-06-30,52.13999938964844,54.59000015258789,52.0099983215332,54.2400016784668,5899700
2026-07-01,47.47999954223633,48.959999084472656,46.0099983215332,48.845001220703125,17032100
2026-07-02,48.68000030517578,50.729000091552734,48.02000045776367,48.66999816894531,9898200
2026-07-06,49.869998931884766,51.029998779296875,48.72999954223633,48.84000015258789,7297700
2026-07-07,49.0099983215332,49.52000045776367,47.650001525878906,49.20000076293945,5582600
2026-07-08,48.5099983215332,49.685001373291016,47.13999938964844,47.900001525878906,7154700
2026-07-09,48.720001220703125,49.18299865722656,47.619998931884766,48.349998474121094,5044300
2026-07-10,48.68000030517578,49.39899826049805,48.220001220703125,48.70000076293945,4987900
