country,city,date,congestion,diffRatio
Saudi Arabia,Riyadh,2019-12-30,18,0.2
Saudi Arabia,Riyadh,2019-12-31,20,0.3333333333333333
Saudi Arabia,Riyadh,2020-01-01,19,0.2666666666666666
Saudi Arabia,Riyadh,2020-01-02,18,0.0
Saudi Arabia,Riyadh,2020-01-03,7,-0.3
Saudi Arabia,Riyadh,2020-01-04,9,0.0
Saudi Arabia,Riyadh,2020-01-05,18,0.2857142857142857
Saudi Arabia,Riyadh,2020-01-06,14,-0.0666666666666666
Saudi Arabia,Riyadh,2020-01-07,13,-0.1333333333333333
Saudi Arabia,Riyadh,2020-01-08,12,-0.2
Saudi Arabia,Riyadh,2020-01-09,13,-0.2777777777777778
Saudi Arabia,Riyadh,2020-01-10,6,-0.4
Saudi Arabia,Riyadh,2020-01-11,8,-0.1111111111111111
Saudi Arabia,Riyadh,2020-01-12,11,-0.2142857142857142
Saudi Arabia,Riyadh,2020-01-13,13,-0.1333333333333333
Saudi Arabia,Riyadh,2020-01-14,13,-0.1333333333333333
Saudi Arabia,Riyadh,2020-01-15,14,-0.0666666666666666
Saudi Arabia,Riyadh,2020-01-16,14,-0.2222222222222222
Saudi Arabia,Riyadh,2020-01-17,8,-0.2
Saudi Arabia,Riyadh,2020-01-18,9,0.0
Saudi Arabia,Riyadh,2020-01-19,14,0.0
Saudi Arabia,Riyadh,2020-01-20,18,0.2
Saudi Arabia,Riyadh,2020-01-21,18,0.2
Saudi Arabia,Riyadh,2020-01-22,17,0.1333333333333333
Saudi Arabia,Riyadh,2020-01-23,20,0.1111111111111111
Saudi Arabia,Riyadh,2020-01-24,8,-0.2
Saudi Arabia,Riyadh,2020-01-25,8,-0.1111111111111111
Saudi Arabia,Riyadh,2020-01-26,19,0.3571428571428571
Saudi Arabia,Riyadh,2020-01-27,27,0.8
Saudi Arabia,Riyadh,2020-01-28,28,0.8666666666666667
Saudi Arabia,Riyadh,2020-01-29,26,0.7333333333333333
Saudi Arabia,Riyadh,2020-01-30,28,0.5555555555555556
Saudi Arabia,Riyadh,2020-01-31,12,0.2
Saudi Arabia,Riyadh,2020-02-01,12,0.3333333333333333
Saudi Arabia,Riyadh,2020-02-02,24,0.7142857142857143
Saudi Arabia,Riyadh,2020-02-03,25,0.6666666666666666
Saudi Arabia,Riyadh,2020-02-04,23,0.5333333333333333
Saudi Arabia,Riyadh,2020-02-05,22,0.4666666666666667
Saudi Arabia,Riyadh,2020-02-06,23,0.2777777777777778
Saudi Arabia,Riyadh,2020-02-07,9,-0.1
Saudi Arabia,Riyadh,2020-02-08,10,0.1111111111111111
Saudi Arabia,Riyadh,2020-02-09,19,0.3571428571428571
Saudi Arabia,Riyadh,2020-02-10,22,0.4666666666666667
Saudi Arabia,Riyadh,2020-02-11,20,0.3333333333333333
Saudi Arabia,Riyadh,2020-02-12,17,0.1333333333333333
Saudi Arabia,Riyadh,2020-02-13,20,0.1111111111111111
Saudi Arabia,Riyadh,2020-02-14,8,-0.2
Saudi Arabia,Riyadh,2020-02-15,9,0.0
Saudi Arabia,Riyadh,2020-02-16,18,0.2857142857142857
Saudi Arabia,Riyadh,2020-02-17,17,0.1333333333333333
Saudi Arabia,Riyadh,2020-02-18,18,0.2
Saudi Arabia,Riyadh,2020-02-19,18,0.2
Saudi Arabia,Riyadh,2020-02-20,20,0.1111111111111111
Saudi Arabia,Riyadh,2020-02-21,8,-0.2
Saudi Arabia,Riyadh,2020-02-22,6,-0.3333333333333333
Saudi Arabia,Riyadh,2020-02-23,15,0.0714285714285714
Saudi Arabia,Riyadh,2020-02-24,17,0.1333333333333333
Saudi Arabia,Riyadh,2020-02-25,18,0.2
Saudi Arabia,Riyadh,2020-02-26,13,-0.1333333333333333
Saudi Arabia,Riyadh,2020-02-27,26,0.4444444444444444
Saudi Arabia,Riyadh,2020-02-28,12,0.2
Saudi Arabia,Riyadh,2020-02-29,12,0.3333333333333333
Saudi Arabia,Riyadh,2020-03-01,19,0.3571428571428571
Saudi Arabia,Riyadh,2020-03-02,20,0.3333333333333333
Saudi Arabia,Riyadh,2020-03-03,21,0.4
Saudi Arabia,Riyadh,2020-03-04,20,0.3333333333333333
Saudi Arabia,Riyadh,2020-03-05,22,0.2222222222222222
Saudi Arabia,Riyadh,2020-03-06,10,0.0
Saudi Arabia,Riyadh,2020-03-07,9,0.0
Saudi Arabia,Riyadh,2020-03-08,16,0.1428571428571428
Saudi Arabia,Riyadh,2020-03-09,10,-0.3333333333333333
Saudi Arabia,Riyadh,2020-03-10,10,-0.3333333333333333
Saudi Arabia,Riyadh,2020-03-11,8,-0.4666666666666667
Saudi Arabia,Riyadh,2020-03-12,9,-0.5
Saudi Arabia,Riyadh,2020-03-13,3,-0.7
Saudi Arabia,Riyadh,2020-03-14,3,-0.6666666666666666
Saudi Arabia,Riyadh,2020-03-15,4,-0.7142857142857143
Saudi Arabia,Riyadh,2020-03-16,2,-0.8666666666666667
Saudi Arabia,Riyadh,2020-03-17,1,-0.9333333333333332
Saudi Arabia,Riyadh,2020-03-18,0,-1.0
Saudi Arabia,Riyadh,2020-03-19,1,-0.9444444444444444
Saudi Arabia,Riyadh,2020-03-20,0,-1.0
Saudi Arabia,Riyadh,2020-03-21,0,-1.0
Saudi Arabia,Riyadh,2020-03-22,0,-1.0
Saudi Arabia,Riyadh,2020-03-23,0,-1.0
Saudi Arabia,Riyadh,2020-03-24,0,-1.0
Saudi Arabia,Riyadh,2020-03-25,1,-0.9333333333333332
Saudi Arabia,Riyadh,2020-03-26,2,-0.8888888888888888
Saudi Arabia,Riyadh,2020-03-27,0,-1.0
Saudi Arabia,Riyadh,2020-03-28,1,-0.8888888888888888
Saudi Arabia,Riyadh,2020-03-29,3,-0.7857142857142857
Saudi Arabia,Riyadh,2020-03-30,2,-0.8666666666666667
Saudi Arabia,Riyadh,2020-03-31,2,-0.8666666666666667
Saudi Arabia,Riyadh,2020-04-01,2,-0.8666666666666667
Saudi Arabia,Riyadh,2020-04-02,2,-0.8888888888888888
Saudi Arabia,Riyadh,2020-04-03,0,-1.0
Saudi Arabia,Riyadh,2020-04-04,1,-0.8888888888888888
Saudi Arabia,Riyadh,2020-04-05,3,-0.7857142857142857
Saudi Arabia,Riyadh,2020-04-06,4,-0.7333333333333333
Saudi Arabia,Riyadh,2020-04-07,4,-0.7333333333333333
Saudi Arabia,Riyadh,2020-04-08,5,-0.6666666666666666
Saudi Arabia,Riyadh,2020-04-09,4,-0.7777777777777778
Saudi Arabia,Riyadh,2020-04-10,2,-0.8
Saudi Arabia,Riyadh,2020-04-11,5,-0.4444444444444444
Saudi Arabia,Riyadh,2020-04-12,11,-0.2142857142857142
Saudi Arabia,Riyadh,2020-04-13,8,-0.4666666666666667
Saudi Arabia,Riyadh,2020-04-14,7,-0.5333333333333333
Saudi Arabia,Riyadh,2020-04-15,7,-0.5333333333333333
Saudi Arabia,Riyadh,2020-04-16,7,-0.6111111111111112
Saudi Arabia,Riyadh,2020-04-17,3,-0.7
Saudi Arabia,Riyadh,2020-04-18,5,-0.4444444444444444
Saudi Arabia,Riyadh,2020-04-19,7,-0.5
Saudi Arabia,Riyadh,2020-04-20,8,-0.4666666666666667
Saudi Arabia,Riyadh,2020-04-21,6,-0.6
Saudi Arabia,Riyadh,2020-04-22,4,-0.7333333333333333
Saudi Arabia,Riyadh,2020-04-23,5,-0.7222222222222222
Saudi Arabia,Riyadh,2020-04-24,1,-0.9
Saudi Arabia,Riyadh,2020-04-25,2,-0.7777777777777778
Saudi Arabia,Riyadh,2020-04-26,1,-0.9285714285714286
Saudi Arabia,Riyadh,2020-04-27,1,-0.9333333333333332
Saudi Arabia,Riyadh,2020-04-28,1,-0.9333333333333332
Saudi Arabia,Riyadh,2020-04-29,2,-0.8666666666666667
Saudi Arabia,Riyadh,2020-04-30,2,-0.8888888888888888
Saudi Arabia,Riyadh,2020-05-01,0,-1.0
Saudi Arabia,Riyadh,2020-05-02,0,-1.0
Saudi Arabia,Riyadh,2020-05-03,2,-0.8571428571428571
Saudi Arabia,Riyadh,2020-05-04,2,-0.8666666666666667
Saudi Arabia,Riyadh,2020-05-05,1,-0.9333333333333332
Saudi Arabia,Riyadh,2020-05-06,1,-0.9333333333333332
Saudi Arabia,Riyadh,2020-05-07,1,-0.9444444444444444
Saudi Arabia,Riyadh,2020-05-08,0,-1.0
Saudi Arabia,Riyadh,2020-05-09,0,-1.0
Saudi Arabia,Riyadh,2020-05-10,2,-0.8571428571428571
Saudi Arabia,Riyadh,2020-05-11,3,-0.8
Saudi Arabia,Riyadh,2020-05-12,4,-0.7333333333333333
Saudi Arabia,Riyadh,2020-05-13,1,-0.9333333333333332
Saudi Arabia,Riyadh,2020-05-14,1,-0.9444444444444444
Saudi Arabia,Riyadh,2020-05-15,0,-1.0
Saudi Arabia,Riyadh,2020-05-16,0,-1.0
Saudi Arabia,Riyadh,2020-05-17,1,-0.9285714285714286
Saudi Arabia,Riyadh,2020-05-18,1,-0.9333333333333332
Saudi Arabia,Riyadh,2020-05-19,1,-0.9333333333333332
Saudi Arabia,Riyadh,2020-05-20,2,-0.8666666666666667
Saudi Arabia,Riyadh,2020-05-21,3,-0.8333333333333334
Saudi Arabia,Riyadh,2020-05-22,3,-0.7
Saudi Arabia,Riyadh,2020-05-23,0,-1.0
Saudi Arabia,Riyadh,2020-05-24,0,-1.0
Saudi Arabia,Riyadh,2020-05-25,0,-1.0
Saudi Arabia,Riyadh,2020-05-26,0,-1.0
Saudi Arabia,Riyadh,2020-05-27,0,-1.0
Saudi Arabia,Riyadh,2020-05-28,0,-1.0
Saudi Arabia,Riyadh,2020-05-29,0,-1.0
Saudi Arabia,Riyadh,2020-05-30,0,-1.0
Saudi Arabia,Riyadh,2020-05-31,2,-0.8571428571428571
Saudi Arabia,Riyadh,2020-06-01,2,-0.8666666666666667
Saudi Arabia,Riyadh,2020-06-02,2,-0.8666666666666667
Saudi Arabia,Riyadh,2020-06-03,2,-0.8666666666666667
Saudi Arabia,Riyadh,2020-06-04,2,-0.8888888888888888
Saudi Arabia,Riyadh,2020-06-05,1,-0.9
Saudi Arabia,Riyadh,2020-06-06,1,-0.8888888888888888
Saudi Arabia,Riyadh,2020-06-07,2,-0.8571428571428571
Saudi Arabia,Riyadh,2020-06-08,1,-0.9333333333333332
Saudi Arabia,Riyadh,2020-06-09,2,-0.8666666666666667
Saudi Arabia,Riyadh,2020-06-10,2,-0.8666666666666667
Saudi Arabia,Riyadh,2020-06-12,1,-0.9
Saudi Arabia,Riyadh,2020-06-13,2,-0.7777777777777778
Saudi Arabia,Riyadh,2020-06-14,2,-0.8571428571428571
Saudi Arabia,Riyadh,2020-06-15,2,-0.8666666666666667
Saudi Arabia,Riyadh,2020-06-16,2,-0.8666666666666667
Saudi Arabia,Riyadh,2020-06-17,2,-0.8666666666666667
Saudi Arabia,Riyadh,2020-06-18,2,-0.8888888888888888
Saudi Arabia,Riyadh,2020-06-19,1,-0.9
Saudi Arabia,Riyadh,2020-06-20,2,-0.7777777777777778
Saudi Arabia,Riyadh,2020-06-21,2,-0.8571428571428571
Saudi Arabia,Riyadh,2020-06-22,2,-0.8666666666666667
Saudi Arabia,Riyadh,2020-06-23,2,-0.8666666666666667
Saudi Arabia,Riyadh,2020-06-24,2,-0.8666666666666667
Saudi Arabia,Riyadh,2020-06-25,3,-0.8333333333333334
Saudi Arabia,Riyadh,2020-06-26,2,-0.8
Saudi Arabia,Riyadh,2020-06-27,3,-0.6666666666666666
Saudi Arabia,Riyadh,2020-06-28,4,-0.7142857142857143
Saudi Arabia,Riyadh,2020-06-29,5,-0.6666666666666666
Saudi Arabia,Riyadh,2020-06-30,6,-0.6
Saudi Arabia,Riyadh,2020-07-01,3,-0.8
Saudi Arabia,Riyadh,2020-07-02,3,-0.8333333333333334
Saudi Arabia,Riyadh,2020-07-03,2,-0.8
Saudi Arabia,Riyadh,2020-07-04,3,-0.6666666666666666
Saudi Arabia,Riyadh,2020-07-05,3,-0.7857142857142857
Saudi Arabia,Riyadh,2020-07-06,3,-0.8
Saudi Arabia,Riyadh,2020-07-07,3,-0.8
Saudi Arabia,Riyadh,2020-07-08,3,-0.8
Saudi Arabia,Riyadh,2020-07-09,4,-0.7777777777777778
Saudi Arabia,Riyadh,2020-07-10,3,-0.7
Saudi Arabia,Riyadh,2020-07-11,3,-0.6666666666666666
Saudi Arabia,Riyadh,2020-07-12,3,-0.7857142857142857
Saudi Arabia,Riyadh,2020-07-13,3,-0.8
Saudi Arabia,Riyadh,2020-07-14,3,-0.8
Saudi Arabia,Riyadh,2020-07-15,3,-0.8
Saudi Arabia,Riyadh,2020-07-16,4,-0.7777777777777778
Saudi Arabia,Riyadh,2020-07-17,4,-0.6
Saudi Arabia,Riyadh,2020-07-18,3,-0.6666666666666666
Saudi Arabia,Riyadh,2020-07-19,3,-0.7857142857142857
Saudi Arabia,Riyadh,2020-07-20,3,-0.8
Saudi Arabia,Riyadh,2020-07-21,4,-0.7333333333333333
Saudi Arabia,Riyadh,2020-07-22,3,-0.8
Saudi Arabia,Riyadh,2020-07-23,6,-0.6666666666666666
Saudi Arabia,Riyadh,2020-07-24,3,-0.7
Saudi Arabia,Riyadh,2020-07-25,4,-0.5555555555555556
Saudi Arabia,Riyadh,2020-07-26,4,-0.7142857142857143
Saudi Arabia,Riyadh,2020-07-27,7,-0.5333333333333333
Saudi Arabia,Riyadh,2020-07-28,7,-0.5333333333333333
Saudi Arabia,Riyadh,2020-07-29,8,-0.4666666666666667
Saudi Arabia,Riyadh,2020-07-30,4,-0.7777777777777778
Saudi Arabia,Riyadh,2020-07-31,0,-1.0
Saudi Arabia,Riyadh,2020-08-01,1,-0.8888888888888888
Saudi Arabia,Riyadh,2020-08-02,1,-0.9285714285714286
Saudi Arabia,Riyadh,2020-08-03,1,-0.9333333333333332
Saudi Arabia,Riyadh,2020-08-04,1,-0.9333333333333332
Saudi Arabia,Riyadh,2020-08-05,1,-0.9333333333333332
Saudi Arabia,Riyadh,2020-08-06,3,-0.8333333333333334
Saudi Arabia,Riyadh,2020-08-07,2,-0.8
Saudi Arabia,Riyadh,2020-08-08,3,-0.6666666666666666
Saudi Arabia,Riyadh,2020-08-09,3,-0.7857142857142857
Saudi Arabia,Riyadh,2020-08-10,4,-0.7333333333333333
Saudi Arabia,Riyadh,2020-08-11,4,-0.7333333333333333
Saudi Arabia,Riyadh,2020-08-12,5,-0.6666666666666666
Saudi Arabia,Riyadh,2020-08-13,6,-0.6666666666666666
Saudi Arabia,Riyadh,2020-08-14,4,-0.6
Saudi Arabia,Riyadh,2020-08-15,3,-0.6666666666666666
Saudi Arabia,Riyadh,2020-08-16,5,-0.6428571428571429
Saudi Arabia,Riyadh,2020-08-17,5,-0.6666666666666666
Saudi Arabia,Riyadh,2020-08-18,4,-0.7333333333333333
Saudi Arabia,Riyadh,2020-08-19,4,-0.7333333333333333
Saudi Arabia,Riyadh,2020-08-20,5,-0.7222222222222222
Saudi Arabia,Riyadh,2020-08-21,5,-0.5
Saudi Arabia,Riyadh,2020-08-22,5,-0.4444444444444444
Saudi Arabia,Riyadh,2020-08-23,5,-0.6428571428571429
Saudi Arabia,Riyadh,2020-08-24,5,-0.6666666666666666
Saudi Arabia,Riyadh,2020-08-25,5,-0.6666666666666666
Saudi Arabia,Riyadh,2020-08-26,6,-0.6
Saudi Arabia,Riyadh,2020-08-27,10,-0.4444444444444444
Saudi Arabia,Riyadh,2020-08-28,6,-0.4
Saudi Arabia,Riyadh,2020-08-29,4,-0.5555555555555556
Saudi Arabia,Riyadh,2020-08-30,6,-0.5714285714285714
Saudi Arabia,Riyadh,2020-08-31,7,-0.5333333333333333
Saudi Arabia,Riyadh,2020-09-01,8,-0.4666666666666667
Saudi Arabia,Riyadh,2020-09-02,7,-0.5333333333333333
Saudi Arabia,Riyadh,2020-09-03,9,-0.5
Saudi Arabia,Riyadh,2020-09-04,5,-0.5
Saudi Arabia,Riyadh,2020-09-05,7,-0.2222222222222222
Saudi Arabia,Riyadh,2020-09-06,6,-0.5714285714285714
Saudi Arabia,Riyadh,2020-09-07,6,-0.6
Saudi Arabia,Riyadh,2020-09-08,6,-0.6
Saudi Arabia,Riyadh,2020-09-09,5,-0.6666666666666666
Saudi Arabia,Riyadh,2020-09-10,9,-0.5
Saudi Arabia,Riyadh,2020-09-11,6,-0.4
Saudi Arabia,Riyadh,2020-09-12,6,-0.3333333333333333
Saudi Arabia,Riyadh,2020-09-13,6,-0.5714285714285714
Saudi Arabia,Riyadh,2020-09-14,5,-0.6666666666666666
Saudi Arabia,Riyadh,2020-09-15,5,-0.6666666666666666
Saudi Arabia,Riyadh,2020-09-16,6,-0.6
Saudi Arabia,Riyadh,2020-09-17,8,-0.5555555555555556
Saudi Arabia,Riyadh,2020-09-18,5,-0.5
Saudi Arabia,Riyadh,2020-09-19,6,-0.3333333333333333
Saudi Arabia,Riyadh,2020-09-20,5,-0.6428571428571429
Saudi Arabia,Riyadh,2020-09-21,5,-0.6666666666666666
Saudi Arabia,Riyadh,2020-09-22,11,-0.2666666666666666
Saudi Arabia,Riyadh,2020-09-23,15,0.0
Saudi Arabia,Riyadh,2020-09-24,10,-0.4444444444444444
Saudi Arabia,Riyadh,2020-09-25,6,-0.4
Saudi Arabia,Riyadh,2020-09-26,5,-0.4444444444444444
Saudi Arabia,Riyadh,2020-09-27,7,-0.5
Saudi Arabia,Riyadh,2020-09-28,8,-0.4666666666666667
Saudi Arabia,Riyadh,2020-09-29,8,-0.4666666666666667
Saudi Arabia,Riyadh,2020-09-30,7,-0.5333333333333333
Saudi Arabia,Riyadh,2020-10-01,11,-0.3888888888888889
Saudi Arabia,Riyadh,2020-10-02,7,-0.3
Saudi Arabia,Riyadh,2020-10-03,6,-0.3333333333333333
Saudi Arabia,Riyadh,2020-10-04,7,-0.5
Saudi Arabia,Riyadh,2020-10-05,7,-0.5333333333333333
Saudi Arabia,Riyadh,2020-10-06,6,-0.6
Saudi Arabia,Riyadh,2020-10-07,7,-0.5333333333333333
Saudi Arabia,Riyadh,2020-10-08,9,-0.5
Saudi Arabia,Riyadh,2020-10-09,6,-0.4
Saudi Arabia,Riyadh,2020-10-10,6,-0.3333333333333333
Saudi Arabia,Riyadh,2020-10-11,7,-0.5
Saudi Arabia,Riyadh,2020-10-12,7,-0.5333333333333333
Saudi Arabia,Riyadh,2020-10-13,7,-0.5333333333333333
Saudi Arabia,Riyadh,2020-10-14,8,-0.4666666666666667
Saudi Arabia,Riyadh,2020-10-15,10,-0.4444444444444444
Saudi Arabia,Riyadh,2020-10-16,5,-0.5
Saudi Arabia,Riyadh,2020-10-17,5,-0.4444444444444444
Saudi Arabia,Riyadh,2020-10-18,6,-0.5714285714285714
Saudi Arabia,Riyadh,2020-10-19,7,-0.5333333333333333
Saudi Arabia,Riyadh,2020-10-20,7,-0.5333333333333333
Saudi Arabia,Riyadh,2020-10-21,7,-0.5333333333333333
Saudi Arabia,Riyadh,2020-10-22,9,-0.5
Saudi Arabia,Riyadh,2020-10-23,4,-0.6
Saudi Arabia,Riyadh,2020-10-24,5,-0.4444444444444444
Saudi Arabia,Riyadh,2020-10-25,7,-0.5
Saudi Arabia,Riyadh,2020-10-26,8,-0.4666666666666667
Saudi Arabia,Riyadh,2020-10-27,9,-0.4
Saudi Arabia,Riyadh,2020-10-28,11,-0.2666666666666666
Saudi Arabia,Riyadh,2020-10-29,12,-0.3333333333333333
Saudi Arabia,Riyadh,2020-10-30,6,-0.4
Saudi Arabia,Riyadh,2020-10-31,7,-0.2222222222222222
Saudi Arabia,Riyadh,2020-11-01,8,-0.4285714285714285
Saudi Arabia,Riyadh,2020-11-02,9,-0.4
Saudi Arabia,Riyadh,2020-11-03,9,-0.4
Saudi Arabia,Riyadh,2020-11-04,9,-0.4
Saudi Arabia,Riyadh,2020-11-05,10,-0.4444444444444444
Saudi Arabia,Riyadh,2020-11-06,4,-0.6
Saudi Arabia,Riyadh,2020-11-07,5,-0.4444444444444444
Saudi Arabia,Riyadh,2020-11-08,6,-0.5714285714285714
Saudi Arabia,Riyadh,2020-11-09,6,-0.6
Saudi Arabia,Riyadh,2020-11-10,7,-0.5333333333333333
Saudi Arabia,Riyadh,2020-11-11,8,-0.4666666666666667
Saudi Arabia,Riyadh,2020-11-12,10,-0.4444444444444444
Saudi Arabia,Riyadh,2020-11-13,5,-0.5
Saudi Arabia,Riyadh,2020-11-14,6,-0.3333333333333333
Saudi Arabia,Riyadh,2020-11-15,6,-0.5714285714285714
Saudi Arabia,Riyadh,2020-11-16,7,-0.5333333333333333
Saudi Arabia,Riyadh,2020-11-17,7,-0.5333333333333333
Saudi Arabia,Riyadh,2020-11-18,7,-0.5333333333333333
Saudi Arabia,Riyadh,2020-11-19,10,-0.4444444444444444
Saudi Arabia,Riyadh,2020-11-20,5,-0.5
Saudi Arabia,Riyadh,2020-11-21,5,-0.4444444444444444
Saudi Arabia,Riyadh,2020-11-22,6,-0.5714285714285714
Saudi Arabia,Riyadh,2020-11-23,6,-0.6
Saudi Arabia,Riyadh,2020-11-24,7,-0.5333333333333333
Saudi Arabia,Riyadh,2020-11-25,9,-0.4
Saudi Arabia,Riyadh,2020-11-26,13,-0.2777777777777778
Saudi Arabia,Riyadh,2020-11-27,7,-0.3
Saudi Arabia,Riyadh,2020-11-28,12,0.3333333333333333
Saudi Arabia,Riyadh,2020-11-29,9,-0.3571428571428571
Saudi Arabia,Riyadh,2020-11-30,13,-0.1333333333333333
Saudi Arabia,Riyadh,2020-12-01,17,0.1333333333333333
Saudi Arabia,Riyadh,2020-12-02,11,-0.2666666666666666
Saudi Arabia,Riyadh,2020-12-03,12,-0.3333333333333333
Saudi Arabia,Riyadh,2020-12-04,6,-0.4
Saudi Arabia,Riyadh,2020-12-05,8,-0.1111111111111111
Saudi Arabia,Riyadh,2020-12-06,9,-0.3571428571428571
Saudi Arabia,Riyadh,2020-12-07,9,-0.4
Saudi Arabia,Riyadh,2020-12-08,9,-0.4
Saudi Arabia,Riyadh,2020-12-09,8,-0.4666666666666667
Saudi Arabia,Riyadh,2020-12-10,11,-0.3888888888888889
Saudi Arabia,Riyadh,2020-12-11,5,-0.5
Saudi Arabia,Riyadh,2020-12-12,5,-0.4444444444444444
Saudi Arabia,Riyadh,2020-12-13,7,-0.5
Saudi Arabia,Riyadh,2020-12-14,8,-0.4666666666666667
Saudi Arabia,Riyadh,2020-12-15,7,-0.5333333333333333
Saudi Arabia,Riyadh,2020-12-16,8,-0.4666666666666667
Saudi Arabia,Riyadh,2020-12-17,9,-0.5
Saudi Arabia,Riyadh,2020-12-18,4,-0.6
Saudi Arabia,Riyadh,2020-12-19,4,-0.5555555555555556
Saudi Arabia,Riyadh,2020-12-20,7,-0.5
Saudi Arabia,Riyadh,2020-12-21,5,-0.6666666666666666
Saudi Arabia,Riyadh,2020-12-22,6,-0.6
Saudi Arabia,Riyadh,2020-12-23,7,-0.5333333333333333
Saudi Arabia,Riyadh,2020-12-24,10,-0.4444444444444444
Saudi Arabia,Riyadh,2020-12-25,4,-0.6
Saudi Arabia,Riyadh,2020-12-26,4,-0.5555555555555556
Saudi Arabia,Riyadh,2020-12-27,11,-0.2142857142857142
Saudi Arabia,Riyadh,2020-12-28,13,-0.1333333333333333
Saudi Arabia,Riyadh,2020-12-29,13,-0.1333333333333333
Saudi Arabia,Riyadh,2020-12-30,12,-0.2
Saudi Arabia,Riyadh,2020-12-31,11,-0.3888888888888889
Saudi Arabia,Riyadh,2021-01-04,9,-0.4
Saudi Arabia,Riyadh,2021-01-05,8,-0.4666666666666667
Saudi Arabia,Riyadh,2021-01-06,8,-0.4666666666666667
Saudi Arabia,Riyadh,2021-01-07,16,-0.1111111111111111
Saudi Arabia,Riyadh,2021-01-08,4,-0.6
Saudi Arabia,Riyadh,2021-01-09,5,-0.4444444444444444
Saudi Arabia,Riyadh,2021-01-10,7,-0.5
Saudi Arabia,Riyadh,2021-01-11,8,-0.4666666666666667
Saudi Arabia,Riyadh,2021-01-12,8,-0.4666666666666667
Saudi Arabia,Riyadh,2021-01-13,8,-0.4666666666666667
Saudi Arabia,Riyadh,2021-01-14,8,-0.5555555555555556
Saudi Arabia,Riyadh,2021-01-15,2,-0.8
Saudi Arabia,Riyadh,2021-01-16,5,-0.4444444444444444
Saudi Arabia,Riyadh,2021-01-17,6,-0.5714285714285714
Saudi Arabia,Riyadh,2021-01-18,6,-0.6
Saudi Arabia,Riyadh,2021-01-19,6,-0.6
Saudi Arabia,Riyadh,2021-01-20,5,-0.6666666666666666
Saudi Arabia,Riyadh,2021-01-21,7,-0.6111111111111112
Saudi Arabia,Riyadh,2021-01-22,3,-0.7
Saudi Arabia,Riyadh,2021-01-23,4,-0.5555555555555556
Saudi Arabia,Riyadh,2021-01-24,5,-0.6428571428571429
Saudi Arabia,Riyadh,2021-01-25,7,-0.5333333333333333
Saudi Arabia,Riyadh,2021-01-26,7,-0.5333333333333333
Saudi Arabia,Riyadh,2021-01-27,11,-0.26666666666666666
Saudi Arabia,Riyadh,2021-01-28,13,-0.2777777777777778
Saudi Arabia,Riyadh,2021-01-29,7,-0.3
Saudi Arabia,Riyadh,2021-01-30,7,-0.2222222222222222
Saudi Arabia,Riyadh,2021-01-31,9,-0.35714285714285715
Saudi Arabia,Riyadh,2021-02-01,9,-0.4
Saudi Arabia,Riyadh,2021-02-02,9,-0.4
Saudi Arabia,Riyadh,2021-02-03,9,-0.4
Saudi Arabia,Riyadh,2021-02-04,9,-0.5
Saudi Arabia,Riyadh,2021-02-05,3,-0.7
Saudi Arabia,Riyadh,2021-02-06,5,-0.4444444444444444
Saudi Arabia,Riyadh,2021-02-07,6,-0.5714285714285714
Saudi Arabia,Riyadh,2021-02-08,5,-0.6666666666666666
Saudi Arabia,Riyadh,2021-02-09,5,-0.6666666666666666
Saudi Arabia,Riyadh,2021-02-10,6,-0.6
Saudi Arabia,Riyadh,2021-02-11,6,-0.6666666666666666
Saudi Arabia,Riyadh,2021-02-12,3,-0.7
Saudi Arabia,Riyadh,2021-02-13,3,-0.6666666666666666
Saudi Arabia,Riyadh,2021-02-14,5,-0.6428571428571429
Saudi Arabia,Riyadh,2021-02-15,5,-0.6666666666666666
Saudi Arabia,Riyadh,2021-02-16,5,-0.6666666666666666
Saudi Arabia,Riyadh,2021-02-17,5,-0.6666666666666666
Saudi Arabia,Riyadh,2021-02-18,9,-0.5
Saudi Arabia,Riyadh,2021-02-19,5,-0.5
Saudi Arabia,Riyadh,2021-02-20,9,0.0
Saudi Arabia,Riyadh,2021-02-21,5,-0.6428571428571429
Saudi Arabia,Riyadh,2021-02-22,4,-0.7333333333333333
Saudi Arabia,Riyadh,2021-02-23,4,-0.7333333333333333
Saudi Arabia,Riyadh,2021-02-24,4,-0.7333333333333333
Saudi Arabia,Riyadh,2021-02-25,8,-0.5555555555555556
Saudi Arabia,Riyadh,2021-02-26,4,-0.6
Saudi Arabia,Riyadh,2021-02-27,5,-0.4444444444444444
Saudi Arabia,Riyadh,2021-02-28,5,-0.6428571428571429
Saudi Arabia,Riyadh,2021-03-01,7,-0.5333333333333333
Saudi Arabia,Riyadh,2021-03-02,8,-0.4666666666666667
Saudi Arabia,Riyadh,2021-03-03,8,-0.4666666666666667
Saudi Arabia,Riyadh,2021-03-04,9,-0.5
Saudi Arabia,Riyadh,2021-03-05,4,-0.6
Saudi Arabia,Riyadh,2021-03-06,6,-0.3333333333333333
Saudi Arabia,Riyadh,2021-03-07,6,-0.5714285714285714
Saudi Arabia,Riyadh,2021-03-08,6,-0.6
Saudi Arabia,Riyadh,2021-03-09,7,-0.5333333333333333
Saudi Arabia,Riyadh,2021-03-10,7,-0.5333333333333333
Saudi Arabia,Riyadh,2021-03-11,8,-0.5555555555555556
Saudi Arabia,Riyadh,2021-03-12,4,-0.6
Saudi Arabia,Riyadh,2021-03-13,4,-0.5555555555555556
Saudi Arabia,Riyadh,2021-03-14,6,-0.5714285714285714
Saudi Arabia,Riyadh,2021-03-15,7,-0.5333333333333333
Saudi Arabia,Riyadh,2021-03-16,6,-0.6
Saudi Arabia,Riyadh,2021-03-17,7,-0.5333333333333333
Saudi Arabia,Riyadh,2021-03-18,10,-0.4444444444444444
Saudi Arabia,Riyadh,2021-03-19,7,-0.3
Saudi Arabia,Riyadh,2021-03-20,6,-0.3333333333333333
Saudi Arabia,Riyadh,2021-03-21,6,-0.5714285714285714
Saudi Arabia,Riyadh,2021-03-22,6,-0.6
Saudi Arabia,Riyadh,2021-03-23,6,-0.6
Saudi Arabia,Riyadh,2021-03-24,7,-0.5333333333333333
Saudi Arabia,Riyadh,2021-03-25,10,-0.4444444444444444
Saudi Arabia,Riyadh,2021-03-26,7,-0.3
Saudi Arabia,Riyadh,2021-03-27,7,-0.2222222222222222
Saudi Arabia,Riyadh,2021-03-28,9,-0.35714285714285715
Saudi Arabia,Riyadh,2021-03-29,9,-0.4
Saudi Arabia,Riyadh,2021-03-30,9,-0.4
Saudi Arabia,Riyadh,2021-03-31,10,-0.3333333333333333
Saudi Arabia,Riyadh,2021-04-01,13,-0.2777777777777778
Saudi Arabia,Riyadh,2021-04-02,9,-0.1
Saudi Arabia,Riyadh,2021-04-03,9,0.0
Saudi Arabia,Riyadh,2021-04-04,8,-0.42857142857142855
Saudi Arabia,Riyadh,2021-04-05,8,-0.4666666666666667
Saudi Arabia,Riyadh,2021-04-06,9,-0.4
Saudi Arabia,Riyadh,2021-04-07,9,-0.4
Saudi Arabia,Riyadh,2021-04-08,11,-0.3888888888888889
Saudi Arabia,Riyadh,2021-04-09,6,-0.4
Saudi Arabia,Riyadh,2021-04-10,9,0.0
Saudi Arabia,Riyadh,2021-04-11,13,-0.07142857142857142
Saudi Arabia,Riyadh,2021-04-12,13,-0.13333333333333333
Saudi Arabia,Riyadh,2021-04-13,5,-0.6666666666666666
Saudi Arabia,Riyadh,2021-04-14,5,-0.6666666666666666
Saudi Arabia,Riyadh,2021-04-15,6,-0.6666666666666666
Saudi Arabia,Riyadh,2021-04-16,4,-0.6
Saudi Arabia,Riyadh,2021-04-17,3,-0.6666666666666666
Saudi Arabia,Riyadh,2021-04-18,4,-0.7142857142857143
Saudi Arabia,Riyadh,2021-04-19,5,-0.6666666666666666
Saudi Arabia,Riyadh,2021-04-20,5,-0.6666666666666666
Saudi Arabia,Riyadh,2021-04-21,5,-0.6666666666666666
Saudi Arabia,Riyadh,2021-04-22,6,-0.6666666666666666
Saudi Arabia,Riyadh,2021-04-23,5,-0.5
Saudi Arabia,Riyadh,2021-04-24,4,-0.5555555555555556
Saudi Arabia,Riyadh,2021-04-25,5,-0.6428571428571429
Saudi Arabia,Riyadh,2021-04-26,6,-0.6
Saudi Arabia,Riyadh,2021-04-27,7,-0.5333333333333333
Saudi Arabia,Riyadh,2021-04-28,8,-0.4666666666666667
Saudi Arabia,Riyadh,2021-04-29,7,-0.6111111111111112
Saudi Arabia,Riyadh,2021-04-30,7,-0.3
Saudi Arabia,Riyadh,2021-05-01,7,-0.2222222222222222
Saudi Arabia,Riyadh,2021-05-02,6,-0.5714285714285714
Saudi Arabia,Riyadh,2021-05-03,7,-0.5333333333333333
Saudi Arabia,Riyadh,2021-05-04,5,-0.6666666666666666
Saudi Arabia,Riyadh,2021-05-05,5,-0.6666666666666666
Saudi Arabia,Riyadh,2021-05-06,5,-0.7222222222222222
Saudi Arabia,Riyadh,2021-05-07,4,-0.6
Saudi Arabia,Riyadh,2021-05-08,3,-0.6666666666666666
Saudi Arabia,Riyadh,2021-05-09,4,-0.7142857142857143
Saudi Arabia,Riyadh,2021-05-10,4,-0.7333333333333333
Saudi Arabia,Riyadh,2021-05-11,4,-0.7333333333333333
Saudi Arabia,Riyadh,2021-05-12,3,-0.8
Saudi Arabia,Riyadh,2021-05-13,1,-0.9444444444444444
Saudi Arabia,Riyadh,2021-05-14,0,-1.0
Saudi Arabia,Riyadh,2021-05-15,0,-1.0
Saudi Arabia,Riyadh,2021-05-16,1,-0.9285714285714286
Saudi Arabia,Riyadh,2021-05-17,0,-1.0
Saudi Arabia,Riyadh,2021-05-18,1,-0.9333333333333333
Saudi Arabia,Riyadh,2021-05-19,1,-0.9333333333333333
Saudi Arabia,Riyadh,2021-05-20,2,-0.8888888888888888
Saudi Arabia,Riyadh,2021-05-21,2,-0.8
Saudi Arabia,Riyadh,2021-05-22,2,-0.7777777777777778
Saudi Arabia,Riyadh,2021-05-23,2,-0.8571428571428571
Saudi Arabia,Riyadh,2021-05-24,3,-0.8
Saudi Arabia,Riyadh,2021-05-25,3,-0.8
Saudi Arabia,Riyadh,2021-05-26,3,-0.8
Saudi Arabia,Riyadh,2021-05-27,6,-0.6666666666666666
Saudi Arabia,Riyadh,2021-05-28,5,-0.5
Saudi Arabia,Riyadh,2021-05-29,5,-0.4444444444444444
Saudi Arabia,Riyadh,2021-05-30,4,-0.7142857142857143
Saudi Arabia,Riyadh,2021-05-31,5,-0.6666666666666666
Saudi Arabia,Riyadh,2021-06-01,6,-0.6
Saudi Arabia,Riyadh,2021-06-02,6,-0.6
Saudi Arabia,Riyadh,2021-06-03,6,-0.6666666666666666
Saudi Arabia,Riyadh,2021-06-04,5,-0.5
Saudi Arabia,Riyadh,2021-06-05,5,-0.4444444444444444
Saudi Arabia,Riyadh,2021-06-06,5,-0.6428571428571429
Saudi Arabia,Riyadh,2021-06-07,4,-0.7333333333333333
Saudi Arabia,Riyadh,2021-06-08,3,-0.8
Saudi Arabia,Riyadh,2021-06-09,3,-0.8
Saudi Arabia,Riyadh,2021-06-10,5,-0.7222222222222222
Saudi Arabia,Riyadh,2021-06-11,2,-0.8
Saudi Arabia,Riyadh,2021-06-12,1,-0.8888888888888888
Saudi Arabia,Riyadh,2021-06-13,2,-0.8571428571428571
Saudi Arabia,Riyadh,2021-06-14,3,-0.8
Saudi Arabia,Riyadh,2021-06-15,2,-0.8666666666666667
Saudi Arabia,Riyadh,2021-06-16,3,-0.8
Saudi Arabia,Riyadh,2021-06-17,4,-0.7777777777777778
Saudi Arabia,Riyadh,2021-06-18,2,-0.8
Saudi Arabia,Riyadh,2021-06-19,1,-0.8888888888888888
Saudi Arabia,Riyadh,2021-06-20,2,-0.8571428571428571
Saudi Arabia,Riyadh,2021-06-21,2,-0.8666666666666667
Saudi Arabia,Riyadh,2021-06-22,2,-0.8666666666666667
Saudi Arabia,Riyadh,2021-06-23,2,-0.8666666666666667
Saudi Arabia,Riyadh,2021-06-24,4,-0.7777777777777778
Saudi Arabia,Riyadh,2021-06-25,2,-0.8
Saudi Arabia,Riyadh,2021-06-26,2,-0.7777777777777778
Saudi Arabia,Riyadh,2021-06-27,4,-0.7142857142857143
Saudi Arabia,Riyadh,2021-06-28,4,-0.7333333333333333
Saudi Arabia,Riyadh,2021-06-29,4,-0.7333333333333333
Saudi Arabia,Riyadh,2021-06-30,5,-0.6666666666666666
Saudi Arabia,Riyadh,2021-07-01,6,-0.6666666666666666
Saudi Arabia,Riyadh,2021-07-02,3,-0.7
Saudi Arabia,Riyadh,2021-07-03,3,-0.6666666666666666
Saudi Arabia,Riyadh,2021-07-04,3,-0.7857142857142857
Saudi Arabia,Riyadh,2021-07-05,4,-0.7333333333333333
Saudi Arabia,Riyadh,2021-07-06,3,-0.8
Saudi Arabia,Riyadh,2021-07-07,4,-0.7333333333333333
Saudi Arabia,Riyadh,2021-07-08,5,-0.7222222222222222
Saudi Arabia,Riyadh,2021-07-09,3,-0.7
Saudi Arabia,Riyadh,2021-07-10,3,-0.6666666666666666
Saudi Arabia,Riyadh,2021-07-11,3,-0.7857142857142857
Saudi Arabia,Riyadh,2021-07-12,3,-0.8
Saudi Arabia,Riyadh,2021-07-13,4,-0.7333333333333333
Saudi Arabia,Riyadh,2021-07-14,4,-0.7333333333333333
Saudi Arabia,Riyadh,2021-07-15,5,-0.7222222222222222
Saudi Arabia,Riyadh,2021-07-16,2,-0.8
Saudi Arabia,Riyadh,2021-07-17,4,-0.5555555555555556
Saudi Arabia,Riyadh,2021-07-18,3,-0.7857142857142857
Saudi Arabia,Riyadh,2021-07-19,1,-0.9333333333333333
Saudi Arabia,Riyadh,2021-07-20,0,-1.0
Saudi Arabia,Riyadh,2021-07-21,0,-1.0
Saudi Arabia,Riyadh,2021-07-22,2,-0.8888888888888888
Saudi Arabia,Riyadh,2021-07-23,1,-0.9
Saudi Arabia,Riyadh,2021-07-24,0,-1.0
Saudi Arabia,Riyadh,2021-07-25,0,-1.0
Saudi Arabia,Riyadh,2021-07-26,1,-0.9333333333333333
Saudi Arabia,Riyadh,2021-07-27,2,-0.8666666666666667
Saudi Arabia,Riyadh,2021-07-28,2,-0.8666666666666667
Saudi Arabia,Riyadh,2021-07-29,3,-0.8333333333333334
Saudi Arabia,Riyadh,2021-07-30,2,-0.8
Saudi Arabia,Riyadh,2021-07-31,2,-0.7777777777777778
Saudi Arabia,Riyadh,2021-08-01,2,-0.8571428571428571
Saudi Arabia,Riyadh,2021-08-02,3,-0.8
Saudi Arabia,Riyadh,2021-08-03,3,-0.8
Saudi Arabia,Riyadh,2021-08-04,3,-0.8
Saudi Arabia,Riyadh,2021-08-05,3,-0.8333333333333334
Saudi Arabia,Riyadh,2021-08-06,2,-0.8
Saudi Arabia,Riyadh,2021-08-07,2,-0.7777777777777778
Saudi Arabia,Riyadh,2021-08-08,2,-0.8571428571428571
Saudi Arabia,Riyadh,2021-08-09,2,-0.8666666666666667
Saudi Arabia,Riyadh,2021-08-10,2,-0.8666666666666667
Saudi Arabia,Riyadh,2021-08-11,2,-0.8666666666666667
Saudi Arabia,Riyadh,2021-08-12,3,-0.8333333333333334
Saudi Arabia,Riyadh,2021-08-13,1,-0.9
Saudi Arabia,Riyadh,2021-08-14,1,-0.8888888888888888
Saudi Arabia,Riyadh,2021-08-15,1,-0.9285714285714286
Saudi Arabia,Riyadh,2021-08-16,2,-0.8666666666666667
Saudi Arabia,Riyadh,2021-08-17,2,-0.8666666666666667
Saudi Arabia,Riyadh,2021-08-18,2,-0.8666666666666667
Saudi Arabia,Riyadh,2021-08-19,2,-0.8888888888888888
Saudi Arabia,Riyadh,2021-08-20,1,-0.9
Saudi Arabia,Riyadh,2021-08-21,1,-0.8888888888888888
Saudi Arabia,Riyadh,2021-08-22,1,-0.9285714285714286
Saudi Arabia,Riyadh,2021-08-23,2,-0.8666666666666667
Saudi Arabia,Riyadh,2021-08-24,2,-0.8666666666666667
Saudi Arabia,Riyadh,2021-08-25,3,-0.8
Saudi Arabia,Riyadh,2021-08-26,6,-0.6666666666666666
Saudi Arabia,Riyadh,2021-08-28,5,-0.4444444444444444
Saudi Arabia,Riyadh,2021-08-29,4,-0.7142857142857143
Saudi Arabia,Riyadh,2021-08-30,3,-0.8
Saudi Arabia,Riyadh,2021-08-31,3,-0.8
Saudi Arabia,Riyadh,2021-09-01,4,-0.7333333333333333
Saudi Arabia,Riyadh,2021-09-02,5,-0.7222222222222222
Saudi Arabia,Riyadh,2021-09-03,4,-0.6
Saudi Arabia,Riyadh,2021-09-04,4,-0.5555555555555556
Saudi Arabia,Riyadh,2021-09-05,5,-0.6428571428571429
Saudi Arabia,Riyadh,2021-09-06,5,-0.6666666666666666
Saudi Arabia,Riyadh,2021-09-07,4,-0.7333333333333333
Saudi Arabia,Riyadh,2021-09-08,5,-0.6666666666666666
Saudi Arabia,Riyadh,2021-09-09,7,-0.6111111111111112
Saudi Arabia,Riyadh,2021-09-10,4,-0.6
Saudi Arabia,Riyadh,2021-09-11,3,-0.6666666666666666
Saudi Arabia,Riyadh,2021-09-12,5,-0.6428571428571429
Saudi Arabia,Riyadh,2021-09-13,5,-0.6666666666666666
Saudi Arabia,Riyadh,2021-09-14,5,-0.6666666666666666
Saudi Arabia,Riyadh,2021-09-15,5,-0.6666666666666666
Saudi Arabia,Riyadh,2021-09-16,7,-0.6111111111111112
Saudi Arabia,Riyadh,2021-09-17,3,-0.7
Saudi Arabia,Riyadh,2021-09-18,3,-0.6666666666666666
Saudi Arabia,Riyadh,2021-09-19,5,-0.6428571428571429
Saudi Arabia,Riyadh,2021-09-20,5,-0.6666666666666666
Saudi Arabia,Riyadh,2021-09-21,7,-0.5333333333333333
Saudi Arabia,Riyadh,2021-09-22,8,-0.4666666666666667
Saudi Arabia,Riyadh,2021-09-23,15,-0.16666666666666666
Saudi Arabia,Riyadh,2021-09-24,7,-0.3
Saudi Arabia,Riyadh,2021-09-25,4,-0.5555555555555556
Saudi Arabia,Riyadh,2021-09-26,5,-0.6428571428571429
Saudi Arabia,Riyadh,2021-09-27,7,-0.5333333333333333
Saudi Arabia,Riyadh,2021-09-28,7,-0.5333333333333333
Saudi Arabia,Riyadh,2021-09-29,7,-0.5333333333333333
Saudi Arabia,Riyadh,2021-09-30,8,-0.5555555555555556
Saudi Arabia,Riyadh,2021-10-01,4,-0.6
Saudi Arabia,Riyadh,2021-10-02,5,-0.4444444444444444
Saudi Arabia,Riyadh,2021-10-03,6,-0.5714285714285714
Saudi Arabia,Riyadh,2021-10-04,7,-0.5333333333333333
Saudi Arabia,Riyadh,2021-10-05,6,-0.6
Saudi Arabia,Riyadh,2021-10-06,7,-0.5333333333333333
Saudi Arabia,Riyadh,2021-10-07,7,-0.6111111111111112
Saudi Arabia,Riyadh,2021-10-08,5,-0.5
Saudi Arabia,Riyadh,2021-10-09,5,-0.4444444444444444
Saudi Arabia,Riyadh,2021-10-10,6,-0.5714285714285714
Saudi Arabia,Riyadh,2021-10-11,6,-0.6
Saudi Arabia,Riyadh,2021-10-12,5,-0.6666666666666666
Saudi Arabia,Riyadh,2021-10-13,5,-0.6666666666666666
Saudi Arabia,Riyadh,2021-10-14,6,-0.6666666666666666
Saudi Arabia,Riyadh,2021-10-15,3,-0.7
Saudi Arabia,Riyadh,2021-10-16,3,-0.6666666666666666
Saudi Arabia,Riyadh,2021-10-17,4,-0.7142857142857143
Saudi Arabia,Riyadh,2021-10-18,4,-0.7333333333333333
Saudi Arabia,Riyadh,2021-10-19,4,-0.7333333333333333
Saudi Arabia,Riyadh,2021-10-20,5,-0.6666666666666666
Saudi Arabia,Riyadh,2021-10-21,5,-0.7222222222222222
Saudi Arabia,Riyadh,2021-10-22,2,-0.8
Saudi Arabia,Riyadh,2021-10-23,2,-0.7777777777777778
Saudi Arabia,Riyadh,2021-10-24,5,-0.6428571428571429
Saudi Arabia,Riyadh,2021-10-25,7,-0.5333333333333333
Saudi Arabia,Riyadh,2021-10-26,6,-0.6
Saudi Arabia,Riyadh,2021-10-27,7,-0.5333333333333333
Saudi Arabia,Riyadh,2021-10-28,8,-0.5555555555555556
Saudi Arabia,Riyadh,2021-10-29,3,-0.7
Saudi Arabia,Riyadh,2021-10-30,5,-0.4444444444444444
Saudi Arabia,Riyadh,2021-10-31,6,-0.5714285714285714
Saudi Arabia,Riyadh,2021-11-01,7,-0.5333333333333333
Saudi Arabia,Riyadh,2021-11-02,8,-0.4666666666666667
Saudi Arabia,Riyadh,2021-11-03,8,-0.4666666666666667
Saudi Arabia,Riyadh,2021-11-04,9,-0.5
Saudi Arabia,Riyadh,2021-11-05,3,-0.7
Saudi Arabia,Riyadh,2021-11-06,4,-0.5555555555555556
Saudi Arabia,Riyadh,2021-11-07,6,-0.5714285714285714
Saudi Arabia,Riyadh,2021-11-08,7,-0.5333333333333333
Saudi Arabia,Riyadh,2021-11-09,7,-0.5333333333333333
Saudi Arabia,Riyadh,2021-11-10,7,-0.5333333333333333
Saudi Arabia,Riyadh,2021-11-11,8,-0.5555555555555556
Saudi Arabia,Riyadh,2021-11-12,4,-0.6
Saudi Arabia,Riyadh,2021-11-13,4,-0.5555555555555556
Saudi Arabia,Riyadh,2021-11-14,7,-0.5
Saudi Arabia,Riyadh,2021-11-15,8,-0.4666666666666667
Saudi Arabia,Riyadh,2021-11-16,6,-0.6
Saudi Arabia,Riyadh,2021-11-17,7,-0.5333333333333333
Saudi Arabia,Riyadh,2021-11-18,8,-0.5555555555555556
Saudi Arabia,Riyadh,2021-11-19,2,-0.8
Saudi Arabia,Riyadh,2021-11-20,3,-0.6666666666666666
Saudi Arabia,Riyadh,2021-11-21,5,-0.6428571428571429
Saudi Arabia,Riyadh,2021-11-22,7,-0.5333333333333333
Saudi Arabia,Riyadh,2021-11-23,8,-0.4666666666666667
Saudi Arabia,Riyadh,2021-11-24,9,-0.4
Saudi Arabia,Riyadh,2021-11-25,11,-0.3888888888888889
Saudi Arabia,Riyadh,2021-11-26,4,-0.6
Saudi Arabia,Riyadh,2021-11-27,5,-0.4444444444444444
Saudi Arabia,Riyadh,2021-11-28,8,-0.42857142857142855
Saudi Arabia,Riyadh,2021-11-29,10,-0.3333333333333333
Saudi Arabia,Riyadh,2021-11-30,9,-0.4
Saudi Arabia,Riyadh,2021-12-01,8,-0.4666666666666667
Saudi Arabia,Riyadh,2021-12-02,10,-0.4444444444444444
Saudi Arabia,Riyadh,2021-12-03,5,-0.5
Saudi Arabia,Riyadh,2021-12-04,6,-0.3333333333333333
Saudi Arabia,Riyadh,2021-12-05,8,-0.42857142857142855
Saudi Arabia,Riyadh,2021-12-06,7,-0.5333333333333333
Saudi Arabia,Riyadh,2021-12-07,7,-0.5333333333333333
Saudi Arabia,Riyadh,2021-12-08,8,-0.4666666666666667
Saudi Arabia,Riyadh,2021-12-09,9,-0.5
Saudi Arabia,Riyadh,2021-12-10,4,-0.6
Saudi Arabia,Riyadh,2021-12-11,5,-0.4444444444444444
Saudi Arabia,Riyadh,2021-12-12,7,-0.5
Saudi Arabia,Riyadh,2021-12-13,8,-0.4666666666666667
Saudi Arabia,Riyadh,2021-12-14,8,-0.4666666666666667
Saudi Arabia,Riyadh,2021-12-15,7,-0.5333333333333333
Saudi Arabia,Riyadh,2021-12-16,8,-0.5555555555555556
Saudi Arabia,Riyadh,2021-12-17,3,-0.7
Saudi Arabia,Riyadh,2021-12-18,3,-0.6666666666666666
Saudi Arabia,Riyadh,2021-12-19,5,-0.6428571428571429
Saudi Arabia,Riyadh,2021-12-20,6,-0.6
Saudi Arabia,Riyadh,2021-12-21,5,-0.6666666666666666
Saudi Arabia,Riyadh,2021-12-22,6,-0.6
Saudi Arabia,Riyadh,2021-12-23,7,-0.6111111111111112
Saudi Arabia,Riyadh,2021-12-24,2,-0.8
Saudi Arabia,Riyadh,2021-12-25,4,-0.5555555555555556
Saudi Arabia,Riyadh,2021-12-26,7,-0.5
Saudi Arabia,Riyadh,2021-12-27,8,-0.4666666666666667
Saudi Arabia,Riyadh,2021-12-28,8,-0.4666666666666667
Saudi Arabia,Riyadh,2021-12-29,15,0.0
Saudi Arabia,Riyadh,2021-12-30,13,-0.2777777777777778
Saudi Arabia,Riyadh,2021-12-31,5,-0.5
Saudi Arabia,Riyadh,2022-01-01,12,0.3333333333333333
Saudi Arabia,Riyadh,2022-01-02,11,-0.21428571428571427
Saudi Arabia,Riyadh,2022-01-03,8,-0.4666666666666667
Saudi Arabia,Riyadh,2022-01-04,7,-0.5333333333333333
Saudi Arabia,Riyadh,2022-01-05,8,-0.4666666666666667
Saudi Arabia,Riyadh,2022-01-06,8,-0.5555555555555556
Saudi Arabia,Riyadh,2022-01-07,3,-0.7
Saudi Arabia,Riyadh,2022-01-08,5,-0.4444444444444444
Saudi Arabia,Riyadh,2022-01-09,5,-0.6428571428571429
Saudi Arabia,Riyadh,2022-01-10,6,-0.6
Saudi Arabia,Riyadh,2022-01-11,5,-0.6666666666666666
Saudi Arabia,Riyadh,2022-01-12,5,-0.6666666666666666
Saudi Arabia,Riyadh,2022-01-13,5,-0.7222222222222222
Saudi Arabia,Riyadh,2022-01-14,10,0.0
Saudi Arabia,Riyadh,2022-01-15,13,0.4444444444444444
Saudi Arabia,Riyadh,2022-01-16,6,-0.5714285714285714
Saudi Arabia,Riyadh,2022-01-17,5,-0.6666666666666666
Saudi Arabia,Riyadh,2022-01-18,5,-0.6666666666666666
Saudi Arabia,Riyadh,2022-01-19,5,-0.6666666666666666
Saudi Arabia,Riyadh,2022-01-20,6,-0.6666666666666666
Saudi Arabia,Riyadh,2022-01-21,2,-0.8
Saudi Arabia,Riyadh,2022-01-22,5,-0.4444444444444444
Saudi Arabia,Riyadh,2022-01-23,7,-0.5
Saudi Arabia,Riyadh,2022-01-24,7,-0.5333333333333333
Saudi Arabia,Riyadh,2022-01-25,8,-0.4666666666666667
Saudi Arabia,Riyadh,2022-01-26,8,-0.4666666666666667
Saudi Arabia,Riyadh,2022-01-27,11,-0.3888888888888889
Saudi Arabia,Riyadh,2022-01-28,5,-0.5
Saudi Arabia,Riyadh,2022-01-29,6,-0.3333333333333333
Saudi Arabia,Riyadh,2022-01-30,11,-0.21428571428571427
Saudi Arabia,Riyadh,2022-01-31,11,-0.26666666666666666
Saudi Arabia,Riyadh,2022-02-01,12,-0.2
Saudi Arabia,Riyadh,2022-02-02,10,-0.3333333333333333
Saudi Arabia,Riyadh,2022-02-03,10,-0.4444444444444444
Saudi Arabia,Riyadh,2022-02-04,4,-0.6
Saudi Arabia,Riyadh,2022-02-05,6,-0.3333333333333333
Saudi Arabia,Riyadh,2022-02-06,11,-0.21428571428571427
Saudi Arabia,Riyadh,2022-02-07,11,-0.26666666666666666
Saudi Arabia,Riyadh,2022-02-08,12,-0.2
Saudi Arabia,Riyadh,2022-02-09,11,-0.26666666666666666
Saudi Arabia,Riyadh,2022-02-10,12,-0.3333333333333333
Saudi Arabia,Riyadh,2022-02-11,4,-0.6
Saudi Arabia,Riyadh,2022-02-12,5,-0.4444444444444444
Saudi Arabia,Riyadh,2022-02-13,12,-0.14285714285714285
Saudi Arabia,Riyadh,2022-02-14,14,-0.06666666666666667
Saudi Arabia,Riyadh,2022-02-15,12,-0.2
Saudi Arabia,Riyadh,2022-02-16,8,-0.4666666666666667
Saudi Arabia,Riyadh,2022-02-17,8,-0.5555555555555556
Saudi Arabia,Riyadh,2022-02-18,3,-0.7
Saudi Arabia,Riyadh,2022-02-19,4,-0.5555555555555556
Saudi Arabia,Riyadh,2022-02-20,11,-0.21428571428571427
Saudi Arabia,Riyadh,2022-02-21,12,-0.2
Saudi Arabia,Riyadh,2022-02-22,11,-0.26666666666666666
Saudi Arabia,Riyadh,2022-02-23,8,-0.4666666666666667
Saudi Arabia,Riyadh,2022-02-24,8,-0.5555555555555556
Saudi Arabia,Riyadh,2022-02-25,4,-0.6
Saudi Arabia,Riyadh,2022-02-26,3,-0.6666666666666666
Saudi Arabia,Riyadh,2022-02-27,12,-0.14285714285714285
Saudi Arabia,Riyadh,2022-02-28,13,-0.13333333333333333
Saudi Arabia,Riyadh,2022-03-01,13,-0.13333333333333333
Saudi Arabia,Riyadh,2022-03-02,13,-0.13333333333333333
Saudi Arabia,Riyadh,2022-03-03,12,-0.3333333333333333
Saudi Arabia,Riyadh,2022-03-04,2,-0.8
Saudi Arabia,Riyadh,2022-03-05,6,-0.3333333333333333
Saudi Arabia,Riyadh,2022-03-06,11,-0.21428571428571427
Saudi Arabia,Riyadh,2022-03-07,11,-0.26666666666666666
Saudi Arabia,Riyadh,2022-03-08,11,-0.26666666666666666
Saudi Arabia,Riyadh,2022-03-09,10,-0.3333333333333333
Saudi Arabia,Riyadh,2022-03-10,12,-0.3333333333333333
Saudi Arabia,Riyadh,2022-03-11,6,-0.4
Saudi Arabia,Riyadh,2022-03-12,7,-0.2222222222222222
Saudi Arabia,Riyadh,2022-03-13,7,-0.5
Saudi Arabia,Riyadh,2022-03-14,8,-0.4666666666666667
Saudi Arabia,Riyadh,2022-03-15,8,-0.4666666666666667
Saudi Arabia,Riyadh,2022-03-16,9,-0.4
Saudi Arabia,Riyadh,2022-03-17,8,-0.5555555555555556
Saudi Arabia,Riyadh,2022-03-18,4,-0.6
Saudi Arabia,Riyadh,2022-03-19,5,-0.4444444444444444
Saudi Arabia,Riyadh,2022-03-20,8,-0.42857142857142855
Saudi Arabia,Riyadh,2022-03-21,9,-0.4
Saudi Arabia,Riyadh,2022-03-22,11,-0.26666666666666666
Saudi Arabia,Riyadh,2022-03-23,9,-0.4
Saudi Arabia,Riyadh,2022-03-24,13,-0.2777777777777778
Saudi Arabia,Riyadh,2022-03-25,7,-0.3
Saudi Arabia,Riyadh,2022-03-26,7,-0.2222222222222222
Saudi Arabia,Riyadh,2022-03-27,13,-0.07142857142857142
Saudi Arabia,Riyadh,2022-03-28,14,-0.06666666666666667
Saudi Arabia,Riyadh,2022-03-29,14,-0.06666666666666667
Saudi Arabia,Riyadh,2022-03-30,15,0.0
Saudi Arabia,Riyadh,2022-03-31,19,0.05555555555555555
Saudi Arabia,Riyadh,2022-04-01,10,0.0
Saudi Arabia,Riyadh,2022-04-02,3,-0.6666666666666666
Saudi Arabia,Riyadh,2022-04-03,7,-0.5
Saudi Arabia,Riyadh,2022-04-04,7,-0.5333333333333333
Saudi Arabia,Riyadh,2022-04-05,7,-0.5333333333333333
Saudi Arabia,Riyadh,2022-04-06,6,-0.6
Saudi Arabia,Riyadh,2022-04-07,7,-0.6111111111111112
Saudi Arabia,Riyadh,2022-04-08,5,-0.5
Saudi Arabia,Riyadh,2022-04-09,5,-0.4444444444444444
Saudi Arabia,Riyadh,2022-04-10,6,-0.5714285714285714
Saudi Arabia,Riyadh,2022-04-11,6,-0.6
Saudi Arabia,Riyadh,2022-04-12,5,-0.6666666666666666
Saudi Arabia,Riyadh,2022-04-13,6,-0.6
Saudi Arabia,Riyadh,2022-04-14,7,-0.6111111111111112
Saudi Arabia,Riyadh,2022-04-15,6,-0.4
Saudi Arabia,Riyadh,2022-04-16,5,-0.4444444444444444
Saudi Arabia,Riyadh,2022-04-17,5,-0.6428571428571429
Saudi Arabia,Riyadh,2022-04-18,5,-0.6666666666666666
Saudi Arabia,Riyadh,2022-04-19,5,-0.6666666666666666
Saudi Arabia,Riyadh,2022-04-20,6,-0.6
Saudi Arabia,Riyadh,2022-04-21,7,-0.6111111111111112
Saudi Arabia,Riyadh,2022-04-22,5,-0.5
Saudi Arabia,Riyadh,2022-04-23,4,-0.5555555555555556
Saudi Arabia,Riyadh,2022-04-24,5,-0.6428571428571429
Saudi Arabia,Riyadh,2022-04-25,6,-0.6
Saudi Arabia,Riyadh,2022-04-26,5,-0.6666666666666666
Saudi Arabia,Riyadh,2022-04-27,5,-0.6666666666666666
Saudi Arabia,Riyadh,2022-04-28,11,-0.3888888888888889
Saudi Arabia,Riyadh,2022-04-29,9,-0.1
Saudi Arabia,Riyadh,2022-04-30,5,-0.4444444444444444
Saudi Arabia,Riyadh,2022-05-01,4,-0.7142857142857143
Saudi Arabia,Riyadh,2022-05-02,1,-0.9333333333333333
Saudi Arabia,Riyadh,2022-05-03,1,-0.9333333333333333
Saudi Arabia,Riyadh,2022-05-04,1,-0.9333333333333333
Saudi Arabia,Riyadh,2022-05-05,1,-0.9444444444444444
Saudi Arabia,Riyadh,2022-05-06,1,-0.9
Saudi Arabia,Riyadh,2022-05-07,1,-0.8888888888888888
Saudi Arabia,Riyadh,2022-05-08,3,-0.7857142857142857
Saudi Arabia,Riyadh,2022-05-09,4,-0.7333333333333333
Saudi Arabia,Riyadh,2022-05-10,5,-0.6666666666666666
Saudi Arabia,Riyadh,2022-05-11,5,-0.6666666666666666
Saudi Arabia,Riyadh,2022-05-12,6,-0.6666666666666666
Saudi Arabia,Riyadh,2022-05-13,4,-0.6
Saudi Arabia,Riyadh,2022-05-14,3,-0.6666666666666666
Saudi Arabia,Riyadh,2022-05-15,7,-0.5
Saudi Arabia,Riyadh,2022-05-16,7,-0.5333333333333333
Saudi Arabia,Riyadh,2022-05-17,5,-0.6666666666666666
Saudi Arabia,Riyadh,2022-05-18,6,-0.6
Saudi Arabia,Riyadh,2022-05-19,7,-0.6111111111111112
Saudi Arabia,Riyadh,2022-05-20,5,-0.5
Saudi Arabia,Riyadh,2022-05-21,4,-0.5555555555555556
Saudi Arabia,Riyadh,2022-05-22,5,-0.6428571428571429
Saudi Arabia,Riyadh,2022-05-23,4,-0.7333333333333333
Saudi Arabia,Riyadh,2022-05-24,14,-0.06666666666666667
Saudi Arabia,Riyadh,2022-05-25,19,0.26666666666666666
Saudi Arabia,Riyadh,2022-05-26,22,0.2222222222222222
Saudi Arabia,Riyadh,2022-05-27,18,0.8
Saudi Arabia,Riyadh,2022-05-28,16,0.7777777777777778
Saudi Arabia,Riyadh,2022-05-29,16,0.14285714285714285
Saudi Arabia,Riyadh,2022-05-30,18,0.2
Saudi Arabia,Riyadh,2022-05-31,18,0.2
Saudi Arabia,Riyadh,2022-06-01,19,0.26666666666666666
Saudi Arabia,Riyadh,2022-06-02,23,0.2777777777777778
Saudi Arabia,Riyadh,2022-06-03,18,0.8
Saudi Arabia,Riyadh,2022-06-04,18,1.0
Saudi Arabia,Riyadh,2022-06-05,18,0.2857142857142857
Saudi Arabia,Riyadh,2022-06-06,18,0.2
Saudi Arabia,Riyadh,2022-06-07,17,0.13333333333333333
Saudi Arabia,Riyadh,2022-06-08,17,0.13333333333333333
Saudi Arabia,Riyadh,2022-06-09,21,0.16666666666666666
Saudi Arabia,Riyadh,2022-06-10,17,0.7
Saudi Arabia,Riyadh,2022-06-11,17,0.8888888888888888
Saudi Arabia,Riyadh,2022-06-12,16,0.14285714285714285
Saudi Arabia,Riyadh,2022-06-13,17,0.13333333333333333
Saudi Arabia,Riyadh,2022-06-14,18,0.2
Saudi Arabia,Riyadh,2022-06-15,18,0.2
Saudi Arabia,Riyadh,2022-06-16,19,0.05555555555555555
Saudi Arabia,Riyadh,2022-06-17,15,0.5
Saudi Arabia,Riyadh,2022-06-18,15,0.6666666666666666
Saudi Arabia,Riyadh,2022-06-19,16,0.14285714285714285
Saudi Arabia,Riyadh,2022-06-20,16,0.06666666666666667
Saudi Arabia,Riyadh,2022-06-21,17,0.13333333333333333
Saudi Arabia,Riyadh,2022-06-22,16,0.06666666666666667
Saudi Arabia,Riyadh,2022-06-23,17,-0.05555555555555555
Saudi Arabia,Riyadh,2022-06-24,14,0.4
Saudi Arabia,Riyadh,2022-06-25,14,0.5555555555555556
Saudi Arabia,Riyadh,2022-06-26,16,0.14285714285714285
Saudi Arabia,Riyadh,2022-06-27,18,0.2
Saudi Arabia,Riyadh,2022-06-28,20,0.3333333333333333
Saudi Arabia,Riyadh,2022-06-29,22,0.4666666666666667
Saudi Arabia,Riyadh,2022-06-30,23,0.2777777777777778
Saudi Arabia,Riyadh,2022-07-01,18,0.8
Saudi Arabia,Riyadh,2022-07-02,18,1.0
Saudi Arabia,Riyadh,2022-07-03,17,0.21428571428571427
Saudi Arabia,Riyadh,2022-07-04,16,0.06666666666666667
Saudi Arabia,Riyadh,2022-07-05,16,0.06666666666666667
Saudi Arabia,Riyadh,2022-07-06,15,0.0
Saudi Arabia,Riyadh,2022-07-07,15,-0.16666666666666666
Saudi Arabia,Riyadh,2022-07-08,11,0.1
Saudi Arabia,Riyadh,2022-07-09,6,-0.3333333333333333
Saudi Arabia,Riyadh,2022-07-10,6,-0.5714285714285714
Saudi Arabia,Riyadh,2022-07-11,6,-0.6
Saudi Arabia,Riyadh,2022-07-12,6,-0.6
Saudi Arabia,Riyadh,2022-07-13,7,-0.5333333333333333
Saudi Arabia,Riyadh,2022-07-14,9,-0.5
Saudi Arabia,Riyadh,2022-07-15,9,-0.1
Saudi Arabia,Riyadh,2022-07-16,10,0.1111111111111111
Saudi Arabia,Riyadh,2022-07-17,12,-0.14285714285714285
Saudi Arabia,Riyadh,2022-07-18,13,-0.13333333333333333
Saudi Arabia,Riyadh,2022-07-19,13,-0.13333333333333333
Saudi Arabia,Riyadh,2022-07-20,13,-0.13333333333333333
Saudi Arabia,Riyadh,2022-07-21,14,-0.2222222222222222
Saudi Arabia,Riyadh,2022-07-22,12,0.2
Saudi Arabia,Riyadh,2022-07-23,12,0.3333333333333333
Saudi Arabia,Riyadh,2022-07-24,14,0.0
Saudi Arabia,Riyadh,2022-07-25,15,0.0
Saudi Arabia,Riyadh,2022-07-26,15,0.0
Saudi Arabia,Riyadh,2022-07-27,18,0.2
Saudi Arabia,Riyadh,2022-07-28,21,0.16666666666666666
Saudi Arabia,Riyadh,2022-07-29,15,0.5
Saudi Arabia,Riyadh,2022-07-30,15,0.6666666666666666
Saudi Arabia,Riyadh,2022-07-31,24,0.7142857142857143
Saudi Arabia,Riyadh,2022-08-01,20,0.3333333333333333
Saudi Arabia,Riyadh,2022-08-02,18,0.2
Saudi Arabia,Riyadh,2022-08-03,18,0.2
Saudi Arabia,Riyadh,2022-08-04,19,0.05555555555555555
Saudi Arabia,Riyadh,2022-08-05,16,0.6
Saudi Arabia,Riyadh,2022-08-06,15,0.6666666666666666
Saudi Arabia,Riyadh,2022-08-07,16,0.14285714285714285
Saudi Arabia,Riyadh,2022-08-08,14,-0.06666666666666667
Saudi Arabia,Riyadh,2022-08-09,16,0.06666666666666667
Saudi Arabia,Riyadh,2022-08-10,18,0.2
Saudi Arabia,Riyadh,2022-08-11,18,0.0
Saudi Arabia,Riyadh,2022-08-12,14,0.4
Saudi Arabia,Riyadh,2022-08-13,14,0.5555555555555556
Saudi Arabia,Riyadh,2022-08-14,16,0.14285714285714285
Saudi Arabia,Riyadh,2022-08-15,18,0.2
Saudi Arabia,Riyadh,2022-08-16,20,0.3333333333333333
Saudi Arabia,Riyadh,2022-08-17,21,0.4
Saudi Arabia,Riyadh,2022-08-18,22,0.2222222222222222
Saudi Arabia,Riyadh,2022-08-19,16,0.6
Saudi Arabia,Riyadh,2022-08-20,17,0.8888888888888888
Saudi Arabia,Riyadh,2022-08-21,21,0.5
Saudi Arabia,Riyadh,2022-08-22,21,0.4
Saudi Arabia,Riyadh,2022-08-23,21,0.4
Saudi Arabia,Riyadh,2022-08-24,23,0.5333333333333333
Saudi Arabia,Riyadh,2022-08-25,25,0.3888888888888889
Saudi Arabia,Riyadh,2022-08-26,19,0.9
Saudi Arabia,Riyadh,2022-08-27,20,1.2222222222222223
Saudi Arabia,Riyadh,2022-08-28,26,0.8571428571428571
Saudi Arabia,Riyadh,2022-08-29,28,0.8666666666666667
Saudi Arabia,Riyadh,2022-08-30,28,0.8666666666666667
Saudi Arabia,Riyadh,2022-08-31,28,0.8666666666666667
Saudi Arabia,Riyadh,2022-09-01,33,0.8333333333333334
Saudi Arabia,Riyadh,2022-09-02,22,1.2
Saudi Arabia,Riyadh,2022-09-03,23,1.5555555555555556
Saudi Arabia,Riyadh,2022-09-04,33,1.3571428571428572
Saudi Arabia,Riyadh,2022-09-05,33,1.2
Saudi Arabia,Riyadh,2022-09-06,33,1.2
Saudi Arabia,Riyadh,2022-09-07,31,1.0666666666666667
Saudi Arabia,Riyadh,2022-09-08,33,0.8333333333333334
Saudi Arabia,Riyadh,2022-09-09,19,0.9
Saudi Arabia,Riyadh,2022-09-10,21,1.3333333333333333
Saudi Arabia,Riyadh,2022-09-11,32,1.2857142857142858
Saudi Arabia,Riyadh,2022-09-12,32,1.1333333333333333
Saudi Arabia,Riyadh,2022-09-13,31,1.0666666666666667
Saudi Arabia,Riyadh,2022-09-14,30,1.0
Saudi Arabia,Riyadh,2022-09-15,32,0.7777777777777778
Saudi Arabia,Riyadh,2022-09-16,20,1.0
Saudi Arabia,Riyadh,2022-09-17,20,1.2222222222222223
Saudi Arabia,Riyadh,2022-09-18,28,1.0
Saudi Arabia,Riyadh,2022-09-19,30,1.0
Saudi Arabia,Riyadh,2022-09-20,31,1.0666666666666667
Saudi Arabia,Riyadh,2022-09-21,26,0.7333333333333333
Saudi Arabia,Riyadh,2022-09-22,23,0.2777777777777778
Saudi Arabia,Riyadh,2022-09-23,41,3.1
Saudi Arabia,Riyadh,2022-09-24,26,1.8888888888888888
Saudi Arabia,Riyadh,2022-09-25,30,1.1428571428571428
Saudi Arabia,Riyadh,2022-09-26,32,1.1333333333333333
Saudi Arabia,Riyadh,2022-09-27,33,1.2
Saudi Arabia,Riyadh,2022-09-28,33,1.2
Saudi Arabia,Riyadh,2022-09-29,39,1.1666666666666667
Saudi Arabia,Riyadh,2022-09-30,24,1.4
Saudi Arabia,Riyadh,2022-10-01,24,1.6666666666666667
Saudi Arabia,Riyadh,2022-10-02,33,1.3571428571428572
Saudi Arabia,Riyadh,2022-10-03,32,1.1333333333333333
Saudi Arabia,Riyadh,2022-10-04,32,1.1333333333333333
Saudi Arabia,Riyadh,2022-10-05,31,1.0666666666666667
Saudi Arabia,Riyadh,2022-10-06,36,1.0
Saudi Arabia,Riyadh,2022-10-07,21,1.1
Saudi Arabia,Riyadh,2022-10-08,21,1.3333333333333333
Saudi Arabia,Riyadh,2022-10-09,29,1.0714285714285714
Saudi Arabia,Riyadh,2022-10-10,31,1.0666666666666667
Saudi Arabia,Riyadh,2022-10-11,30,1.0
Saudi Arabia,Riyadh,2022-10-12,30,1.0
Saudi Arabia,Riyadh,2022-10-13,33,0.8333333333333334
Saudi Arabia,Riyadh,2022-10-14,18,0.8
Saudi Arabia,Riyadh,2022-10-15,21,1.3333333333333333
Saudi Arabia,Riyadh,2022-10-16,24,0.7142857142857143
Saudi Arabia,Riyadh,2022-10-17,25,0.6666666666666666
Saudi Arabia,Riyadh,2022-10-18,28,0.8666666666666667
Saudi Arabia,Riyadh,2022-10-19,28,0.8666666666666667
Saudi Arabia,Riyadh,2022-10-20,30,0.6666666666666666
Saudi Arabia,Riyadh,2022-10-21,19,0.9
Saudi Arabia,Riyadh,2022-10-22,18,1.0
Saudi Arabia,Riyadh,2022-10-23,27,0.9285714285714286
Saudi Arabia,Riyadh,2022-10-24,28,0.8666666666666667
Saudi Arabia,Riyadh,2022-10-25,28,0.8666666666666667
Saudi Arabia,Riyadh,2022-10-26,30,1.0
Saudi Arabia,Riyadh,2022-10-27,39,1.1666666666666667
Saudi Arabia,Riyadh,2022-10-28,24,1.4
Saudi Arabia,Riyadh,2022-10-29,24,1.6666666666666667
Saudi Arabia,Riyadh,2022-10-30,31,1.2142857142857142
Saudi Arabia,Riyadh,2022-10-31,33,1.2
Saudi Arabia,Riyadh,2022-11-01,35,1.3333333333333333
Saudi Arabia,Riyadh,2022-11-02,34,1.2666666666666666
Saudi Arabia,Riyadh,2022-11-03,37,1.0555555555555556
Saudi Arabia,Riyadh,2022-11-04,22,1.2
Saudi Arabia,Riyadh,2022-11-05,23,1.5555555555555556
Saudi Arabia,Riyadh,2022-11-06,29,1.0714285714285714
Saudi Arabia,Riyadh,2022-11-07,30,1.0
Saudi Arabia,Riyadh,2022-11-08,31,1.0666666666666667
Saudi Arabia,Riyadh,2022-11-09,33,1.2
Saudi Arabia,Riyadh,2022-11-10,34,0.8888888888888888
Saudi Arabia,Riyadh,2022-11-11,20,1.0
Saudi Arabia,Riyadh,2022-11-12,20,1.2222222222222223
Saudi Arabia,Riyadh,2022-11-13,30,1.1428571428571428
Saudi Arabia,Riyadh,2022-11-14,29,0.9333333333333333
Saudi Arabia,Riyadh,2022-11-15,31,1.0666666666666667
Saudi Arabia,Riyadh,2022-11-16,29,0.9333333333333333
Saudi Arabia,Riyadh,2022-11-17,33,0.8333333333333334
Saudi Arabia,Riyadh,2022-11-18,18,0.8
Saudi Arabia,Riyadh,2022-11-19,19,1.1111111111111112
Saudi Arabia,Riyadh,2022-11-20,27,0.9285714285714286
Saudi Arabia,Riyadh,2022-11-21,27,0.8
Saudi Arabia,Riyadh,2022-11-22,38,1.5333333333333334
Saudi Arabia,Riyadh,2022-11-23,17,0.13333333333333333
Saudi Arabia,Riyadh,2022-11-24,33,0.8333333333333334
Saudi Arabia,Riyadh,2022-11-25,17,0.7
Saudi Arabia,Riyadh,2022-11-26,18,1.0
Saudi Arabia,Riyadh,2022-11-27,28,1.0
Saudi Arabia,Riyadh,2022-11-28,30,1.0
Saudi Arabia,Riyadh,2022-11-29,31,1.0666666666666667
Saudi Arabia,Riyadh,2022-11-30,28,0.8666666666666667
Saudi Arabia,Riyadh,2022-12-01,32,0.7777777777777778
Saudi Arabia,Riyadh,2022-12-02,24,1.4
Saudi Arabia,Riyadh,2022-12-03,25,1.7777777777777777
Saudi Arabia,Riyadh,2022-12-04,32,1.2857142857142858
Saudi Arabia,Riyadh,2022-12-05,32,1.1333333333333333
Saudi Arabia,Riyadh,2022-12-06,35,1.3333333333333333
Saudi Arabia,Riyadh,2022-12-07,33,1.2
Saudi Arabia,Riyadh,2022-12-08,39,1.1666666666666667
Saudi Arabia,Riyadh,2022-12-09,21,1.1
Saudi Arabia,Riyadh,2022-12-10,27,2.0
Saudi Arabia,Riyadh,2022-12-11,41,1.9285714285714286
Saudi Arabia,Riyadh,2022-12-12,41,1.7333333333333334
Saudi Arabia,Riyadh,2022-12-13,37,1.4666666666666666
Saudi Arabia,Riyadh,2022-12-14,35,1.3333333333333333
Saudi Arabia,Riyadh,2022-12-15,36,1.0
Saudi Arabia,Riyadh,2022-12-16,19,0.9
Saudi Arabia,Riyadh,2022-12-17,24,1.6666666666666667
Saudi Arabia,Riyadh,2022-12-18,27,0.9285714285714286
Saudi Arabia,Riyadh,2022-12-19,35,1.3333333333333333
Saudi Arabia,Riyadh,2022-12-20,34,1.2666666666666666
Saudi Arabia,Riyadh,2022-12-21,33,1.2
Saudi Arabia,Riyadh,2022-12-22,34,0.8888888888888888
Saudi Arabia,Riyadh,2022-12-23,19,0.9
Saudi Arabia,Riyadh,2022-12-24,22,1.4444444444444444
Saudi Arabia,Riyadh,2022-12-25,31,1.2142857142857142
Saudi Arabia,Riyadh,2022-12-26,32,1.1333333333333333
Saudi Arabia,Riyadh,2022-12-27,38,1.5333333333333334
Saudi Arabia,Riyadh,2022-12-28,39,1.6
Saudi Arabia,Riyadh,2022-12-29,40,1.2222222222222223
Saudi Arabia,Riyadh,2022-12-30,35,2.5
Saudi Arabia,Riyadh,2022-12-31,28,2.111111111111111
Saudi Arabia,Riyadh,2023-01-01,35,1.5
Saudi Arabia,Riyadh,2023-01-02,53,2.533333333333333
Saudi Arabia,Riyadh,2023-01-03,33,1.2
Saudi Arabia,Riyadh,2023-01-04,32,1.1333333333333333
Saudi Arabia,Riyadh,2023-01-05,41,1.2777777777777777
Saudi Arabia,Riyadh,2023-01-06,34,2.4
Saudi Arabia,Riyadh,2023-01-07,26,1.8888888888888888
Saudi Arabia,Riyadh,2023-01-08,38,1.7142857142857142
Saudi Arabia,Riyadh,2023-01-09,40,1.6666666666666667
Saudi Arabia,Riyadh,2023-01-10,38,1.5333333333333334
Saudi Arabia,Riyadh,2023-01-11,38,1.5333333333333334
Saudi Arabia,Riyadh,2023-01-12,41,1.2777777777777777
Saudi Arabia,Riyadh,2023-01-13,23,1.3
Saudi Arabia,Riyadh,2023-01-14,28,2.111111111111111
Saudi Arabia,Riyadh,2023-01-15,34,1.4285714285714286
Saudi Arabia,Riyadh,2023-01-16,29,0.9333333333333333
Saudi Arabia,Riyadh,2023-01-17,35,1.3333333333333333
Saudi Arabia,Riyadh,2023-01-18,35,1.3333333333333333
Saudi Arabia,Riyadh,2023-01-19,38,1.1111111111111112
Saudi Arabia,Riyadh,2023-01-20,22,1.2
Saudi Arabia,Riyadh,2023-01-21,22,1.4444444444444444
Saudi Arabia,Riyadh,2023-01-22,34,1.4285714285714286
Saudi Arabia,Riyadh,2023-01-23,35,1.3333333333333333
Saudi Arabia,Riyadh,2023-01-24,37,1.4666666666666666
Saudi Arabia,Riyadh,2023-01-25,48,2.2
Saudi Arabia,Riyadh,2023-01-26,43,1.3888888888888888
Saudi Arabia,Riyadh,2023-01-27,24,1.4
Saudi Arabia,Riyadh,2023-01-28,27,2.0
Saudi Arabia,Riyadh,2023-01-29,36,1.5714285714285714
Saudi Arabia,Riyadh,2023-01-30,37,1.4666666666666666
Saudi Arabia,Riyadh,2023-01-31,36,1.4
Saudi Arabia,Riyadh,2023-02-01,36,1.4
Saudi Arabia,Riyadh,2023-02-02,39,1.1666666666666667
Saudi Arabia,Riyadh,2023-02-03,23,1.3
Saudi Arabia,Riyadh,2023-02-04,23,1.5555555555555556
Saudi Arabia,Riyadh,2023-02-05,33,1.3571428571428572
Saudi Arabia,Riyadh,2023-02-06,35,1.3333333333333333
Saudi Arabia,Riyadh,2023-02-07,35,1.3333333333333333
Saudi Arabia,Riyadh,2023-02-08,34,1.2666666666666666
Saudi Arabia,Riyadh,2023-02-09,38,1.1111111111111112
Saudi Arabia,Riyadh,2023-02-10,21,1.1
Saudi Arabia,Riyadh,2023-02-11,23,1.5555555555555556
Saudi Arabia,Riyadh,2023-02-12,28,1.0
Saudi Arabia,Riyadh,2023-02-13,32,1.1333333333333333
