idx,dt,eps,eps_norm,score,engine
1112,2026-03-02 14:30:00,0.018902774037870884,1.0,1.1309967305328357,HLPPL
1115,2026-03-02 17:30:00,-0.007129565003326732,-0.3771703025726785,-0.453367883238352,HLPPL
1118,2026-03-02 20:30:00,-0.008329298735942459,-0.44063896226316157,-0.5352970731013118,HLPPL
1121,2026-03-03 16:30:00,0.026874272046898184,1.0,1.1322716461931168,HLPPL
1124,2026-03-03 19:30:00,-0.004224204785168162,-0.15718397052007657,-0.2438848993223715,HLPPL
1127,2026-03-04 15:30:00,-0.01567191230919107,-0.5831567188812438,-0.727038510481343,HLPPL
1130,2026-03-04 18:30:00,-0.03182834961718317,-1.0,-1.1260493456648488,HLPPL
1133,2026-03-05 14:30:00,-0.010323774411987507,-0.3243578299270035,-0.4306744930187901,HLPPL
1136,2026-03-05 17:30:00,-0.040620963697894474,-1.0,-1.1199464351383583,HLPPL
1139,2026-03-05 20:30:00,-0.0003490031466020227,-0.00859170031507925,-0.10134772724316632,HLPPL
1142,2026-03-06 16:30:00,-0.005428948209234896,-0.1336489269336635,-0.21788793494264633,HLPPL
1145,2026-03-06 19:30:00,-0.0036279136729451267,-0.08931136395302149,-0.18499373443699524,HLPPL
1148,2026-03-09 14:30:00,-0.002765040751406822,-0.06806930460761432,-0.1182474398593214,HLPPL
1151,2026-03-09 17:30:00,0.014148407221330928,0.3483030911466113,0.44001159083696606,HLPPL
1154,2026-03-10 13:30:00,0.00958754948571805,0.2360246683712973,0.3061426673182784,HLPPL
1157,2026-03-10 16:30:00,0.014896055739632708,0.36670857566101567,0.4411990100700822,HLPPL
1160,2026-03-10 19:30:00,-0.003279094200745014,-0.08072418530323988,-0.18624454863963238,HLPPL
1163,2026-03-11 15:30:00,0.0104801506666794,0.2579985729689279,0.33975380799644445,HLPPL
1166,2026-03-11 18:30:00,0.015725803608609645,0.38713516807639814,0.48153396669595466,HLPPL
1169,2026-03-12 14:30:00,0.011331399294462585,0.2789544674207208,0.3382362638574855,HLPPL
1172,2026-03-12 17:30:00,0.016382461947115345,0.40330067176531575,0.5030750583179234,HLPPL
1175,2026-03-13 13:30:00,-0.006232261222998581,-0.15342475056350327,-0.23120698794137157,HLPPL
1178,2026-03-13 16:30:00,0.012039159017083634,0.2963779763232861,0.377661079665077,HLPPL
1181,2026-03-13 19:30:00,0.016149537430730554,0.39756657549627855,0.5207954608284798,HLPPL
1184,2026-03-16 15:30:00,-0.0280674732931967,-0.6909603007437151,-0.7985172909009856,HLPPL
1187,2026-03-16 18:30:00,-0.01328110278325667,-0.3269519374781617,-0.4281108531278939,HLPPL
1190,2026-03-17 14:30:00,0.005317148504171421,0.13089666074187764,0.18576694169662666,HLPPL
1193,2026-03-17 17:30:00,-0.005193880180144994,-0.12786206203212777,-0.24788008663910174,HLPPL
1196,2026-03-18 13:30:00,-0.027165275143520518,-0.6687501395967272,-0.7400526684903623,HLPPL
1199,2026-03-18 16:30:00,-0.015697568232800663,-0.3864400743799764,-0.4632248192515681,HLPPL
1202,2026-03-18 19:30:00,0.0005043165591169796,0.01241517958233768,0.10236618291783917,HLPPL
1205,2026-03-19 15:30:00,-0.06877621159196678,-1.0,-1.1174134922057137,HLPPL
1208,2026-03-19 18:30:00,-0.045028287013872514,-0.6547072886336752,-0.770091385897702,HLPPL
1211,2026-03-20 14:30:00,-0.014464524834559178,-0.21031290470568267,-0.27130495495209334,HLPPL
1214,2026-03-20 17:30:00,-0.021421571362912672,-0.31146774250960285,-0.40419772864830955,HLPPL
1217,2026-03-23 13:30:00,0.0029852565818071497,0.04340536520851106,0.1292478180113124,HLPPL
1220,2026-03-23 16:30:00,-0.02494536615439724,-0.3627034053924383,-0.4452453321340737,HLPPL
1223,2026-03-23 19:30:00,-0.029673288623404126,-0.4314469776184944,-0.5431032177066605,HLPPL
1226,2026-03-24 15:30:00,-0.01981425949321558,-0.288097570868965,-0.37564138721199314,HLPPL
1229,2026-03-24 18:30:00,-0.02752136380561243,-0.40015818214719734,-0.5073728222460266,HLPPL
1232,2026-03-25 14:30:00,-0.014708635696589312,-0.21386225492983266,-0.27430153002062896,HLPPL
1235,2026-03-25 17:30:00,-0.009913062042930854,-0.14413504049543668,-0.21320108515789354,HLPPL
1238,2026-03-26 13:30:00,0.003623452909725877,0.052684683059063764,0.09738794448336657,HLPPL
1241,2026-03-26 16:30:00,0.00015270424538815774,0.0022203061473364716,0.06292475701508546,HLPPL
1244,2026-03-26 19:30:00,0.011556368042744403,0.168028563586864,0.23850145413839674,HLPPL
1247,2026-03-27 15:30:00,0.023811862554222074,0.3462223638529598,0.4009637512766219,HLPPL
1250,2026-03-27 18:30:00,0.021152613126377062,0.30755711366992095,0.3723723987162838,HLPPL
1253,2026-03-30 14:30:00,0.0888559811074181,1.0,1.0983549618823014,HLPPL
1256,2026-03-30 17:30:00,0.04317390338821525,0.4858862943173433,0.6191596324928055,HLPPL
1259,2026-03-31 13:30:00,0.061524918925558225,0.6924116773994164,0.8156521204908052,HLPPL
1262,2026-03-31 16:30:00,0.01175356239270009,0.13227654735465916,0.2508051687057937,HLPPL
1265,2026-03-31 19:30:00,0.009731479170699942,0.10951968623176356,0.22099931034447473,HLPPL
1268,2026-04-01 15:30:00,0.038464418700480785,0.43288496982528507,0.5521517164446506,HLPPL
1271,2026-04-01 18:30:00,0.012412421766722304,0.13969146040621522,0.2560437625344603,HLPPL
1274,2026-04-02 14:30:00,-0.009923510532875213,-0.11168083914214698,-0.1859764967060669,HLPPL
1277,2026-04-02 17:30:00,-0.007700704424942195,-0.08666500925393873,-0.16077040523556174,HLPPL
1280,2026-04-06 13:30:00,-0.019188096364760376,-0.21594603003216928,-0.29713052945890356,HLPPL
1283,2026-04-06 16:30:00,-2.1414579017609014e-05,-0.00024100323636875838,-0.07309236258444476,HLPPL
1286,2026-04-06 19:30:00,0.009265900884173561,0.10427999070734476,0.1935747732452472,HLPPL
1289,2026-04-07 15:30:00,0.024015706802506642,0.27027676137494927,0.34236504586797206,HLPPL
1292,2026-04-07 18:30:00,0.02985133540511775,0.33595189691316824,0.41710228924002485,HLPPL
1295,2026-04-08 14:30:00,0.005118095931914368,0.05759990344068224,0.1621784289269625,HLPPL
1298,2026-04-08 17:30:00,0.028353223380364945,0.31909189485048506,0.3937006870566809,HLPPL
1301,2026-04-09 13:30:00,0.05183931408164444,0.5834082684763318,0.6841276709972759,HLPPL
1304,2026-04-09 16:30:00,0.008579052508300045,0.09655008477064496,0.1805902129369079,HLPPL
1307,2026-04-09 19:30:00,0.03771612618244902,0.4244635612863691,0.527691832761641,HLPPL
1310,2026-04-10 15:30:00,-0.002121014419550704,-0.02387024928560079,-0.08706931344127379,HLPPL
1313,2026-04-10 18:30:00,0.04223187998176314,0.4752846061168237,0.5336699789155213,HLPPL
1316,2026-04-13 14:30:00,0.045775653513932646,0.5151668232506983,0.5681813610517042,HLPPL
1319,2026-04-13 17:30:00,0.04198192841678239,0.4724716096042019,0.5422640861382141,HLPPL
1322,2026-04-14 13:30:00,-0.04539079064153473,-0.5108355124306347,-0.5764404945943156,HLPPL
1325,2026-04-14 16:30:00,-0.03789033993167035,-0.42642419181512015,-0.5008139183173915,HLPPL
1328,2026-04-14 19:30:00,-0.02106833040652223,-0.23710649687219928,-0.31845704287216814,HLPPL
1331,2026-04-15 15:30:00,-0.023284243901991353,-0.26204475615257683,-0.32213658568000897,HLPPL
1334,2026-04-15 18:30:00,-0.013908654823343802,-0.1565303162488253,-0.23615193502971443,HLPPL
1337,2026-04-16 14:30:00,-0.0029784451510286303,-0.03351991744290105,-0.10418754933057939,HLPPL
1340,2026-04-16 17:30:00,-0.0017759139014064118,-0.019986430618097697,-0.10595198241292869,HLPPL
1343,2026-04-17 13:30:00,-0.05866388822225854,-0.6602131616929613,-0.7994434794240118,HLPPL
1346,2026-04-17 16:30:00,-0.03742893266426339,-0.4212314376340689,-0.5558667269768225,HLPPL
1349,2026-04-17 19:30:00,-0.010561308851530171,-0.11885872757133358,-0.23831065875972582,HLPPL
1352,2026-04-20 15:30:00,0.008759770467561268,0.09858391476170378,0.1928546297563823,HLPPL
1355,2026-04-20 18:30:00,0.011873403890818146,0.13362526352012674,0.22544922660818348,HLPPL
1358,2026-04-21 14:30:00,0.004493621808170367,0.05057196771861674,0.14511046155714138,HLPPL
1361,2026-04-21 17:30:00,0.012911913523510954,0.14531282376930515,0.2550324841230205,HLPPL
1364,2026-04-22 13:30:00,0.026104686971359925,0.2937864918716269,0.3867470226742509,HLPPL
1367,2026-04-22 16:30:00,0.014843409359547977,0.16705019937379073,0.241522771222768,HLPPL
1370,2026-04-22 19:30:00,0.009804697373667182,0.11034369607392294,0.20612264485273862,HLPPL
1373,2026-04-23 15:30:00,-0.02064748748528178,-0.23237026059417437,-0.3030479174970323,HLPPL
1376,2026-04-23 18:30:00,-0.030453400004714304,-0.3427276321207815,-0.41199378371563167,HLPPL
1379,2026-04-24 14:30:00,-0.020458716344266215,-0.2302457987553325,-0.28377543153999735,HLPPL
1382,2026-04-24 17:30:00,-0.00663993794021156,-0.07472696668763953,-0.12925154249817172,HLPPL
1385,2026-04-27 13:30:00,-0.019416694016933356,-0.21851870605604468,-0.27478147425546945,HLPPL
1388,2026-04-27 16:30:00,0.020394005519867697,0.2295175323674988,0.3574607480048661,HLPPL
1391,2026-04-27 19:30:00,0.02842023432747265,0.3198460472021055,0.3846146062680239,HLPPL
1394,2026-04-28 15:30:00,-0.01833053047539046,-0.20629484078545776,-0.2815147375199422,HLPPL
1397,2026-04-28 18:30:00,-0.010305749688212629,-0.11598262221373704,-0.1888939249257957,HLPPL
1400,2026-04-29 14:30:00,-0.02650084737590319,-0.29824494699874265,-0.36009647660776384,HLPPL
1403,2026-04-29 17:30:00,-0.003551194849181094,-0.03996573787067919,-0.11876131863564865,HLPPL
1406,2026-04-30 13:30:00,0.005500640310594385,0.06190512154656932,0.114524959002171,HLPPL
1409,2026-04-30 16:30:00,0.012020599790361963,0.1352818306719302,0.19483087303342914,HLPPL
1412,2026-04-30 19:30:00,0.005967151596211195,0.06715531719803418,0.148583101229397,HLPPL
1415,2026-05-01 15:30:00,-0.008303263300686758,-0.09344630712758585,-0.19227224328424491,HLPPL
1418,2026-05-01 18:30:00,-0.006541442881121462,-0.0736184868997564,-0.14217988128060968,HLPPL
1421,2026-05-04 14:30:00,-0.012069807360921558,-0.13583562086079892,-0.23914540889909752,HLPPL
1424,2026-05-04 17:30:00,0.0037111169413295286,0.041765527712120526,0.18445528017607635,HLPPL
1427,2026-05-05 13:30:00,0.025287576292900127,0.2845905923016026,0.351102575743737,HLPPL
1430,2026-05-05 16:30:00,0.019828601274944013,0.22315437889288728,0.2980355489950737,HLPPL
1433,2026-05-05 19:30:00,0.018933662454604594,0.21308258846093509,0.2840735775762408,HLPPL
1436,2026-05-06 15:30:00,0.02438012699408887,0.27437800686276487,0.3757956064772147,HLPPL
1439,2026-05-06 18:30:00,0.028967279595698336,0.326002585697408,0.42829208521622936,HLPPL
1442,2026-05-07 14:30:00,0.04055237072881468,0.4563831294574405,0.5626356140815035,HLPPL
1445,2026-05-07 17:30:00,0.025157519200174505,0.2831269081342037,0.358856251586825,HLPPL
1448,2026-05-08 13:30:00,0.019124676948169217,0.2152322973627332,0.2877113912986733,HLPPL
1451,2026-05-08 16:30:00,0.028333681982561032,0.3188719727072555,0.39294790368231364,HLPPL
1454,2026-05-08 19:30:00,0.022769315326145012,0.25624966425860696,0.33177676895910096,HLPPL
1457,2026-05-11 15:30:00,0.002972172369758219,0.03344932251848254,0.15883759162265093,HLPPL
1460,2026-05-11 18:30:00,0.0004781991170919042,0.005381732452132949,0.13961664698552292,HLPPL
1463,2026-05-12 14:30:00,-0.02002421286906042,-0.22535582432940698,-0.33227001349506613,HLPPL
1466,2026-05-12 17:30:00,0.018232579486552325,0.20519248405474177,0.30754585840142035,HLPPL
1469,2026-05-13 13:30:00,0.030191742093430562,0.33978289043853704,0.4689146980069741,HLPPL
1472,2026-05-13 16:30:00,0.00814896183327729,0.09170977273241743,0.23111418673774484,HLPPL
1475,2026-05-13 19:30:00,-0.008897008063055267,-0.1001284095023346,-0.19021082840649994,HLPPL
1478,2026-05-14 15:30:00,-0.020461199521841777,-0.23027374484905197,-0.320211928570731,HLPPL
1481,2026-05-14 18:30:00,-0.005679467008283368,-0.06391766696512476,-0.149706594612478,HLPPL
1484,2026-05-15 14:30:00,-0.03969785283141558,-0.44676624281965666,-0.5343849912646945,HLPPL
1487,2026-05-15 17:30:00,0.017344644543769938,0.19519951642649666,0.28396208579412385,HLPPL
1490,2026-05-18 13:30:00,0.007356573358785035,0.08279210096044817,0.1598762743268068,HLPPL
1493,2026-05-18 16:30:00,-0.009679859451460437,-0.10893874932018863,-0.19006633799282308,HLPPL
1496,2026-05-18 19:30:00,-0.01615990543190371,-0.18186626528120803,-0.29173876189919834,HLPPL
1499,2026-05-19 15:30:00,-0.004793301107950398,-0.05394460843503344,-0.18146681825381897,HLPPL
1502,2026-05-19 18:30:00,-0.01943108890144085,-0.2186807084820839,-0.3270679735719798,HLPPL
1505,2026-05-20 14:30:00,0.00825390764169498,0.09289085032685443,0.1912451826684261,HLPPL
1508,2026-05-20 17:30:00,0.020506711480505757,0.23078594400657362,0.3220391535483082,HLPPL
1511,2026-05-21 13:30:00,0.04104758815007603,0.4619563887371133,0.5572760552545535,HLPPL
1514,2026-05-21 16:30:00,0.023115979063878633,0.26015107565954054,0.38345726768167454,HLPPL
1517,2026-05-21 19:30:00,0.01744058629003664,0.19627926080690838,0.2859596364892787,HLPPL
1520,2026-05-22 15:30:00,0.06110023864634506,0.6876322548561015,0.8102850969921069,HLPPL
1523,2026-05-22 18:30:00,0.048130932149176076,0.541673521009132,0.6547896540727242,HLPPL
1526,2026-05-26 14:30:00,0.01866837080451056,0.21009695207734347,0.31015214703193217,HLPPL
1529,2026-05-26 17:30:00,0.022358255572563657,0.2516235293776649,0.36802934107011503,HLPPL
1532,2026-05-27 13:30:00,-0.01953598869169415,-0.21986126818043988,-0.3296251764283517,HLPPL
1535,2026-05-27 16:30:00,0.009209519887779294,0.10364546959023382,0.19234771895051306,HLPPL
1538,2026-05-27 19:30:00,-0.015341609283858304,-0.17265702423916532,-0.2591219054967182,HLPPL
1541,2026-05-28 15:30:00,0.03331101346139498,0.3748876895650418,0.4461600894984771,HLPPL
1544,2026-05-28 18:30:00,-0.029290600617939866,-0.3296412942931824,-0.42248495923147905,HLPPL
1547,2026-05-29 14:30:00,-0.031499471731108564,-0.3545002974310622,-0.44941625258808193,HLPPL
1550,2026-05-29 17:30:00,0.04585628194307301,0.5160742290115202,0.625327097968233,HLPPL
1553,2026-06-01 13:30:00,-0.015274364121644624,-0.17190023599176094,-0.2684822790934242,HLPPL
1556,2026-06-01 16:30:00,0.0033387712674066705,0.03757508752697723,0.14213880249239108,HLPPL
1559,2026-06-01 19:30:00,-0.026071281867936058,-0.2934105452779645,-0.3942289104502654,HLPPL
1562,2026-06-02 15:30:00,-0.0011027713182256704,-0.012410771953466238,-0.13902297580966197,HLPPL
1565,2026-06-02 18:30:00,0.02811933290090085,0.3164596524673714,0.4291257160983753,HLPPL
1568,2026-06-03 14:30:00,0.009129367673704536,0.1027434232330183,0.20373098018007973,HLPPL
1571,2026-06-03 17:30:00,-0.016063508113749236,-0.18078139381894892,-0.2663581531027607,HLPPL
1574,2026-06-04 13:30:00,-0.033589567828100186,-0.3780225867687367,-0.47387757795520796,HLPPL
1577,2026-06-04 16:30:00,-0.04149131960607555,-0.46695021639473705,-0.5802374263114662,HLPPL
1580,2026-06-04 19:30:00,-0.057989754609409694,-0.6526263498155044,-0.7693989556646539,HLPPL
1583,2026-06-05 15:30:00,-0.02056994859842831,-0.2314976250564526,-0.3546372829522215,HLPPL
1586,2026-06-05 18:30:00,0.005039155499581227,0.05671149467686802,0.18162112235903938,HLPPL
1589,2026-06-08 14:30:00,0.04025485802736117,0.45303487199918513,0.5341703234740809,HLPPL
1592,2026-06-08 17:30:00,0.030531113305555024,0.3436022305425442,0.41906550613527693,HLPPL
1595,2026-06-09 13:30:00,0.036055909463734714,0.4057792060181822,0.4873291157895844,HLPPL
1596,2026-06-09 14:30:00,0.012127711186057155,0.1364872801460146,0.24070024942077178,HLPPL
1597,2026-06-09 15:30:00,-0.0009708762249021063,-0.010926402621433136,-0.12856661527887545,HLPPL
1598,2026-06-09 16:30:00,0.013957459626063873,0.15707957362139396,0.27686448595567636,HLPPL
1599,2026-06-09 17:30:00,0.022145511989307032,0.24922927768402328,0.3375723123347684,HLPPL
1600,2026-06-09 18:30:00,-0.0027829870279161284,-0.031320199194602015,-0.11418664832467326,HLPPL
1601,2026-06-09 19:30:00,-0.0011316717397029663,-0.01273602210677171,-0.11552126005738708,HLPPL
1602,2026-06-10 13:30:00,-0.01679803150378234,-0.18904784229972296,-0.2787608820581354,HLPPL
1603,2026-06-10 14:30:00,-0.04564536947103193,-0.5137005849482568,-0.6575932433156915,HLPPL
1604,2026-06-10 15:30:00,-0.031067845291378404,-0.34964270164121475,-0.4767826620809833,HLPPL
1605,2026-06-10 16:30:00,-0.020342631995616145,-0.2289393661752934,-0.3474029606056077,HLPPL
1606,2026-06-10 17:30:00,-0.010102353508389506,-0.11369356775405765,-0.22767351849843764,HLPPL
1607,2026-06-10 18:30:00,-0.020659709964725437,-0.23250781441206403,-0.3345729730610459,HLPPL
1608,2026-06-10 19:30:00,-0.0181950715692345,-0.2047703637106708,-0.33152631977250124,HLPPL
1609,2026-06-11 13:30:00,0.004118735946444296,0.04635293983716359,0.14427609778884987,HLPPL
1610,2026-06-11 14:30:00,0.00547629584740239,0.06163114490607098,0.14616652626892157,HLPPL
1611,2026-06-11 15:30:00,0.004949916787868602,0.05570718736293781,0.14072534636350076,HLPPL
1612,2026-06-11 16:30:00,0.01213568292721412,0.13657699544776034,0.2318750166275347,HLPPL
1613,2026-06-11 17:30:00,0.0035992373460178584,0.04050641612596383,0.1574799114501399,HLPPL
1614,2026-06-11 18:30:00,0.005687460280817014,0.0640076245845672,0.15514299335497328,HLPPL
1615,2026-06-11 19:30:00,0.006487468795741691,0.07301105355979337,0.1912233566924923,HLPPL
1616,2026-06-12 13:30:00,-9.151022017483967e-06,-0.00010298712482192151,-0.09172612193280362,HLPPL
1617,2026-06-12 14:30:00,-0.009627180243005462,-0.10834588874064822,-0.20255126611451474,HLPPL
1618,2026-06-12 15:30:00,-0.012929219953836224,-0.1455075932165565,-0.23182382280471941,HLPPL
1619,2026-06-12 16:30:00,-0.008489329774486798,-0.09554033019143683,-0.16957939938919173,HLPPL
1620,2026-06-12 17:30:00,-0.006030594227049768,-0.06786931112447428,-0.14261548679580455,HLPPL
1621,2026-06-12 18:30:00,-0.018208650098444856,-0.2049231787383271,-0.309735725391634,HLPPL
1622,2026-06-12 19:30:00,-0.007986537522834958,-0.08988182250984346,-0.19229474655493228,HLPPL
1623,2026-06-15 13:30:00,-0.10086865630621666,-1.0,-1.1478818333506198,HLPPL
1624,2026-06-15 14:30:00,-0.08609133431762483,-0.8534993671004113,-0.997769026906429,HLPPL
1625,2026-06-15 15:30:00,-0.05415251241672614,-0.5368616416613121,-0.7147348922218387,HLPPL
1626,2026-06-15 16:30:00,-0.04557360193520754,-0.4518113317268288,-0.5994563379512531,HLPPL
1627,2026-06-15 17:30:00,-0.036721651524683985,-0.3640541360361195,-0.5026310274591826,HLPPL
1628,2026-06-15 18:30:00,-0.023919320427767232,-0.2371333306468667,-0.3760182723309714,HLPPL
1629,2026-06-15 19:30:00,-0.021140868801898804,-0.2095880878765693,-0.3404510495863153,HLPPL
1630,2026-06-16 13:30:00,-0.03962903596278178,-0.3928776035488776,-0.503539027080705,HLPPL
1631,2026-06-16 14:30:00,-0.027219587757296715,-0.26985179295601597,-0.3689146799701598,HLPPL
1632,2026-06-16 15:30:00,-0.020091031900751233,-0.19918012826262857,-0.28318842554906165,HLPPL
1633,2026-06-16 16:30:00,-0.017699063008603133,-0.17546642987760627,-0.2637852768529383,HLPPL
1634,2026-06-16 17:30:00,-0.020553157082759732,-0.20376158298733096,-0.30434433083770673,HLPPL
1635,2026-06-16 18:30:00,-0.017999743160104664,-0.1784473375501416,-0.28349722074643313,HLPPL
1636,2026-06-16 19:30:00,-0.01949266223173929,-0.19324796171135206,-0.28956286820767596,HLPPL
1637,2026-06-17 13:30:00,-0.022977231248171748,-0.22779356927703648,-0.3229030199924956,HLPPL
1638,2026-06-17 14:30:00,-0.009766319564287862,-0.09682214398335305,-0.19731300209001726,HLPPL
1639,2026-06-17 15:30:00,-0.01014304698312074,-0.1005569753237172,-0.1863780426619739,HLPPL
1640,2026-06-17 16:30:00,-0.0014524298442664119,-0.014399218721196514,-0.13765378537553885,HLPPL
1641,2026-06-17 17:30:00,-0.026332739821866902,-0.2610596867864094,-0.3628380875105361,HLPPL
1642,2026-06-17 18:30:00,-0.02747827017816551,-0.27241634006452,-0.3807846944666902,HLPPL
1643,2026-06-17 19:30:00,-0.03593280312356484,-0.3562335857283573,-0.4536205799746123,HLPPL
1644,2026-06-18 13:30:00,-0.03768670099610283,-0.37362152303976065,-0.4733203964299414,HLPPL
1645,2026-06-18 14:30:00,-0.032070149346568044,-0.31793969029595887,-0.4017487853795341,HLPPL
1646,2026-06-18 15:30:00,-0.016062854201353893,-0.15924524812336496,-0.23698282045148666,HLPPL
1647,2026-06-18 16:30:00,-0.030976853942581428,-0.3071008881940691,-0.3959434863347385,HLPPL
1648,2026-06-18 17:30:00,-0.021916667880452323,-0.21727926873455902,-0.30611705060837535,HLPPL
1649,2026-06-18 18:30:00,-0.02006742101894865,-0.1989460527562502,-0.296524527066732,HLPPL
1650,2026-06-18 19:30:00,-0.0062931786829834024,-0.06238983360577934,-0.16128139566998725,HLPPL
1651,2026-06-22 13:30:00,-0.03728401573931084,-0.3696293487456021,-0.46929330984620204,HLPPL
1652,2026-06-22 14:30:00,-0.022146365426446657,-0.2195564632011634,-0.3323599836249402,HLPPL
1653,2026-06-22 15:30:00,-0.005735997177306551,-0.056866001663522056,-0.15130623075326538,HLPPL
1654,2026-06-22 16:30:00,-0.03452208115456035,-0.3422478539791226,-0.4664540586492635,HLPPL
1655,2026-06-22 17:30:00,-0.030413384615266104,-0.3015147195273155,-0.38689766298200906,HLPPL
1656,2026-06-22 18:30:00,-0.00842254535266207,-0.08350012443006022,-0.20190265096890897,HLPPL
1657,2026-06-22 19:30:00,-0.01943334271730013,-0.19265987501909873,-0.31140566660075386,HLPPL
1658,2026-06-23 13:30:00,-0.040971204265386696,-0.4061837023089361,-0.5252196028663048,HLPPL
1659,2026-06-23 14:30:00,-0.027740493153265877,-0.2750159878114307,-0.38064907410590526,HLPPL
1660,2026-06-23 15:30:00,-0.006764505501648976,-0.0670625122745099,-0.17549067175424016,HLPPL
1661,2026-06-23 16:30:00,0.008283603194565892,0.08212266820942436,0.17818298843056096,HLPPL
1662,2026-06-23 17:30:00,-0.0010998396004859856,-0.010903680496616282,-0.10161427775651802,HLPPL
1663,2026-06-23 18:30:00,0.012887476087804384,0.12776492281884508,0.24752787267413623,HLPPL
1664,2026-06-23 19:30:00,-0.003930710267950666,-0.03896859948265625,-0.15058597396237905,HLPPL
1665,2026-06-24 13:30:00,-0.023754831901499074,-0.23550261073553166,-0.36530455850014615,HLPPL
1666,2026-06-24 14:30:00,-0.014543037416167692,-0.14417796319223286,-0.2558334613420056,HLPPL
1667,2026-06-24 15:30:00,-0.008964390476566386,-0.08887191328644574,-0.19785803602956595,HLPPL
1668,2026-06-24 16:30:00,-0.008492594371874773,-0.08419458217122462,-0.1918546326673422,HLPPL
1669,2026-06-24 17:30:00,0.004895003901980832,0.048528493203286054,0.15466634388777048,HLPPL
1670,2026-06-24 18:30:00,0.00933338581593901,0.09253008970006257,0.1986907954250921,HLPPL
1671,2026-06-24 19:30:00,0.017944469090500625,0.1778993569223811,0.28239898290932497,HLPPL
1672,2026-06-25 13:30:00,-0.0008073971739706032,-0.008004440661125791,-0.1129327184303603,HLPPL
1673,2026-06-25 14:30:00,0.02746932384932732,0.27232764721219305,0.3775715364982352,HLPPL
1674,2026-06-25 15:30:00,0.017966193026160315,0.1781147254665376,0.2778683914620646,HLPPL
1675,2026-06-25 16:30:00,0.023280163592445557,0.23079680492393723,0.31017116540701223,HLPPL
1676,2026-06-25 17:30:00,0.02048118716531455,0.20304808168692012,0.2945096291654434,HLPPL
1677,2026-06-25 18:30:00,0.03646173185959345,0.3614773230338577,0.46695708563063726,HLPPL
1678,2026-06-25 19:30:00,0.03738397389562165,0.3706203221556906,0.48480406749224064,HLPPL
1679,2026-06-26 13:30:00,0.03892996420699246,0.3859470883483273,0.4744242235293054,HLPPL
1680,2026-06-26 14:30:00,0.036313338310856036,0.36000616683755704,0.47774920465620957,HLPPL
1681,2026-06-26 15:30:00,0.04438537245047858,0.4400313643093811,0.5394245283674254,HLPPL
1682,2026-06-26 16:30:00,0.03916895298539025,0.38831639500065607,0.4831975566014857,HLPPL
1683,2026-06-26 17:30:00,0.0418185676223648,0.4145843630097754,0.5145356711804951,HLPPL
1684,2026-06-26 18:30:00,0.0330093525123587,0.32725084006422217,0.42512003808772575,HLPPL
1685,2026-06-26 19:30:00,0.043208551839774234,0.4283645031277296,0.5491335531022729,HLPPL
1686,2026-06-29 13:30:00,0.03885272284144303,0.3851813265311485,0.48779461694292703,HLPPL
1687,2026-06-29 14:30:00,0.025606312444314216,0.25385797116775977,0.37134946208746555,HLPPL
1688,2026-06-29 15:30:00,0.02563631200554939,0.25415538329094794,0.3437825636296575,HLPPL
1689,2026-06-29 16:30:00,0.03510624400777651,0.34803917582882354,0.458609394676897,HLPPL
1690,2026-06-29 17:30:00,0.04562362654695962,0.4523072698465973,0.551665029485275,HLPPL
1691,2026-06-29 18:30:00,0.042950775269014585,0.42580893651071144,0.5447748671474067,HLPPL
1692,2026-06-29 19:30:00,0.045038044024032775,0.44650187355828813,0.556990312806116,HLPPL
1693,2026-06-30 13:30:00,0.061574388029488336,0.6104412439337058,0.6918183420246032,HLPPL
1694,2026-06-30 14:30:00,0.04220511698705298,0.41841656796663235,0.4967760817974074,HLPPL
1695,2026-06-30 15:30:00,0.04609442404142339,0.45697470085742115,0.533279247981018,HLPPL
1696,2026-06-30 16:30:00,0.05225850522311459,0.5180846770127326,0.6316359225339675,HLPPL
1697,2026-06-30 17:30:00,-0.010538715349082572,-0.10447958498712606,-0.2142420247640962,HLPPL
1698,2026-06-30 18:30:00,-0.00887801512307096,-0.08801559818660731,-0.1965705903940866,HLPPL
1699,2026-06-30 19:30:00,0.00844021519598348,0.08367530117939422,0.1952468493637998,HLPPL
1700,2026-07-01 13:30:00,-0.03175472181793415,-0.3148125788603081,-0.47719382843080893,HLPPL
1701,2026-07-01 14:30:00,-0.03048170761654001,-0.3021920657295539,-0.46430506504355745,HLPPL
1702,2026-07-01 15:30:00,0.025812865589089906,0.25590571476165314,0.3972228149061336,HLPPL
1703,2026-07-01 16:30:00,0.027230109689155846,0.2699561061514569,0.41744339739066766,HLPPL
1704,2026-07-01 17:30:00,0.029466513902070446,0.292127554595514,0.4355196885857486,HLPPL
1705,2026-07-01 18:30:00,0.02932725022753102,0.29074691089865884,0.42938834543813437,HLPPL
1706,2026-07-01 19:30:00,0.028558510437774576,0.2831257149998783,0.4216384022402071,HLPPL
1707,2026-07-02 13:30:00,0.06769415545322,0.6711118987023516,0.799670075141126,HLPPL
1708,2026-07-02 14:30:00,0.03578147613643701,0.35473334776872356,0.45961473779507184,HLPPL
1709,2026-07-02 15:30:00,0.0213361197458366,0.21152378278009865,0.3099308637954027,HLPPL
1710,2026-07-02 16:30:00,0.018575021230928357,0.18415057671174265,0.2986490374998677,HLPPL
1711,2026-07-02 17:30:00,0.01940910582404598,0.19241959330878658,0.31250086797541443,HLPPL
1712,2026-07-02 18:30:00,0.025366911116242896,0.2514845745464689,0.3953800896888042,HLPPL
1713,2026-07-02 19:30:00,0.02979568180327341,0.2953908864694281,0.4226254132072207,HLPPL
1714,2026-07-06 13:30:00,0.04919595634651186,0.487722927498538,0.5949779461985751,HLPPL
1715,2026-07-06 14:30:00,0.062103589805204695,0.6156876881225707,0.7009976194571242,HLPPL
1716,2026-07-06 15:30:00,0.05656742246496416,0.5608027759707337,0.6650124121193669,HLPPL
1717,2026-07-06 16:30:00,0.04610978688113665,0.45712700624420677,0.5460268149177788,HLPPL
1718,2026-07-06 17:30:00,0.039134915608302734,0.38797895244581343,0.4846374951646748,HLPPL
1719,2026-07-06 18:30:00,0.04553372985065218,0.45141604456810713,0.5526633863037844,HLPPL
1720,2026-07-06 19:30:00,0.04076627316092063,0.4041520394319772,0.5140610107601156,HLPPL
1721,2026-07-07 13:30:00,0.0055451436164632995,0.05497390189901385,0.1455797636589033,HLPPL
1722,2026-07-07 14:30:00,0.018972439451502066,0.18809053422805208,0.276388537064714,HLPPL
1723,2026-07-07 15:30:00,0.027493617177309915,0.2725684884097683,0.36736259379185043,HLPPL
1724,2026-07-07 16:30:00,0.022651343858677286,0.22456276001052722,0.2949882909854772,HLPPL
1725,2026-07-07 17:30:00,0.022863004937466958,0.22666114306172117,0.30992850424992296,HLPPL
1726,2026-07-07 18:30:00,0.03431629984191664,0.3402077622382453,0.4556105513378887,HLPPL
1727,2026-07-07 19:30:00,0.0343349638486643,0.34039279500690833,0.4259704751462436,HLPPL
1728,2026-07-08 13:30:00,0.03755139624020831,0.37228012759692103,0.4937390373048223,HLPPL
1729,2026-07-08 14:30:00,0.01369025570946203,0.13572358560920258,0.24446708241889606,HLPPL
1730,2026-07-08 15:30:00,0.013940050760410383,0.13820002437715867,0.2304755954614343,HLPPL
1731,2026-07-08 16:30:00,0.026669179447266878,0.26439510967911267,0.3659752928033835,HLPPL
1732,2026-07-08 17:30:00,0.023520040267134945,0.23317491407571547,0.32177784717031066,HLPPL
1733,2026-07-08 18:30:00,0.04166924930989957,0.41310403881459695,0.4981976114582948,HLPPL
1734,2026-07-08 19:30:00,0.05547969198689806,0.5500191438901797,0.6429347916945249,HLPPL
1735,2026-07-09 13:30:00,0.04114786964121642,0.40793514207525355,0.4917957870752381,HLPPL
1736,2026-07-09 14:30:00,0.0531851819919833,0.5272716415545771,0.6010012517044426,HLPPL
1737,2026-07-09 15:30:00,0.0435666826757477,0.4319149701319322,0.5035884817817466,HLPPL
1738,2026-07-09 16:30:00,0.04705087835266397,0.4664568764535447,0.5506330120157805,HLPPL
1739,2026-07-09 17:30:00,0.051103615872172714,0.5066352397620184,0.5905774390861479,HLPPL
1740,2026-07-09 18:30:00,0.05295172053941588,0.5249571321607106,0.6126215188640751,HLPPL
1741,2026-07-09 19:30:00,0.05042864196806329,0.4999436278299596,0.5963225115780496,HLPPL
1742,2026-07-10 13:30:00,0.05305766511726295,0.5260074542501162,0.5908689856543515,HLPPL
1743,2026-07-10 14:30:00,0.049881298134865304,0.49451732541609217,0.5915080763128274,HLPPL
1744,2026-07-10 15:30:00,0.04962562622486333,0.49198262415839117,0.5597590219316794,HLPPL
1745,2026-07-10 16:30:00,0.04789331978169775,0.4748087417393903,0.5873480606560908,HLPPL
1746,2026-07-10 17:30:00,0.0572998586596043,0.5680640622955621,0.6635843469028486,HLPPL
1747,2026-07-10 18:30:00,0.0630156135432891,0.6247293842399027,0.6896497472443088,HLPPL
1748,2026-07-10 19:30:00,0.04687061944459181,0.46466981083104913,0.5395326509432447,HLPPL
1112,2026-03-02 14:30:00,0.016440047954466408,1.0,1.1309967305328357,HLPPL-DAE
1115,2026-03-02 17:30:00,-0.005088976670561074,-0.30954755634873365,-0.38574513701440716,HLPPL-DAE
1118,2026-03-02 20:30:00,-0.002232183907349139,-0.13577721388231734,-0.23043532472046757,HLPPL-DAE
1121,2026-03-03 16:30:00,-0.006859340751093512,-0.4172336218295505,-0.5495052680226673,HLPPL-DAE
1124,2026-03-03 19:30:00,-0.01673940542336183,-1.0,-1.0867009288022949,HLPPL-DAE
1127,2026-03-04 15:30:00,-0.024778247078739213,-1.0,-1.1438817916000994,HLPPL-DAE
1130,2026-03-04 18:30:00,-0.04201248428872972,-1.0,-1.1260493456648488,HLPPL-DAE
1133,2026-03-05 14:30:00,-0.03697377468214036,-0.8800663733198694,-0.986383036411656,HLPPL-DAE
1136,2026-03-05 17:30:00,-0.03765820215766702,-0.8963574231616962,-1.0163038583000545,HLPPL-DAE
1139,2026-03-05 20:30:00,0.012041575395278947,0.28661898002802044,0.3793750069561075,HLPPL-DAE
1142,2026-03-06 16:30:00,-0.0045870142671642355,-0.10918217155738988,-0.1934211795663727,HLPPL-DAE
1145,2026-03-06 19:30:00,-0.012966855113350384,-0.30864290300559244,-0.4043252734895662,HLPPL-DAE
1148,2026-03-09 14:30:00,-0.015329786180985572,-0.36488644840976336,-0.4150645836614705,HLPPL-DAE
1151,2026-03-09 17:30:00,0.004117248936402973,0.09800060639373966,0.18970910608409441,HLPPL-DAE
1154,2026-03-10 13:30:00,0.013808128951573906,0.3286672803416692,0.39878527928865026,HLPPL-DAE
1157,2026-03-10 16:30:00,0.027318008420681217,0.6502354926916224,0.724725927100689,HLPPL-DAE
1160,2026-03-10 19:30:00,0.010542674356871728,0.250941465027811,0.3564618283642035,HLPPL-DAE
1163,2026-03-11 15:30:00,0.003823810969013408,0.09101606424258002,0.17277129927009655,HLPPL-DAE
1166,2026-03-11 18:30:00,0.01812723023953744,0.4314724669685923,0.5258712655881488,HLPPL-DAE
1169,2026-03-12 14:30:00,0.012045545881608888,0.2867134873250099,0.34599528376177463,HLPPL-DAE
1172,2026-03-12 17:30:00,0.02895157061062026,0.6891182728365057,0.7888926593891133,HLPPL-DAE
1175,2026-03-13 13:30:00,-0.0008124640894617841,-0.01933863477051596,-0.09712087214838425,HLPPL-DAE
1178,2026-03-13 16:30:00,0.01967827388560739,0.46839110371024373,0.5496742070520346,HLPPL-DAE
1181,2026-03-13 19:30:00,0.0265705692497491,0.6324446102054699,0.7556734955376713,HLPPL-DAE
1184,2026-03-16 15:30:00,-0.00654856485010491,-0.1558718785849479,-0.2634288687422184,HLPPL-DAE
1187,2026-03-16 18:30:00,0.00039626353956290217,0.009432042552865743,0.11059095820259789,HLPPL-DAE
1190,2026-03-17 14:30:00,0.017584058245520673,0.41854364347213274,0.47341392442688174,HLPPL-DAE
1193,2026-03-17 17:30:00,0.0007754438237972394,0.01845746179797466,0.13847548640494864,HLPPL-DAE
1196,2026-03-18 13:30:00,-0.023964761680373314,-0.5704200093399882,-0.6417225382336234,HLPPL-DAE
1199,2026-03-18 16:30:00,-0.016725126625371622,-0.3980989676884761,-0.4748837125600678,HLPPL-DAE
1202,2026-03-18 19:30:00,-0.03645988972732184,-0.8678346530700773,-0.9577856564055789,HLPPL-DAE
1205,2026-03-19 15:30:00,-0.05869057508842879,-1.0,-1.1174134922057137,HLPPL-DAE
1208,2026-03-19 18:30:00,0.011518043184360671,0.1962503036817495,0.3116344009457762,HLPPL-DAE
1211,2026-03-20 14:30:00,-0.025021785448964273,-0.42633396267227025,-0.4873260129186809,HLPPL-DAE
1214,2026-03-20 17:30:00,-0.045338376280430026,-0.7724984158379591,-0.8652284019766658,HLPPL-DAE
1217,2026-03-23 13:30:00,-0.022122876224766053,-0.3769408664241853,-0.4627833192269866,HLPPL-DAE
1220,2026-03-23 16:30:00,-0.05632274591298536,-0.9596557169208885,-1.0421976436625238,HLPPL-DAE
1223,2026-03-23 19:30:00,-0.06801491679197813,-1.0,-1.111656240088166,HLPPL-DAE
1226,2026-03-24 15:30:00,-0.052941885002409705,-0.7783863819804573,-0.8659301983234854,HLPPL-DAE
1229,2026-03-24 18:30:00,-0.05433782306440271,-0.7989103806536079,-0.9061250207524372,HLPPL-DAE
1232,2026-03-25 14:30:00,-0.013120289417380526,-0.19290311649587977,-0.2533423915866761,HLPPL-DAE
1235,2026-03-25 17:30:00,-0.006564838701623721,-0.09652057241652019,-0.16558661707897704,HLPPL-DAE
1238,2026-03-26 13:30:00,-0.0006006614353770701,-0.008831319123923619,-0.05353458054822643,HLPPL-DAE
1241,2026-03-26 16:30:00,-0.0014455905367443123,-0.021254021984112893,-0.08195847285186188,HLPPL-DAE
1244,2026-03-26 19:30:00,0.01971050746633285,0.2897968327538638,0.3602697233053966,HLPPL-DAE
1247,2026-03-27 15:30:00,0.04426613970664128,0.6508298737176748,0.705571261141337,HLPPL-DAE
1250,2026-03-27 18:30:00,0.04525749454754191,0.6654054240183928,0.7302207090647557,HLPPL-DAE
1253,2026-03-30 14:30:00,0.05160097116644824,0.7586713856354258,0.8570263475177273,HLPPL-DAE
1256,2026-03-30 17:30:00,0.03076057706926516,0.45226221717429416,0.5855355553497563,HLPPL-DAE
1259,2026-03-31 13:30:00,0.06849618451666029,1.0,1.1232404430913887,HLPPL-DAE
1262,2026-03-31 16:30:00,0.03906699008144443,0.5703527920148923,0.6888814133660268,HLPPL-DAE
1265,2026-03-31 19:30:00,0.049189599278824936,0.7181363403805445,0.8296159644932557,HLPPL-DAE
1268,2026-04-01 15:30:00,0.08759464528298277,1.0,1.1192667466193655,HLPPL-DAE
1271,2026-04-01 18:30:00,0.06962231047130807,0.7948238188120589,0.911176120940304,HLPPL-DAE
1274,2026-04-02 14:30:00,0.05019756698890898,0.5730666164209125,0.6473622739848324,HLPPL-DAE
1277,2026-04-02 17:30:00,0.0523904693820354,0.5981012790540225,0.6722066750356456,HLPPL-DAE
1280,2026-04-06 13:30:00,0.035137563720645915,0.4011382614443006,0.4823227608710349,HLPPL-DAE
1283,2026-04-06 16:30:00,0.04732986850942744,0.5403283312184647,0.6131796905665406,HLPPL-DAE
1286,2026-04-06 19:30:00,0.053195876952857546,0.6072959914501993,0.6965907739881018,HLPPL-DAE
1289,2026-04-07 15:30:00,0.06656120560454859,0.7598775631719991,0.8319658476650218,HLPPL-DAE
1292,2026-04-07 18:30:00,0.06670931302473715,0.7615683905017985,0.8427187828286551,HLPPL-DAE
1295,2026-04-08 14:30:00,0.026711861783671687,0.3049485696000765,0.40952709508635676,HLPPL-DAE
1298,2026-04-08 17:30:00,-0.0012147865479761322,-0.01386827407145322,-0.08847706627764905,HLPPL-DAE
1301,2026-04-09 13:30:00,0.013700833931960865,0.15641177480311755,0.25713117732406165,HLPPL-DAE
1304,2026-04-09 16:30:00,0.05857691486513961,0.6687271199729315,0.7527672481391945,HLPPL-DAE
1307,2026-04-09 19:30:00,-0.010115997580179226,-0.115486483762775,-0.2187147552380469,HLPPL-DAE
1310,2026-04-10 15:30:00,0.00010731979780764789,0.001225186738994617,0.06442425089466762,HLPPL-DAE
1313,2026-04-10 18:30:00,0.0381813662341326,0.4358869895617944,0.49427236236049193,HLPPL-DAE
1316,2026-04-13 14:30:00,-0.015770601796344152,-0.18004070620293894,-0.23305524400394487,HLPPL-DAE
1319,2026-04-13 17:30:00,-0.01042145045046361,-0.11897360183143764,-0.18876607836544979,HLPPL-DAE
1322,2026-04-14 13:30:00,-0.05495206472543135,-0.6273450226084427,-0.6929500047721235,HLPPL-DAE
1325,2026-04-14 16:30:00,-0.06552812746240466,-0.7480837127738785,-0.8224734392761499,HLPPL-DAE
1328,2026-04-14 19:30:00,-0.0681292632782462,-0.7777788591773867,-0.8591294051773555,HLPPL-DAE
1331,2026-04-15 15:30:00,-0.0795163236842713,-0.9077760795467156,-0.9678679090741478,HLPPL-DAE
1334,2026-04-15 18:30:00,-0.07202150335160074,-0.8222135396396488,-0.901835158420538,HLPPL-DAE
1337,2026-04-16 14:30:00,-0.06138537291725399,-0.7007891032487517,-0.77145673513643,HLPPL-DAE
1340,2026-04-16 17:30:00,-0.05409070290386442,-0.6175115240106207,-0.7034770758054517,HLPPL-DAE
1343,2026-04-17 13:30:00,-0.11987206521301985,-1.0,-1.1392303177310505,HLPPL-DAE
1346,2026-04-17 16:30:00,-0.12312668633507773,-1.0,-1.1346352893427536,HLPPL-DAE
1349,2026-04-17 19:30:00,-0.1030737498095684,-0.8371357410615508,-0.956587672249943,HLPPL-DAE
1352,2026-04-20 15:30:00,-0.08224794883612585,-0.6679944964351251,-0.7622652114298036,HLPPL-DAE
1355,2026-04-20 18:30:00,-0.06958547724689712,-0.5651534961115315,-0.6569774591995883,HLPPL-DAE
1358,2026-04-21 14:30:00,-0.07913873707570751,-0.6427423609885745,-0.7372808548270992,HLPPL-DAE
1361,2026-04-21 17:30:00,-0.07166578898027876,-0.5820491975658878,-0.6917688579196031,HLPPL-DAE
1364,2026-04-22 13:30:00,-0.05164171507003257,-0.41941935259667823,-0.5123798833993022,HLPPL-DAE
1367,2026-04-22 16:30:00,-0.0442038881264768,-0.35901143320124823,-0.4334840050502255,HLPPL-DAE
1370,2026-04-22 19:30:00,-0.03681206281197902,-0.29897712598062165,-0.3947560747594373,HLPPL-DAE
1373,2026-04-23 15:30:00,-0.05636727694118271,-0.45779902488226193,-0.5284766817851199,HLPPL-DAE
1376,2026-04-23 18:30:00,-0.03979150363443207,-0.32317529870123546,-0.39244145029608557,HLPPL-DAE
1379,2026-04-24 14:30:00,-0.061937801083158384,-0.5030412409101993,-0.5565708736948641,HLPPL-DAE
1382,2026-04-24 17:30:00,-0.03278910044924732,-0.2663037674872112,-0.3208283432977434,HLPPL-DAE
1385,2026-04-27 13:30:00,0.0050412773619319395,0.04094382389381109,0.09720659209323584,HLPPL-DAE
1388,2026-04-27 16:30:00,-0.017276409414236582,-0.14031409378808793,-0.2682573094254552,HLPPL-DAE
1391,2026-04-27 19:30:00,0.03366594822687574,0.27342527626591867,0.33819383533183706,HLPPL-DAE
1394,2026-04-28 15:30:00,-0.007956244052322425,-0.06461835601317373,-0.13983825274765815,HLPPL-DAE
1397,2026-04-28 18:30:00,-0.012654385849028671,-0.10277533023662268,-0.17568663294868136,HLPPL-DAE
1400,2026-04-29 14:30:00,-0.018799419165277165,-0.15268354671802267,-0.21453507632704386,HLPPL-DAE
1403,2026-04-29 17:30:00,-0.0050445699873931105,-0.040970565663277794,-0.11976614642824725,HLPPL-DAE
1406,2026-04-30 13:30:00,0.002561987594313031,0.020807736085261177,0.07342757354086286,HLPPL-DAE
1409,2026-04-30 16:30:00,0.01331683600019673,0.10815556234459368,0.1677046047060926,HLPPL-DAE
1412,2026-04-30 19:30:00,0.007241005826707614,0.058809394147113614,0.14023717817847642,HLPPL-DAE
1415,2026-05-01 15:30:00,-0.005273412266214805,-0.04282915770074173,-0.1416550938574008,HLPPL-DAE
1418,2026-05-01 18:30:00,-0.005249650427838759,-0.042636170793651736,-0.11119756517450502,HLPPL-DAE
1421,2026-05-04 14:30:00,-0.005189708194537346,-0.04214933698787314,-0.14545912502617175,HLPPL-DAE
1424,2026-05-04 17:30:00,0.007371934389517776,0.059872758773477815,0.20256251123743363,HLPPL-DAE
1427,2026-05-05 13:30:00,0.03381727527600642,0.2746543116085807,0.3411662950507151,HLPPL-DAE
1430,2026-05-05 16:30:00,0.025916060564626697,0.21048288828384912,0.2853640583860355,HLPPL-DAE
1433,2026-05-05 19:30:00,0.02656911271878215,0.21578679252746885,0.28677778164277457,HLPPL-DAE
1436,2026-05-06 15:30:00,0.031269728307664835,0.25396385818885114,0.355381457803301,HLPPL-DAE
1439,2026-05-06 18:30:00,0.0357240004511894,0.29014019230542665,0.39242969182424803,HLPPL-DAE
1442,2026-05-07 14:30:00,0.0454604525839013,0.3692168930802291,0.47546937770429215,HLPPL-DAE
1445,2026-05-07 17:30:00,0.031957038227064416,0.2595459942785785,0.3352753377311998,HLPPL-DAE
1448,2026-05-08 13:30:00,0.02170212377172298,0.17625848967187085,0.24873758360781098,HLPPL-DAE
1451,2026-05-08 16:30:00,0.03233015317486654,0.2625763279853326,0.33665225896039075,HLPPL-DAE
1454,2026-05-08 19:30:00,0.03000997344033607,0.24373248670614542,0.3192595914066394,HLPPL-DAE
1457,2026-05-11 15:30:00,0.0495089679916898,0.4020977861530017,0.5274860552571701,HLPPL-DAE
1460,2026-05-11 18:30:00,0.05347188468367303,0.43428347075104673,0.5685183852844367,HLPPL-DAE
1463,2026-05-12 14:30:00,0.00024557477600950506,0.0019944886305247943,0.10890867779618395,HLPPL-DAE
1466,2026-05-12 17:30:00,0.055692339654931367,0.45231737580730375,0.5546707501539823,HLPPL-DAE
1469,2026-05-13 13:30:00,0.03609826161510998,0.29317983525417024,0.4223116428226073,HLPPL-DAE
1472,2026-05-13 16:30:00,0.026798108097702666,0.2176466280004818,0.35705104200580917,HLPPL-DAE
1475,2026-05-13 19:30:00,0.021334523631407976,0.17327294566628773,0.26335536457045305,HLPPL-DAE
1478,2026-05-14 15:30:00,0.0058958735420180375,0.047884611512836225,0.1378227952345153,HLPPL-DAE
1481,2026-05-14 18:30:00,0.025902154475952344,0.21036994697852957,0.2961588746258828,HLPPL-DAE
1484,2026-05-15 14:30:00,-0.010992605347383666,-0.08927882065686656,-0.17689756910190435,HLPPL-DAE
1487,2026-05-15 17:30:00,0.02725142663861657,0.22132835252671684,0.310090921894344,HLPPL-DAE
1490,2026-05-18 13:30:00,0.010068953600815611,0.08177718332656089,0.1588613566929195,HLPPL-DAE
1493,2026-05-18 16:30:00,-0.01586132308946553,-0.12882116429496385,-0.2099487529675983,HLPPL-DAE
1496,2026-05-18 19:30:00,-0.0375922830255373,-0.3053138531092555,-0.41518634972724583,HLPPL-DAE
1499,2026-05-19 15:30:00,-0.01983964397696969,-0.16113195739693634,-0.2886541672157219,HLPPL-DAE
1502,2026-05-19 18:30:00,-0.016491821667970363,-0.1339418947984145,-0.24232915988831044,HLPPL-DAE
1505,2026-05-20 14:30:00,-0.0019318010789737272,-0.01568954007026967,-0.11404387241184133,HLPPL-DAE
1508,2026-05-20 17:30:00,0.023470752917415183,0.19062279361227777,0.28187600315401234,HLPPL-DAE
1511,2026-05-21 13:30:00,0.00976348676532357,0.07929626838777384,0.174615934905214,HLPPL-DAE
1514,2026-05-21 16:30:00,0.02354910632307128,0.19125915773437283,0.3145653497565068,HLPPL-DAE
1517,2026-05-21 19:30:00,0.0002093235383853198,0.0017000663675433077,0.09138044204991358,HLPPL-DAE
1520,2026-05-22 15:30:00,0.058293150508894165,0.47344042338843445,0.59609326552444,HLPPL-DAE
1523,2026-05-22 18:30:00,0.04991928738927154,0.40543028384131835,0.5185464169049105,HLPPL-DAE
1526,2026-05-26 14:30:00,0.06830570809713254,0.554759574307433,0.6548147692620216,HLPPL-DAE
1529,2026-05-26 17:30:00,0.07730585771715237,0.6278562350551019,0.744262046747552,HLPPL-DAE
1532,2026-05-27 13:30:00,0.02389002622240266,0.1940280123952024,0.3037919206431142,HLPPL-DAE
1535,2026-05-27 16:30:00,0.0023798126477903025,0.019328162875380774,0.10803041223566003,HLPPL-DAE
1538,2026-05-27 19:30:00,-0.006097110403249673,-0.04951900018373725,-0.13598388144129014,HLPPL-DAE
1541,2026-05-28 15:30:00,0.04543609120691716,0.3690190368907281,0.4402914368241634,HLPPL-DAE
1544,2026-05-28 18:30:00,-0.0178812809227038,-0.14522668850229245,-0.2380703534405891,HLPPL-DAE
1547,2026-05-29 14:30:00,-0.019581018782480974,-0.1590314769715565,-0.25394743212857623,HLPPL-DAE
1550,2026-05-29 17:30:00,-0.015908464287644364,-0.12920403172672876,-0.23845690068344153,HLPPL-DAE
1553,2026-06-01 13:30:00,-0.006940322505485597,-0.05636732955354747,-0.15294937265521075,HLPPL-DAE
1556,2026-06-01 16:30:00,0.004576343600895427,0.037167763846428364,0.14173147881184223,HLPPL-DAE
1559,2026-06-01 19:30:00,-0.026859350444460972,-0.21814402095875277,-0.3189623861310537,HLPPL-DAE
1562,2026-06-02 15:30:00,0.008307893553872958,0.0674743534578995,0.19408655731409524,HLPPL-DAE
1565,2026-06-02 18:30:00,0.018987493960967328,0.15421103682831716,0.26687710045932106,HLPPL-DAE
1568,2026-06-03 14:30:00,0.006928770608760182,0.05627350832705903,0.15726106527412048,HLPPL-DAE
1571,2026-06-03 17:30:00,0.00028681552693932133,0.002329434304426741,0.0879061935882385,HLPPL-DAE
1574,2026-06-04 13:30:00,-0.0401280163362534,-0.3259083593547606,-0.4217633505412319,HLPPL-DAE
1577,2026-06-04 16:30:00,-0.055561194360312705,-0.4512522509467048,-0.564539460863434,HLPPL-DAE
1580,2026-06-04 19:30:00,-0.07305660890906829,-0.5933450422782562,-0.7101176481274057,HLPPL-DAE
1583,2026-06-05 15:30:00,-0.14027318736686034,-1.0,-1.1231396578957689,HLPPL-DAE
1586,2026-06-05 18:30:00,-0.14647398386196908,-1.0,-1.1249096276821713,HLPPL-DAE
1589,2026-06-08 14:30:00,-0.12119225595087268,-0.8273978269416032,-0.908533278416499,HLPPL-DAE
1592,2026-06-08 17:30:00,-0.02678659381970583,-0.1828761197957747,-0.2583393953885075,HLPPL-DAE
1595,2026-06-09 13:30:00,-0.07570350123620884,-0.5168392313787862,-0.5983891411501884,HLPPL-DAE
1596,2026-06-09 14:30:00,-0.09981277465647498,-0.6814368806308589,-0.7856498499056161,HLPPL-DAE
1597,2026-06-09 15:30:00,-0.1151838620676342,-0.7863776148546532,-0.9040178275120955,HLPPL-DAE
1598,2026-06-09 16:30:00,-0.10933626968486632,-0.7464552188865172,-0.8662401312207996,HLPPL-DAE
1599,2026-06-09 17:30:00,-0.0946528078229738,-0.6462090080936873,-0.7345520427444324,HLPPL-DAE
1600,2026-06-09 18:30:00,-0.10099276100078747,-0.6894928255379384,-0.7723592746680097,HLPPL-DAE
1601,2026-06-09 19:30:00,-0.09980373040307633,-0.6813751341475573,-0.7841603720981727,HLPPL-DAE
1602,2026-06-10 13:30:00,-0.14870145404177304,-1.0,-1.0897130397584125,HLPPL-DAE
1603,2026-06-10 14:30:00,-0.16229575577643818,-1.0,-1.1438926583674347,HLPPL-DAE
1604,2026-06-10 15:30:00,-0.049582895299257856,-0.3055095006153957,-0.4326494610551643,HLPPL-DAE
1605,2026-06-10 16:30:00,-0.03986576615850357,-0.24563652923504986,-0.36410012366536415,HLPPL-DAE
1606,2026-06-10 17:30:00,-0.13668247201264982,-0.8421814320328218,-0.9561613827772018,HLPPL-DAE
1607,2026-06-10 18:30:00,-0.15184678064249812,-0.935617693241877,-1.037682851890859,HLPPL-DAE
1608,2026-06-10 19:30:00,-0.155746033322548,-0.959643291825127,-1.0863992478869573,HLPPL-DAE
1609,2026-06-11 13:30:00,-0.14917742981752813,-0.9191702463434688,-1.0170934042951552,HLPPL-DAE
1610,2026-06-11 14:30:00,-0.13013069435973712,-0.8018120605630111,-0.8863474419258617,HLPPL-DAE
1611,2026-06-11 15:30:00,-0.1473563135854583,-0.9079492737224817,-0.9929674327230447,HLPPL-DAE
1612,2026-06-11 16:30:00,-0.12991176599060683,-0.8004631135860375,-0.8957611347658119,HLPPL-DAE
1613,2026-06-11 17:30:00,-0.13867821562344762,-0.8544783870656258,-0.971451882389802,HLPPL-DAE
1614,2026-06-11 18:30:00,-0.13504226520718277,-0.8320751492306614,-0.9232105180010675,HLPPL-DAE
1615,2026-06-11 19:30:00,-0.12876160571093997,-0.7933762968411117,-0.9115885999738106,HLPPL-DAE
1616,2026-06-12 13:30:00,-0.13523843573314664,-0.8332838716955551,-0.9249070065035367,HLPPL-DAE
1617,2026-06-12 14:30:00,-0.13436246879448266,-0.8278865220577085,-0.922091899431575,HLPPL-DAE
1618,2026-06-12 15:30:00,-0.13154188234485886,-0.8105072231590414,-0.8968234527472043,HLPPL-DAE
1619,2026-06-12 16:30:00,-0.12967181108250614,-0.7989846096846094,-0.8730236788823643,HLPPL-DAE
1620,2026-06-12 17:30:00,-0.12634194727493764,-0.7784673522145165,-0.8532135278858467,HLPPL-DAE
1621,2026-06-12 18:30:00,-0.13092858667864515,-0.806728346359216,-0.911540893012523,HLPPL-DAE
1622,2026-06-12 19:30:00,-0.11605094813398509,-0.7150584288466844,-0.8174713528917732,HLPPL-DAE
1623,2026-06-15 13:30:00,-0.18159478952524832,-1.0,-1.1478818333506198,HLPPL-DAE
1624,2026-06-15 14:30:00,-0.10558331566212598,-0.581422605451166,-0.7256922652571836,HLPPL-DAE
1625,2026-06-15 15:30:00,-0.07761499969241026,-0.4274076359532272,-0.6052808865137538,HLPPL-DAE
1626,2026-06-15 16:30:00,-0.07328608305477946,-0.40356930529986385,-0.5512143115242881,HLPPL-DAE
1627,2026-06-15 17:30:00,-0.0672382381492298,-0.3702652390248302,-0.5088421304478934,HLPPL-DAE
1628,2026-06-15 18:30:00,-0.10369370567091618,-0.5710169655308253,-0.70990190721493,HLPPL-DAE
1629,2026-06-15 19:30:00,-0.049067844676176975,-0.27020513531504575,-0.40106809702479174,HLPPL-DAE
1630,2026-06-16 13:30:00,-0.07305894320793005,-0.4023184993299171,-0.5129799228617444,HLPPL-DAE
1631,2026-06-16 14:30:00,-0.06796518182653521,-0.3742683476999519,-0.4733312347140957,HLPPL-DAE
1632,2026-06-16 15:30:00,-0.0599442214104009,-0.3300987961555277,-0.4141070934419607,HLPPL-DAE
1633,2026-06-16 16:30:00,-0.05981140161886511,-0.32936738865268567,-0.4176862356280177,HLPPL-DAE
1634,2026-06-16 17:30:00,-0.04923923238404537,-0.27114892730553436,-0.3717316751559101,HLPPL-DAE
1635,2026-06-16 18:30:00,-0.05265432424241645,-0.2899550387985971,-0.3950049219948886,HLPPL-DAE
1636,2026-06-16 19:30:00,-0.04222242608729676,-0.23250901745408448,-0.3288239239504084,HLPPL-DAE
1637,2026-06-17 13:30:00,-0.03629605399189284,-0.19987387351136723,-0.2949833242268264,HLPPL-DAE
1638,2026-06-17 14:30:00,-0.017409474519264556,-0.09586990113966899,-0.1963607592463332,HLPPL-DAE
1639,2026-06-17 15:30:00,-0.02342269252295548,-0.12898328517128993,-0.2148043525095466,HLPPL-DAE
1640,2026-06-17 16:30:00,0.006598958525760423,0.036338919982298976,0.1595934866366413,HLPPL-DAE
1641,2026-06-17 17:30:00,-0.03295854881594451,-0.18149501371768195,-0.28327341444180865,HLPPL-DAE
1642,2026-06-17 18:30:00,-0.03765833911844396,-0.20737565883303097,-0.31574401323520124,HLPPL-DAE
1643,2026-06-17 19:30:00,-0.04347200179112232,-0.23939013836670747,-0.3367771326129625,HLPPL-DAE
1644,2026-06-18 13:30:00,-0.0339765311825575,-0.1871008043313573,-0.2867996777215381,HLPPL-DAE
1645,2026-06-18 14:30:00,-0.036253344845254,-0.19963868423776254,-0.2834477793213378,HLPPL-DAE
1646,2026-06-18 15:30:00,-0.024046550409036804,-0.13241872452344483,-0.21015629685156653,HLPPL-DAE
1647,2026-06-18 16:30:00,-0.03421596272773364,-0.18841929780687,-0.2772618959475394,HLPPL-DAE
1648,2026-06-18 17:30:00,-0.029111619067261785,-0.16031087204302305,-0.2491486539168394,HLPPL-DAE
1649,2026-06-18 18:30:00,-0.02514554834715721,-0.13847064892608638,-0.23604912323656815,HLPPL-DAE
1650,2026-06-18 19:30:00,-0.009501909147672905,-0.05232478956314873,-0.15121635162735664,HLPPL-DAE
1651,2026-06-22 13:30:00,-0.04586190455281969,-0.2525507734705307,-0.3522147345711306,HLPPL-DAE
1652,2026-06-22 14:30:00,-0.016064471479915632,-0.08846328422700742,-0.2012668046507842,HLPPL-DAE
1653,2026-06-22 15:30:00,-0.0015026039873609065,-0.008274488443689568,-0.10271471753343289,HLPPL-DAE
1654,2026-06-22 16:30:00,-0.032325782219637667,-0.17801051618357805,-0.3022167208537189,HLPPL-DAE
1655,2026-06-22 17:30:00,-0.03003710158262951,-0.16540728762734272,-0.2507902310820363,HLPPL-DAE
1656,2026-06-22 18:30:00,-0.009111858774239145,-0.050176873455789674,-0.16857939999463842,HLPPL-DAE
1657,2026-06-22 19:30:00,-0.02213307239340434,-0.1218816489794,-0.24062744056105512,HLPPL-DAE
1658,2026-06-23 13:30:00,-0.03092214495166168,-0.1702810142983886,-0.2893169148557572,HLPPL-DAE
1659,2026-06-23 14:30:00,-0.027991675092346124,-0.15414360271859154,-0.25977668901306605,HLPPL-DAE
1660,2026-06-23 15:30:00,-0.005256119844549545,-0.02894422168329203,-0.13737238116302228,HLPPL-DAE
1661,2026-06-23 16:30:00,0.009235455587124797,0.050857492174029205,0.1469178123951658,HLPPL-DAE
1662,2026-06-23 17:30:00,0.0055768820529800145,0.030710584084267592,0.12142118134416932,HLPPL-DAE
1663,2026-06-23 18:30:00,0.007124219520105335,0.039231409330248476,0.1589943591855396,HLPPL-DAE
1664,2026-06-23 19:30:00,0.009828197453756626,0.054121582890406375,0.16573895737012917,HLPPL-DAE
1665,2026-06-24 13:30:00,-0.021078197453582526,-0.11607269960051296,-0.24587464736512743,HLPPL-DAE
1666,2026-06-24 14:30:00,-0.017051759471893746,-0.0939000481042047,-0.20555554625397743,HLPPL-DAE
1667,2026-06-24 15:30:00,-0.011860147226056217,-0.06531105466771789,-0.1742971774108381,HLPPL-DAE
1668,2026-06-24 16:30:00,-0.010388550415406428,-0.05720731548832264,-0.16486736598444024,HLPPL-DAE
1669,2026-06-24 17:30:00,-0.004169960302462528,-0.022962995322521357,-0.12910084600700578,HLPPL-DAE
1670,2026-06-24 18:30:00,-0.003084548885987637,-0.016985888714382807,-0.12314659443941232,HLPPL-DAE
1671,2026-06-24 19:30:00,0.0026398477112974383,0.014537023436624556,0.11903664942356845,HLPPL-DAE
1672,2026-06-25 13:30:00,0.007338527806583173,0.04041155490071398,0.1453398326699485,HLPPL-DAE
1673,2026-06-25 14:30:00,-0.0013186020801048137,-0.007261233009780161,-0.11250512229582234,HLPPL-DAE
1674,2026-06-25 15:30:00,0.021892064647946352,0.12055447573787657,0.22030814173340357,HLPPL-DAE
1675,2026-06-25 16:30:00,0.01668724533212007,0.09189275405834225,0.17126711454141727,HLPPL-DAE
1676,2026-06-25 17:30:00,0.02591891104762123,0.1427293762964358,0.23419092377495904,HLPPL-DAE
1677,2026-06-25 18:30:00,0.02923704652266368,0.1610015716811008,0.26648133427788034,HLPPL-DAE
1678,2026-06-25 19:30:00,0.03085391395872561,0.16990528219112688,0.28408902752767695,HLPPL-DAE
1679,2026-06-26 13:30:00,0.0543108231956948,0.2990769907973797,0.3875541259783578,HLPPL-DAE
1680,2026-06-26 14:30:00,0.0440257724331814,0.24243962367136201,0.36018266149001454,HLPPL-DAE
1681,2026-06-26 15:30:00,0.0556873448756412,0.3066571734862394,0.40605033754428366,HLPPL-DAE
1682,2026-06-26 16:30:00,0.04640897110481035,0.25556334092040567,0.3504445025212353,HLPPL-DAE
1683,2026-06-26 17:30:00,0.04664742396040111,0.2568764449814537,0.3568277531521734,HLPPL-DAE
1684,2026-06-26 18:30:00,0.03863002752297673,0.21272651943356416,0.3105957174570677,HLPPL-DAE
1685,2026-06-26 19:30:00,0.05177331921194561,0.28510355031275403,0.4058726002872972,HLPPL-DAE
1686,2026-06-29 13:30:00,0.04852540569124342,0.267218050793779,0.36983134120555755,HLPPL-DAE
1687,2026-06-29 14:30:00,0.031189235894907963,0.17175182160483474,0.28924331252454055,HLPPL-DAE
1688,2026-06-29 15:30:00,0.0335137212011114,0.184552218093525,0.27417939843223454,HLPPL-DAE
1689,2026-06-29 16:30:00,0.04300690124151885,0.2368289385061861,0.3473991573542595,HLPPL-DAE
1690,2026-06-29 17:30:00,0.05391799381399753,0.29691377134199637,0.396271530980674,HLPPL-DAE
1691,2026-06-29 18:30:00,0.05098849265272154,0.28078169415555987,0.3997476247922552,HLPPL-DAE
1692,2026-06-29 19:30:00,0.05257073113637922,0.28949471113029906,0.399983150378127,HLPPL-DAE
1693,2026-06-30 13:30:00,0.060561739481117094,0.3334993236284282,0.41487642171932565,HLPPL-DAE
1694,2026-06-30 14:30:00,0.04894743162124726,0.26954204880664695,0.347901562637422,HLPPL-DAE
1695,2026-06-30 15:30:00,0.053590859322764306,0.29511231827118706,0.3714168653947839,HLPPL-DAE
1696,2026-06-30 16:30:00,0.05893414352893478,0.32453653369135227,0.4380877792125871,HLPPL-DAE
1697,2026-06-30 17:30:00,0.056763632586430024,0.3125840379827517,0.42234647775972184,HLPPL-DAE
1698,2026-06-30 18:30:00,0.050661342178442315,0.2789801530698574,0.3875351452773367,HLPPL-DAE
1699,2026-06-30 19:30:00,0.05008278166101965,0.2757941557241449,0.38736570390855046,HLPPL-DAE
1700,2026-07-01 13:30:00,-0.03537012231169445,-0.1947749844814612,-0.357156234051962,HLPPL-DAE
1701,2026-07-01 14:30:00,-0.009181607834495953,-0.05056096520445248,-0.212673964518456,HLPPL-DAE
1702,2026-07-01 15:30:00,-0.017562516174923992,-0.09671266571490565,-0.23802976585938612,HLPPL-DAE
1703,2026-07-01 16:30:00,-0.023080283936726342,-0.12709772123454752,-0.2745850124737583,HLPPL-DAE
1704,2026-07-01 17:30:00,0.03274849526022727,0.1803382979536097,0.3237304319438443,HLPPL-DAE
1705,2026-07-01 18:30:00,0.033525478565014755,0.1846169631444931,0.32325839768396863,HLPPL-DAE
1706,2026-07-01 19:30:00,0.0379363127918233,0.20890639478699782,0.34741908202732663,HLPPL-DAE
1707,2026-07-02 13:30:00,0.07561429398609976,0.41639021793401515,0.5449483943727896,HLPPL-DAE
1708,2026-07-02 14:30:00,0.05603538780611794,0.30857376443792167,0.41345515446426995,HLPPL-DAE
1709,2026-07-02 15:30:00,0.041859283041469464,0.2305092737016526,0.3289163547169567,HLPPL-DAE
1710,2026-07-02 16:30:00,0.0384618427222283,0.2118003651028803,0.3262988258910054,HLPPL-DAE
1711,2026-07-02 17:30:00,0.0370343939931681,0.20393973907505186,0.32402101374167974,HLPPL-DAE
1712,2026-07-02 18:30:00,0.04653580147593184,0.25626176608697054,0.40015728122930594,HLPPL-DAE
1713,2026-07-02 19:30:00,0.05180123864623054,0.2852572961022556,0.41249182284004815,HLPPL-DAE
1714,2026-07-06 13:30:00,0.07292314433277847,0.40157068671091734,0.5088257054109545,HLPPL-DAE
1715,2026-07-06 14:30:00,0.08652328341114979,0.4764634692292197,0.5617734005637732,HLPPL-DAE
1716,2026-07-06 15:30:00,0.08008733338259466,0.4410221988856106,0.5452318350342439,HLPPL-DAE
1717,2026-07-06 16:30:00,0.0695469684419443,0.3829788763420149,0.4718786850155869,HLPPL-DAE
1718,2026-07-06 17:30:00,0.06379569784353745,0.3513079753572308,0.44796651807609217,HLPPL-DAE
1719,2026-07-06 18:30:00,0.06697673849983099,0.3688252216648472,0.4700725634005245,HLPPL-DAE
1720,2026-07-06 19:30:00,0.06418335690870514,0.3534427230897024,0.46335169441784085,HLPPL-DAE
1721,2026-07-07 13:30:00,0.030559939733517005,0.1682864349434875,0.25889229670337693,HLPPL-DAE
1722,2026-07-07 14:30:00,0.03731938544236124,0.2055091202777736,0.2938071231144356,HLPPL-DAE
1723,2026-07-07 15:30:00,0.04772762401088393,0.26282485381689896,0.3576189591989811,HLPPL-DAE
1724,2026-07-07 16:30:00,0.04228714789913557,0.23286542532243804,0.303290956297388,HLPPL-DAE
1725,2026-07-07 17:30:00,0.039660710734477966,0.2184022506271507,0.3016696118153525,HLPPL-DAE
1726,2026-07-07 18:30:00,0.043988467169108425,0.24223419231416007,0.35763698141380346,HLPPL-DAE
1727,2026-07-07 19:30:00,0.04772612923534547,0.262816622437891,0.34839430257722626,HLPPL-DAE
1728,2026-07-08 13:30:00,0.049922283093396747,0.27491032768016577,0.39636923738806706,HLPPL-DAE
1729,2026-07-08 14:30:00,0.025739417169635015,0.14174094552452066,0.25048444233421413,HLPPL-DAE
1730,2026-07-08 15:30:00,0.02481032875351641,0.13662467308879953,0.2289002441730752,HLPPL-DAE
1731,2026-07-08 16:30:00,0.03532468767157404,0.1945247865532101,0.2961049696774809,HLPPL-DAE
1732,2026-07-08 17:30:00,0.030465159577771406,0.1677645028109996,0.2563674359055948,HLPPL-DAE
1733,2026-07-08 18:30:00,0.049752930336318,0.27397774168735456,0.3590713143310524,HLPPL-DAE
1734,2026-07-08 19:30:00,0.04960204553694503,0.27314685441483183,0.3660625022191771,HLPPL-DAE
1735,2026-07-09 13:30:00,0.0469706524709772,0.2586563887310575,0.34251703373104203,HLPPL-DAE
1736,2026-07-09 14:30:00,0.06194951372916124,0.3411414715759121,0.4148710817257777,HLPPL-DAE
1737,2026-07-09 15:30:00,0.053509034924683174,0.29466173046360156,0.36633524211341595,HLPPL-DAE
1738,2026-07-09 16:30:00,0.0574032520412473,0.3161062726046231,0.40028240816685895,HLPPL-DAE
1739,2026-07-09 17:30:00,0.062220337181527086,0.3426328329364108,0.4265750322605403,HLPPL-DAE
1740,2026-07-09 18:30:00,0.06437511315672495,0.3544986798631381,0.4421630665665026,HLPPL-DAE
1741,2026-07-09 19:30:00,0.06052330242539483,0.33328765975953223,0.4296665435076222,HLPPL-DAE
1742,2026-07-10 13:30:00,0.06404481201420031,0.3526797887848855,0.4175413201891208,HLPPL-DAE
1743,2026-07-10 14:30:00,0.06118043630237402,0.3369063422046462,0.4338970931013815,HLPPL-DAE
1744,2026-07-10 15:30:00,0.06202731826410535,0.3415699229381319,0.4093463207114201,HLPPL-DAE
1745,2026-07-10 16:30:00,0.06818836031498865,0.3754973393964477,0.4880366583131482,HLPPL-DAE
1746,2026-07-10 17:30:00,0.07034349194194034,0.38736514481413586,0.4828854294214224,HLPPL-DAE
1747,2026-07-10 18:30:00,0.07242946851234144,0.3988521295225329,0.4637724925269391,HLPPL-DAE
1748,2026-07-10 19:30:00,0.05466388814211598,0.30102123681536413,0.3758840769275597,HLPPL-DAE
1112,2026-03-02 14:30:00,0.03158370056860438,1.0,1.1309967305328357,HLPPL-KAN
1118,2026-03-02 20:30:00,-0.029402877837809704,-0.9309510066416185,-1.0256091174797688,HLPPL-KAN
1124,2026-03-03 19:30:00,-0.011512479747128879,-0.3645069937932733,-0.4512079225955682,HLPPL-KAN
1130,2026-03-04 18:30:00,-0.02611486119106221,-0.8268461491501587,-0.9528954948150075,HLPPL-KAN
1136,2026-03-05 17:30:00,-0.06426711404022445,-1.0,-1.1199464351383583,HLPPL-KAN
1142,2026-03-06 16:30:00,-0.05602871388554398,-0.8718100185808235,-0.9560490265898063,HLPPL-KAN
1148,2026-03-09 14:30:00,-0.04841702427769157,-0.7533716894053716,-0.8035498246570787,HLPPL-KAN
1154,2026-03-10 13:30:00,-0.009690487016610128,-0.15078453671569728,-0.22090253566267837,HLPPL-KAN
1160,2026-03-10 19:30:00,0.008357449964628394,0.13004240332617878,0.23556276666257128,HLPPL-KAN
1166,2026-03-11 18:30:00,0.05701052422786468,0.8870870441168728,0.9814858427364292,HLPPL-KAN
1172,2026-03-12 17:30:00,0.06687831248640741,1.0,1.0997743865526077,HLPPL-KAN
1178,2026-03-13 16:30:00,0.017873261285448194,0.2672504825698289,0.34853358591161976,HLPPL-KAN
1184,2026-03-16 15:30:00,0.022962840711652,0.3433525736212176,0.4509095637784881,HLPPL-KAN
1190,2026-03-17 14:30:00,-0.011417926628745079,-0.17072689492674772,-0.22559717588149675,HLPPL-KAN
1196,2026-03-18 13:30:00,-0.03605633680867637,-0.5391334719458508,-0.610436000839486,HLPPL-KAN
1202,2026-03-18 19:30:00,-0.04169240548511599,-0.6234069601201392,-0.7133579634556406,HLPPL-KAN
1208,2026-03-19 18:30:00,-0.0925247418899664,-1.0,-1.1153840972640268,HLPPL-KAN
1214,2026-03-20 17:30:00,-0.0882831576368126,-0.9541572971022385,-1.0468872832409453,HLPPL-KAN
1220,2026-03-23 16:30:00,-0.10464841937038116,-1.0,-1.0825419267416354,HLPPL-KAN
1226,2026-03-24 15:30:00,-0.016197185526124258,-0.154777163607199,-0.24232097995022714,HLPPL-KAN
1232,2026-03-25 14:30:00,0.007497639309471005,0.07164598714993183,0.13208526224072814,HLPPL-KAN
1238,2026-03-26 13:30:00,0.04041028628178811,0.3861528585421282,0.43085611996643103,HLPPL-KAN
1244,2026-03-26 19:30:00,0.034741217239879774,0.33198033423630136,0.40245322478783413,HLPPL-KAN
1250,2026-03-27 18:30:00,0.048238357183845615,0.4609563859069486,0.5257716709533115,HLPPL-KAN
1256,2026-03-30 17:30:00,0.08508803919455765,0.8130848005778889,0.9463581387533511,HLPPL-KAN
1262,2026-03-31 16:30:00,0.10582453929773816,1.0,1.1185286213511345,HLPPL-KAN
1268,2026-04-01 15:30:00,0.1336927615802308,1.0,1.1192667466193655,HLPPL-KAN
1274,2026-04-02 14:30:00,0.0990823280614217,0.7411196155295294,0.8154152730934493,HLPPL-KAN
1280,2026-04-06 13:30:00,0.04949818334459,0.3702383192592329,0.4514228186859672,HLPPL-KAN
1286,2026-04-06 19:30:00,0.03520274373777443,0.26331076807511977,0.35260555061302223,HLPPL-KAN
1292,2026-04-07 18:30:00,-0.0047503818668381825,-0.035532079752780145,-0.11668247207963675,HLPPL-KAN
1298,2026-04-08 17:30:00,-0.01429639619645151,-0.10693470631820298,-0.18154349852439883,HLPPL-KAN
1304,2026-04-09 16:30:00,6.872318674577826e-05,0.000514038201720716,0.08455416636798366,HLPPL-KAN
1310,2026-04-10 15:30:00,-0.0341868089042352,-0.25571174160928106,-0.31891080576495406,HLPPL-KAN
1316,2026-04-13 14:30:00,-0.011356794239619106,-0.08494696425882221,-0.13796150205982816,HLPPL-KAN
1322,2026-04-14 13:30:00,-0.045880907381985914,-0.3431816864255001,-0.40878666858918095,HLPPL-KAN
1328,2026-04-14 19:30:00,-0.05685538358557096,-0.4252689742776485,-0.5066195202776174,HLPPL-KAN
1334,2026-04-15 18:30:00,0.005900243965526464,0.044132860266976,0.12375447904786516,HLPPL-KAN
1340,2026-04-16 17:30:00,0.005841170318046984,0.04369099904142245,0.12965655083625344,HLPPL-KAN
1346,2026-04-17 16:30:00,-0.12787293701111846,-0.9564686636709214,-1.091103953013675,HLPPL-KAN
1352,2026-04-20 15:30:00,-0.07115952473914167,-0.5322616116089268,-0.6265323266036054,HLPPL-KAN
1358,2026-04-21 14:30:00,-0.08020779202263206,-0.5999411716430011,-0.6944796654815257,HLPPL-KAN
1364,2026-04-22 13:30:00,-0.01399555387736573,-0.10468445495433058,-0.19764498575695455,HLPPL-KAN
1370,2026-04-22 19:30:00,0.008527234551811702,0.06378232038160417,0.15956126916041985,HLPPL-KAN
1376,2026-04-23 18:30:00,-0.013535827430799507,-0.1012457762919085,-0.17051192788675865,HLPPL-KAN
1382,2026-04-24 17:30:00,0.005095890301306305,0.03811642635751969,0.09264100216805188,HLPPL-KAN
1388,2026-04-27 16:30:00,0.017111390032918727,0.12799040000867926,0.25593361564604655,HLPPL-KAN
1394,2026-04-28 15:30:00,-0.018968325777181327,-0.1418799757965818,-0.21709987253106622,HLPPL-KAN
1400,2026-04-29 14:30:00,-0.01811278711296538,-0.1354806864550827,-0.1973322160641039,HLPPL-KAN
1406,2026-04-30 13:30:00,-0.011788343564881565,-0.0881748826603991,-0.1407947201160008,HLPPL-KAN
1412,2026-04-30 19:30:00,-0.007803989160327873,-0.05837256309231518,-0.13980034712367798,HLPPL-KAN
1418,2026-05-01 18:30:00,-0.026996931738307417,-0.20193263583762686,-0.2704940302184801,HLPPL-KAN
1424,2026-05-04 17:30:00,0.006669125639324314,0.04988396948717439,0.1925737219511302,HLPPL-KAN
1430,2026-05-05 16:30:00,0.018031729514527584,0.134874388870384,0.20975555897257042,HLPPL-KAN
1436,2026-05-06 15:30:00,-0.00954486880460248,-0.07139405822561663,-0.17281165784006647,HLPPL-KAN
1442,2026-05-07 14:30:00,-0.0043117164263657415,-0.03225093397280318,-0.13850341859686627,HLPPL-KAN
1448,2026-05-08 13:30:00,-0.015920146323960438,-0.11908009181489267,-0.1915591857508328,HLPPL-KAN
1454,2026-05-08 19:30:00,0.009575583838809187,0.07162380166006783,0.14715090636056183,HLPPL-KAN
1460,2026-05-11 18:30:00,0.022141664625323187,0.16561603159072813,0.2998509461241181,HLPPL-KAN
1466,2026-05-12 17:30:00,0.035624244923566195,0.2664635280361653,0.36881690238284387,HLPPL-KAN
1472,2026-05-13 16:30:00,0.07191608132280969,0.5379205311699085,0.6773249451752359,HLPPL-KAN
1478,2026-05-14 15:30:00,0.030323205055165836,0.2268126164554427,0.31675080017712176,HLPPL-KAN
1484,2026-05-15 14:30:00,-0.050603260677507755,-0.37850411704705544,-0.46612286549209325,HLPPL-KAN
1490,2026-05-18 13:30:00,-0.03179033032228773,-0.23778647360208752,-0.31487064696844613,HLPPL-KAN
1496,2026-05-18 19:30:00,-0.05087866443891986,-0.38056409215832454,-0.49043658877631485,HLPPL-KAN
1502,2026-05-19 18:30:00,-0.027326625242189095,-0.20439868934706704,-0.312785954436963,HLPPL-KAN
1508,2026-05-20 17:30:00,-0.023797513041122542,-0.1780015070362754,-0.26925471657801,HLPPL-KAN
1514,2026-05-21 16:30:00,0.017391993822830187,0.13008927048300234,0.25339546250513634,HLPPL-KAN
1520,2026-05-22 15:30:00,0.07896466978091699,0.5906428205055009,0.7132956626415063,HLPPL-KAN
1526,2026-05-26 14:30:00,0.046679482490334934,0.3491548976817414,0.4492100926363301,HLPPL-KAN
1532,2026-05-27 13:30:00,0.018293377055191407,0.13683146969937718,0.246595377947289,HLPPL-KAN
1538,2026-05-27 19:30:00,0.04309888275002827,0.32237259699481974,0.4088374782523726,HLPPL-KAN
1544,2026-05-28 18:30:00,-0.019210954275416192,-0.14369479729751444,-0.2365384622358111,HLPPL-KAN
1550,2026-05-29 17:30:00,0.0213952482026718,0.1600329587763974,0.26928582773311016,HLPPL-KAN
1556,2026-06-01 16:30:00,-0.012954974863061963,-0.0969010940453011,-0.20146480901071495,HLPPL-KAN
1562,2026-06-02 15:30:00,0.009158569139213313,0.06850459988229904,0.19511680373849477,HLPPL-KAN
1568,2026-06-03 14:30:00,-0.03078862718187736,-0.23029389787419938,-0.3312814548212608,HLPPL-KAN
1574,2026-06-04 13:30:00,-0.007026275191456932,-0.05255538974890851,-0.14841038093537978,HLPPL-KAN
1580,2026-06-04 19:30:00,-0.05771192635018352,-0.43167577412595987,-0.5484483799751094,HLPPL-KAN
1586,2026-06-05 18:30:00,-0.007608461585371096,-0.05691004879725786,-0.1818196764794292,HLPPL-KAN
1592,2026-06-08 17:30:00,-0.008763855295331524,-0.06555220485943974,-0.14101548045217252,HLPPL-KAN
1595,2026-06-09 13:30:00,-0.0415455595971963,-0.3107539937550341,-0.3923039035264363,HLPPL-KAN
1597,2026-06-09 15:30:00,-0.07661238975030393,-0.5730481504365352,-0.6906883630939775,HLPPL-KAN
1599,2026-06-09 17:30:00,-0.061239125230733826,-0.4580586451120872,-0.5464016797628324,HLPPL-KAN
1601,2026-06-09 19:30:00,-0.043411823767971924,-0.32471334464820606,-0.42749858259882145,HLPPL-KAN
1603,2026-06-10 14:30:00,-0.09010134516834079,-0.6739433317358006,-0.8178359901032353,HLPPL-KAN
1605,2026-06-10 16:30:00,-0.12439620053844447,-0.9304632432459155,-1.0489268376762297,HLPPL-KAN
1607,2026-06-10 18:30:00,-0.11278371482201877,-0.8436037485420312,-0.9456689071910132,HLPPL-KAN
1609,2026-06-11 13:30:00,-0.11918077693234697,-0.8914527273103339,-0.9893758852620201,HLPPL-KAN
1611,2026-06-11 15:30:00,-0.10304941043733606,-0.7707927431470906,-0.8558109021476535,HLPPL-KAN
1613,2026-06-11 17:30:00,-0.08651249051922072,-0.6470992856804998,-0.7640727810046759,HLPPL-KAN
1615,2026-06-11 19:30:00,-0.06901158104571437,-0.5161953439364,-0.6344076470690989,HLPPL-KAN
1617,2026-06-12 14:30:00,-0.03837822988624673,-0.2870628853246886,-0.3812682626985551,HLPPL-KAN
1619,2026-06-12 16:30:00,-0.04476235557356745,-0.3348151017637927,-0.4088541709615476,HLPPL-KAN
1621,2026-06-12 18:30:00,-0.0009252304806901535,-0.006920572735233017,-0.11173311938853994,HLPPL-KAN
1623,2026-06-15 13:30:00,-0.08152553512850691,-0.609797674645103,-0.7576795079957228,HLPPL-KAN
1625,2026-06-15 15:30:00,-0.0845924215857945,-0.6327374839589163,-0.8106107345194429,HLPPL-KAN
1627,2026-06-15 17:30:00,-0.05962556784809081,-0.4459894996806444,-0.5845663911037076,HLPPL-KAN
1629,2026-06-15 19:30:00,-0.027180641939618333,-0.203306758109764,-0.33416971981951,HLPPL-KAN
1631,2026-06-16 14:30:00,-0.06695510415829276,-0.5008132330194415,-0.5998761200335853,HLPPL-KAN
1633,2026-06-16 16:30:00,-0.016748181321313282,-0.1252736582246637,-0.21359250519999573,HLPPL-KAN
1635,2026-06-16 18:30:00,-0.01710673450045963,-0.12795557738699004,-0.2330054605832816,HLPPL-KAN
1637,2026-06-17 13:30:00,0.024997583254402933,0.18697783603939958,0.2820872867548587,HLPPL-KAN
1639,2026-06-17 15:30:00,0.026574756388679788,0.19877483324130396,0.28459590057956063,HLPPL-KAN
1641,2026-06-17 17:30:00,0.030754649783070853,0.23003975248588593,0.3318181532100126,HLPPL-KAN
1643,2026-06-17 19:30:00,0.00969645064298863,0.07252786559554805,0.16991485984180307,HLPPL-KAN
1645,2026-06-18 14:30:00,-0.02907852023573021,-0.2175025774920492,-0.30131167257562447,HLPPL-KAN
1647,2026-06-18 16:30:00,-0.027110587303018185,-0.20278276088080327,-0.2916253590214727,HLPPL-KAN
1649,2026-06-18 18:30:00,-0.034487759777712235,-0.25796280494225315,-0.35554127925273493,HLPPL-KAN
1651,2026-06-22 13:30:00,-0.02921230671969255,-0.21850327852014528,-0.3181672396207452,HLPPL-KAN
1653,2026-06-22 15:30:00,-0.01856588155679706,-0.1388697588212764,-0.2333099879110197,HLPPL-KAN
1655,2026-06-22 17:30:00,-0.02351132922900323,-0.17586089890808165,-0.2612438423627752,HLPPL-KAN
1657,2026-06-22 19:30:00,-0.012628997470409686,-0.09446283644033232,-0.21320862802198742,HLPPL-KAN
1659,2026-06-23 14:30:00,-0.0349580952695665,-0.26148083752902124,-0.3671139238234958,HLPPL-KAN
1661,2026-06-23 16:30:00,-0.022354596547170758,-0.16720872755519728,-0.26326904777633386,HLPPL-KAN
1663,2026-06-23 18:30:00,-0.025696433986322376,-0.19220512526328215,-0.3119680751185733,HLPPL-KAN
1665,2026-06-24 13:30:00,-0.04304995424743385,-0.3220066197944382,-0.45180856755905263,HLPPL-KAN
1667,2026-06-24 15:30:00,-0.015794203188548295,-0.11813805775169049,-0.2271241804948107,HLPPL-KAN
1669,2026-06-24 17:30:00,0.009385357516510151,0.07020093986822071,0.17633879055270513,HLPPL-KAN
1671,2026-06-24 19:30:00,-0.029298060365061662,-0.21914470176816198,-0.3236443277551059,HLPPL-KAN
1673,2026-06-25 14:30:00,-0.0069968207434030205,-0.05233507529279463,-0.1575789645788368,HLPPL-KAN
1675,2026-06-25 16:30:00,-0.04463809598123447,-0.33388566032759043,-0.41326002081066543,HLPPL-KAN
1677,2026-06-25 18:30:00,-0.01640569618247678,-0.12271192537698838,-0.22819168797376793,HLPPL-KAN
1679,2026-06-26 13:30:00,0.007029590384685758,0.05258018685227926,0.14105732203325738,HLPPL-KAN
1681,2026-06-26 15:30:00,-0.0018980757117001978,-0.01419729601861158,-0.11359046007665585,HLPPL-KAN
1683,2026-06-26 17:30:00,-0.026371264473135092,-0.19725274698069084,-0.2972040551514106,HLPPL-KAN
1685,2026-06-26 19:30:00,-0.027433919923897765,-0.20520123602529,-0.32597028599983324,HLPPL-KAN
1687,2026-06-29 14:30:00,-0.053496314856895655,-0.4001436893409656,-0.5176351802606715,HLPPL-KAN
1689,2026-06-29 16:30:00,-0.043815577130201344,-0.3277333537904895,-0.43830357263856295,HLPPL-KAN
1691,2026-06-29 18:30:00,-0.042038722660676875,-0.31444277284562544,-0.43340870348232075,HLPPL-KAN
1693,2026-06-30 13:30:00,-0.041325628297606,-0.30910894358933516,-0.3904860416802326,HLPPL-KAN
1695,2026-06-30 15:30:00,-0.04292786894365275,-0.3210934416811426,-0.3973979888047395,HLPPL-KAN
1697,2026-06-30 17:30:00,-0.04996648179037244,-0.37374111507440805,-0.4835035548513782,HLPPL-KAN
1699,2026-06-30 19:30:00,-0.053452561997386905,-0.39981642510473026,-0.5113879732891359,HLPPL-KAN
1701,2026-07-01 14:30:00,-0.031353302064978994,-0.2345175736845219,-0.39663057299852544,HLPPL-KAN
1703,2026-07-01 16:30:00,-0.04317948409645789,-0.3229754818890872,-0.470462773128298,HLPPL-KAN
1705,2026-07-01 18:30:00,-0.02991171559839234,-0.22373474259069684,-0.36237617713017234,HLPPL-KAN
1707,2026-07-02 13:30:00,0.030965222985285035,0.23161480561311013,0.3601729820518846,HLPPL-KAN
1709,2026-07-02 15:30:00,-0.004775472088069499,-0.03571975050574204,-0.1341268315210461,HLPPL-KAN
1711,2026-07-02 17:30:00,0.015959713248622,0.11937604594280418,0.23945732060943206,HLPPL-KAN
1713,2026-07-02 19:30:00,-0.012630675807069558,-0.09447539012416706,-0.2217099168619596,HLPPL-KAN
1715,2026-07-06 14:30:00,0.020680253347764133,0.1546849141518678,0.2399948454864213,HLPPL-KAN
1717,2026-07-06 16:30:00,-0.0035935673911082766,-0.02687929659491497,-0.11577910526848698,HLPPL-KAN
1719,2026-07-06 18:30:00,0.04429675609185235,0.33133249375860396,0.43257983549428125,HLPPL-KAN
1721,2026-07-07 13:30:00,0.009736698184818593,0.07282891062860924,0.16343477238849868,HLPPL-KAN
1723,2026-07-07 15:30:00,0.028884778753563545,0.21605342287906443,0.3108475282611466,HLPPL-KAN
1725,2026-07-07 17:30:00,0.03323084361804973,0.24856127755359037,0.33182863874179214,HLPPL-KAN
1727,2026-07-07 19:30:00,0.04757155454991535,0.3558274508479431,0.44140513098727835,HLPPL-KAN
1729,2026-07-08 14:30:00,0.017449661904486824,0.13052061830598846,0.23926411511568194,HLPPL-KAN
1731,2026-07-08 16:30:00,0.020732054673630707,0.15507237960066467,0.2566525627249355,HLPPL-KAN
1733,2026-07-08 18:30:00,0.02586454361230528,0.19346255778240937,0.2785561304261072,HLPPL-KAN
1735,2026-07-09 13:30:00,0.04010015830080471,0.2999426283579315,0.3838032733579161,HLPPL-KAN
1737,2026-07-09 15:30:00,0.04896915057912388,0.36628124066191003,0.4379547523117244,HLPPL-KAN
1739,2026-07-09 17:30:00,0.03173358938771287,0.23736206068769938,0.3213042600118289,HLPPL-KAN
1741,2026-07-09 19:30:00,0.04894260892722402,0.36608271344483306,0.462461597192923,HLPPL-KAN
1743,2026-07-10 14:30:00,-0.015752699667606507,-0.11782761820020526,-0.21481836909694058,HLPPL-KAN
1745,2026-07-10 16:30:00,0.0011049694481988226,0.008264990827762322,0.12080430974446281,HLPPL-KAN
1747,2026-07-10 18:30:00,-0.01610899024014767,-0.12049261343502468,-0.18541297643943086,HLPPL-KAN
1112,2026-03-02 14:30:00,0.03158370056860438,1.0,1.1309967305328357,HLPPL-DAE-KAN
1118,2026-03-02 20:30:00,-0.029402877837809704,-0.9309510066416185,-1.0256091174797688,HLPPL-DAE-KAN
1124,2026-03-03 19:30:00,-0.011512479747128879,-0.3645069937932733,-0.4512079225955682,HLPPL-DAE-KAN
1130,2026-03-04 18:30:00,-0.02611486119106221,-0.8268461491501587,-0.9528954948150075,HLPPL-DAE-KAN
1136,2026-03-05 17:30:00,-0.06183207955406811,-1.0,-1.1199464351383583,HLPPL-DAE-KAN
1142,2026-03-06 16:30:00,-0.053682018049849844,-0.8681904027327503,-0.952429410741733,HLPPL-DAE-KAN
1148,2026-03-09 14:30:00,-0.04969028616485183,-0.8036327829052058,-0.8538109181569129,HLPPL-DAE-KAN
1154,2026-03-10 13:30:00,-0.010796598250693457,-0.174611598519059,-0.24472959746604006,HLPPL-DAE-KAN
1160,2026-03-10 19:30:00,0.0023498785691247193,0.03800419759568177,0.14352456093207427,HLPPL-DAE-KAN
1166,2026-03-11 18:30:00,0.05701052422786468,0.9220217828516135,1.01642058147117,HLPPL-DAE-KAN
1172,2026-03-12 17:30:00,0.06687831248640741,1.0,1.0997743865526077,HLPPL-DAE-KAN
1178,2026-03-13 16:30:00,0.017873261285448194,0.2672504825698289,0.34853358591161976,HLPPL-DAE-KAN
1184,2026-03-16 15:30:00,0.022962840711652,0.3433525736212176,0.4509095637784881,HLPPL-DAE-KAN
1190,2026-03-17 14:30:00,-0.011417926628745079,-0.17072689492674772,-0.22559717588149675,HLPPL-DAE-KAN
1196,2026-03-18 13:30:00,-0.03605633680867637,-0.5391334719458508,-0.610436000839486,HLPPL-DAE-KAN
1202,2026-03-18 19:30:00,-0.04169240548511599,-0.6234069601201392,-0.7133579634556406,HLPPL-DAE-KAN
1208,2026-03-19 18:30:00,-0.09256851471684335,-1.0,-1.1153840972640268,HLPPL-DAE-KAN
1214,2026-03-20 17:30:00,-0.10873266233121814,-1.0,-1.0927299861387068,HLPPL-DAE-KAN
1220,2026-03-23 16:30:00,-0.07701856383981376,-0.7083296057370705,-0.7908715324787059,HLPPL-DAE-KAN
1226,2026-03-24 15:30:00,-0.05551030485799657,-0.5105209756466991,-0.5980647919897272,HLPPL-DAE-KAN
1232,2026-03-25 14:30:00,0.027133891668448484,0.2495468342878798,0.3099861093786761,HLPPL-DAE-KAN
1238,2026-03-26 13:30:00,0.05922000548919737,0.5446386046246452,0.589341866048948,HLPPL-DAE-KAN
1244,2026-03-26 19:30:00,0.025641843439714762,0.23582466289297097,0.3062975534445037,HLPPL-DAE-KAN
1250,2026-03-27 18:30:00,0.04511853889753503,0.41494927034984486,0.4797645553962077,HLPPL-DAE-KAN
1256,2026-03-30 17:30:00,0.08508803919455765,0.7825435096527393,0.9158168478282016,HLPPL-DAE-KAN
1262,2026-03-31 16:30:00,0.10582453929773816,0.9732543748021055,1.0917829961532401,HLPPL-DAE-KAN
1268,2026-04-01 15:30:00,0.1336927615802308,1.0,1.1192667466193655,HLPPL-DAE-KAN
1274,2026-04-02 14:30:00,0.0990823280614217,0.7411196155295294,0.8154152730934493,HLPPL-DAE-KAN
1280,2026-04-06 13:30:00,0.04949818334459,0.3702383192592329,0.4514228186859672,HLPPL-DAE-KAN
1286,2026-04-06 19:30:00,0.03520274373777443,0.26331076807511977,0.35260555061302223,HLPPL-DAE-KAN
1292,2026-04-07 18:30:00,-0.0047503818668381825,-0.035532079752780145,-0.11668247207963675,HLPPL-DAE-KAN
1298,2026-04-08 17:30:00,-0.01429639619645151,-0.10693470631820298,-0.18154349852439883,HLPPL-DAE-KAN
1304,2026-04-09 16:30:00,6.872318674577826e-05,0.000514038201720716,0.08455416636798366,HLPPL-DAE-KAN
1310,2026-04-10 15:30:00,-0.0341868089042352,-0.25571174160928106,-0.31891080576495406,HLPPL-DAE-KAN
1316,2026-04-13 14:30:00,-0.011356794239619106,-0.08494696425882221,-0.13796150205982816,HLPPL-DAE-KAN
1322,2026-04-14 13:30:00,-0.045880907381985914,-0.3431816864255001,-0.40878666858918095,HLPPL-DAE-KAN
1328,2026-04-14 19:30:00,-0.05685538358557096,-0.4252689742776485,-0.5066195202776174,HLPPL-DAE-KAN
1334,2026-04-15 18:30:00,0.005900243965526464,0.044132860266976,0.12375447904786516,HLPPL-DAE-KAN
1340,2026-04-16 17:30:00,0.005841170318046984,0.04369099904142245,0.12965655083625344,HLPPL-DAE-KAN
1346,2026-04-17 16:30:00,-0.12787293701111846,-0.9564686636709214,-1.091103953013675,HLPPL-DAE-KAN
1352,2026-04-20 15:30:00,-0.07115952473914167,-0.5322616116089268,-0.6265323266036054,HLPPL-DAE-KAN
1358,2026-04-21 14:30:00,-0.08020779202263206,-0.5999411716430011,-0.6944796654815257,HLPPL-DAE-KAN
1364,2026-04-22 13:30:00,-0.01399555387736573,-0.10468445495433058,-0.19764498575695455,HLPPL-DAE-KAN
1370,2026-04-22 19:30:00,0.008527234551811702,0.06378232038160417,0.15956126916041985,HLPPL-DAE-KAN
1376,2026-04-23 18:30:00,-0.013535827430799507,-0.1012457762919085,-0.17051192788675865,HLPPL-DAE-KAN
1382,2026-04-24 17:30:00,0.005095890301306305,0.03811642635751969,0.09264100216805188,HLPPL-DAE-KAN
1388,2026-04-27 16:30:00,0.017111390032918727,0.12799040000867926,0.25593361564604655,HLPPL-DAE-KAN
1394,2026-04-28 15:30:00,-0.021618292425892527,-0.16170129310193881,-0.23692118983642324,HLPPL-DAE-KAN
1400,2026-04-29 14:30:00,-0.018116990653529008,-0.13551212825128728,-0.19736365786030846,HLPPL-DAE-KAN
1406,2026-04-30 13:30:00,-0.011806535549504282,-0.08831095573127962,-0.1409307931868813,HLPPL-DAE-KAN
1412,2026-04-30 19:30:00,-0.007870823971877883,-0.05887247655629057,-0.14030026058765338,HLPPL-DAE-KAN
1418,2026-05-01 18:30:00,-0.0173109015181927,-0.12948271330160382,-0.19804410768245712,HLPPL-DAE-KAN
1424,2026-05-04 17:30:00,0.004702487077476114,0.035173834558381,0.17786358702233682,HLPPL-DAE-KAN
1430,2026-05-05 16:30:00,0.02235986179106142,0.1672481107187166,0.24212928082090301,HLPPL-DAE-KAN
1436,2026-05-06 15:30:00,-0.009672825562121012,-0.0723511538529797,-0.17376875346742954,HLPPL-DAE-KAN
1442,2026-05-07 14:30:00,0.03804119026791852,0.2845418840801602,0.39079436870422324,HLPPL-DAE-KAN
1448,2026-05-08 13:30:00,-0.01022932359254547,-0.07651366814206105,-0.14899276207800116,HLPPL-DAE-KAN
1454,2026-05-08 19:30:00,-0.018665145821162632,-0.1396122392906173,-0.21513934399111131,HLPPL-DAE-KAN
1460,2026-05-11 18:30:00,0.029478897446304053,0.22049733357189555,0.35473224810528553,HLPPL-DAE-KAN
1466,2026-05-12 17:30:00,0.026158192765614707,0.19565900544224174,0.2980123797889203,HLPPL-DAE-KAN
1472,2026-05-13 16:30:00,0.07191608132280969,0.5379205311699085,0.6773249451752359,HLPPL-DAE-KAN
1478,2026-05-14 15:30:00,0.030323205055165836,0.2268126164554427,0.31675080017712176,HLPPL-DAE-KAN
1484,2026-05-15 14:30:00,-0.04989427829666848,-0.37320104474561444,-0.46081979319065225,HLPPL-DAE-KAN
1490,2026-05-18 13:30:00,-0.04191368553429431,-0.3135075155818466,-0.39059168894820523,HLPPL-DAE-KAN
1496,2026-05-18 19:30:00,-0.04333399728332665,-0.3241312152664402,-0.4340037118844305,HLPPL-DAE-KAN
1502,2026-05-19 18:30:00,-0.011151796985902962,-0.08341361831478528,-0.1918008834046812,HLPPL-DAE-KAN
1508,2026-05-20 17:30:00,-0.009139581708486944,-0.06836257700460589,-0.15961578654634045,HLPPL-DAE-KAN
1514,2026-05-21 16:30:00,0.03544375880030337,0.2651135213407429,0.3884197133628769,HLPPL-DAE-KAN
1520,2026-05-22 15:30:00,0.07896466978091699,0.5906428205055009,0.7132956626415063,HLPPL-DAE-KAN
1526,2026-05-26 14:30:00,0.046679482490334934,0.3491548976817414,0.4492100926363301,HLPPL-DAE-KAN
1532,2026-05-27 13:30:00,0.018293377055191407,0.13683146969937718,0.246595377947289,HLPPL-DAE-KAN
1538,2026-05-27 19:30:00,0.04309888275002827,0.32237259699481974,0.4088374782523726,HLPPL-DAE-KAN
1544,2026-05-28 18:30:00,-0.019210954275416192,-0.14369479729751444,-0.2365384622358111,HLPPL-DAE-KAN
1550,2026-05-29 17:30:00,0.0213952482026718,0.1600329587763974,0.26928582773311016,HLPPL-DAE-KAN
1556,2026-06-01 16:30:00,-0.012954974863061963,-0.0969010940453011,-0.20146480901071495,HLPPL-DAE-KAN
1562,2026-06-02 15:30:00,0.009158569139213313,0.06850459988229904,0.19511680373849477,HLPPL-DAE-KAN
1568,2026-06-03 14:30:00,-0.03078862718187736,-0.23029389787419938,-0.3312814548212608,HLPPL-DAE-KAN
1574,2026-06-04 13:30:00,-0.007026275191456932,-0.05255538974890851,-0.14841038093537978,HLPPL-DAE-KAN
1580,2026-06-04 19:30:00,-0.05771192635018352,-0.43167577412595987,-0.5484483799751094,HLPPL-DAE-KAN
1586,2026-06-05 18:30:00,-0.007608461585371096,-0.05691004879725786,-0.1818196764794292,HLPPL-DAE-KAN
1592,2026-06-08 17:30:00,-0.008763855295331524,-0.06555220485943974,-0.14101548045217252,HLPPL-DAE-KAN
1595,2026-06-09 13:30:00,-0.0415455595971963,-0.3107539937550341,-0.3923039035264363,HLPPL-DAE-KAN
1597,2026-06-09 15:30:00,-0.07661238975030393,-0.5730481504365352,-0.6906883630939775,HLPPL-DAE-KAN
1599,2026-06-09 17:30:00,-0.061239125230733826,-0.4580586451120872,-0.5464016797628324,HLPPL-DAE-KAN
1601,2026-06-09 19:30:00,-0.043411823767971924,-0.32471334464820606,-0.42749858259882145,HLPPL-DAE-KAN
1603,2026-06-10 14:30:00,-0.09010134516834079,-0.6739433317358006,-0.8178359901032353,HLPPL-DAE-KAN
1605,2026-06-10 16:30:00,-0.11567410199133654,-0.8652233720366302,-0.9836869664669445,HLPPL-DAE-KAN
1607,2026-06-10 18:30:00,-0.11278371482201877,-0.8436037485420312,-0.9456689071910132,HLPPL-DAE-KAN
1609,2026-06-11 13:30:00,-0.11918077693234697,-0.8914527273103339,-0.9893758852620201,HLPPL-DAE-KAN
1611,2026-06-11 15:30:00,-0.10304941043733606,-0.7707927431470906,-0.8558109021476535,HLPPL-DAE-KAN
1613,2026-06-11 17:30:00,-0.08651249051922072,-0.6470992856804998,-0.7640727810046759,HLPPL-DAE-KAN
1615,2026-06-11 19:30:00,-0.06901158104571437,-0.5161953439364,-0.6344076470690989,HLPPL-DAE-KAN
1617,2026-06-12 14:30:00,-0.03837822988624673,-0.2870628853246886,-0.3812682626985551,HLPPL-DAE-KAN
1619,2026-06-12 16:30:00,-0.04476235557356745,-0.3348151017637927,-0.4088541709615476,HLPPL-DAE-KAN
1621,2026-06-12 18:30:00,-0.0009252304806901535,-0.006920572735233017,-0.11173311938853994,HLPPL-DAE-KAN
1623,2026-06-15 13:30:00,-0.08152553512850691,-0.609797674645103,-0.7576795079957228,HLPPL-DAE-KAN
1625,2026-06-15 15:30:00,-0.09458425652354574,-0.7074747757886987,-0.8853480263492253,HLPPL-DAE-KAN
1627,2026-06-15 17:30:00,-0.06605709426829076,-0.4940962658524263,-0.6326731572754893,HLPPL-DAE-KAN
1629,2026-06-15 19:30:00,-0.04920373399110112,-0.3680358862328781,-0.49889884794262407,HLPPL-DAE-KAN
1631,2026-06-16 14:30:00,0.0010594776612808943,0.007924719698793024,0.10698760671293685,HLPPL-DAE-KAN
1633,2026-06-16 16:30:00,-0.02175242295978297,-0.16270456756725046,-0.2510234145425825,HLPPL-DAE-KAN
1635,2026-06-16 18:30:00,-0.030761893287054143,-0.23009393271148432,-0.33514381590777587,HLPPL-DAE-KAN
1637,2026-06-17 13:30:00,-0.02359128931845067,-0.1764589873049576,-0.27156843802041675,HLPPL-DAE-KAN
1639,2026-06-17 15:30:00,0.009445097864564822,0.07064778790508186,0.15646885524333853,HLPPL-DAE-KAN
1641,2026-06-17 17:30:00,0.011216975894441816,0.08390114589495079,0.18567954661907748,HLPPL-DAE-KAN
1643,2026-06-17 19:30:00,-0.00253720079512032,-0.018977847155903893,-0.11636484140215891,HLPPL-DAE-KAN
1645,2026-06-18 14:30:00,0.019265750418213656,0.14410466348734988,0.22791375857092513,HLPPL-DAE-KAN
1647,2026-06-18 16:30:00,-0.04272090471724166,-0.31954538310291597,-0.4083879812435854,HLPPL-DAE-KAN
1649,2026-06-18 18:30:00,-0.03448627572697127,-0.2579517044853292,-0.355530178795811,HLPPL-DAE-KAN
1651,2026-06-22 13:30:00,-0.049038874896383255,-0.3668027671562037,-0.46646672825680363,HLPPL-DAE-KAN
1653,2026-06-22 15:30:00,-0.014026098113170349,-0.10491292084465696,-0.1993531499344003,HLPPL-DAE-KAN
1655,2026-06-22 17:30:00,-0.022173298696798405,-0.16585264927369994,-0.2512355927283935,HLPPL-DAE-KAN
1657,2026-06-22 19:30:00,-0.014928087256697253,-0.11165965217749436,-0.23040544375914945,HLPPL-DAE-KAN
1659,2026-06-23 14:30:00,-0.03432304665557906,-0.25673077771664804,-0.3623638640111226,HLPPL-DAE-KAN
1661,2026-06-23 16:30:00,-0.02214057632795985,-0.1656078913043695,-0.2616682115255061,HLPPL-DAE-KAN
1663,2026-06-23 18:30:00,-0.012609331837177606,-0.09431574071877166,-0.2140786905740628,HLPPL-DAE-KAN
1665,2026-06-24 13:30:00,-0.001379957351509642,-0.010321855388419898,-0.14012380315303438,HLPPL-DAE-KAN
1667,2026-06-24 15:30:00,-0.009055148697778126,-0.06773103188794564,-0.17671715463106585,HLPPL-DAE-KAN
1669,2026-06-24 17:30:00,-0.0025541449729509225,-0.019104586835975754,-0.1252424375204602,HLPPL-DAE-KAN
1671,2026-06-24 19:30:00,-0.005339326756298224,-0.03993729124290714,-0.14443691722985103,HLPPL-DAE-KAN
1673,2026-06-25 14:30:00,-0.006996692500711887,-0.05233411605843058,-0.15757800534447275,HLPPL-DAE-KAN
1675,2026-06-25 16:30:00,0.040970165702406636,0.3064501414896714,0.3858245019727464,HLPPL-DAE-KAN
1677,2026-06-25 18:30:00,-0.016471197374206437,-0.12320186358273295,-0.22868162617951251,HLPPL-DAE-KAN
1679,2026-06-26 13:30:00,-0.01605523272347309,-0.12009051599878974,-0.20856765117976786,HLPPL-DAE-KAN
1681,2026-06-26 15:30:00,-0.015489341001785562,-0.11585773843477833,-0.21525090249282258,HLPPL-DAE-KAN
1683,2026-06-26 17:30:00,-0.024843547256229392,-0.1858256719554742,-0.28577698012619396,HLPPL-DAE-KAN
1685,2026-06-26 19:30:00,-0.027749229683915022,-0.2075597014821355,-0.3283287514566787,HLPPL-DAE-KAN
1687,2026-06-29 14:30:00,-0.049293119932140694,-0.3687044784586878,-0.4861959693783936,HLPPL-DAE-KAN
1689,2026-06-29 16:30:00,-0.042223646979869134,-0.31582597652102623,-0.4263961953690997,HLPPL-DAE-KAN
1691,2026-06-29 18:30:00,-0.041678419956931556,-0.31174776752531796,-0.43071369816201327,HLPPL-DAE-KAN
1693,2026-06-30 13:30:00,-0.04822517999353204,-0.3607164623089296,-0.44209356039982706,HLPPL-DAE-KAN
1695,2026-06-30 15:30:00,-0.04690694216690794,-0.3508562588765021,-0.427160806000099,HLPPL-DAE-KAN
1697,2026-06-30 17:30:00,-0.08528191518632955,-0.6378947833697843,-0.7476572231467545,HLPPL-DAE-KAN
1699,2026-06-30 19:30:00,-0.05493600383860153,-0.41091232755809076,-0.5224838757424963,HLPPL-DAE-KAN
1701,2026-07-01 14:30:00,-0.03595409978887343,-0.26893078850268864,-0.43104378781669217,HLPPL-DAE-KAN
1703,2026-07-01 16:30:00,-0.047253218479719195,-0.35344634908571254,-0.5009336403249234,HLPPL-DAE-KAN
1705,2026-07-01 18:30:00,-0.01817854978128608,-0.13597258046298108,-0.27461401500245664,HLPPL-DAE-KAN
1707,2026-07-02 13:30:00,0.034396696330870835,0.25728166524729107,0.38583984168606555,HLPPL-DAE-KAN
1709,2026-07-02 15:30:00,-0.007996303120441084,-0.05981104007371705,-0.15821812108902109,HLPPL-DAE-KAN
1711,2026-07-02 17:30:00,0.024700572290645262,0.18475624258701637,0.3048375172536443,HLPPL-DAE-KAN
1713,2026-07-02 19:30:00,0.030163708107628917,0.2256196053630568,0.35285413210084937,HLPPL-DAE-KAN
1715,2026-07-06 14:30:00,0.07030797945903977,0.5258921921277467,0.6112021234623003,HLPPL-DAE-KAN
1717,2026-07-06 16:30:00,0.0539957769102708,0.40387958384618466,0.49277939251975666,HLPPL-DAE-KAN
1719,2026-07-06 18:30:00,0.056730884502704804,0.42433774149141085,0.5255850832270881,HLPPL-DAE-KAN
1721,2026-07-07 13:30:00,0.012828308990662673,0.09595365402759097,0.18655951578748042,HLPPL-DAE-KAN
1723,2026-07-07 15:30:00,0.03421340174677834,0.25591065172400096,0.3507047571060831,HLPPL-DAE-KAN
1725,2026-07-07 17:30:00,0.044991606641301196,0.3365298622715721,0.4197972234597739,HLPPL-DAE-KAN
1727,2026-07-07 19:30:00,0.047612836215843224,0.356136230960194,0.44171391109952923,HLPPL-DAE-KAN
1729,2026-07-08 14:30:00,0.04475225038065256,0.33473951657282613,0.4434830133825196,HLPPL-DAE-KAN
1731,2026-07-08 16:30:00,0.026180160338730385,0.1958233192978015,0.2974035024220723,HLPPL-DAE-KAN
1733,2026-07-08 18:30:00,0.028690589930718158,0.21460092223093585,0.2996944948746337,HLPPL-DAE-KAN
1735,2026-07-09 13:30:00,0.04304225135228412,0.3219490033980179,0.4058096483980025,HLPPL-DAE-KAN
1737,2026-07-09 15:30:00,0.0458102123391213,0.34265289906237734,0.41432641071219173,HLPPL-DAE-KAN
1739,2026-07-09 17:30:00,0.019262858095327573,0.14408302938501033,0.22802522870913983,HLPPL-DAE-KAN
1741,2026-07-09 19:30:00,0.027478029489911737,0.20553116836786864,0.3019100521159586,HLPPL-DAE-KAN
1743,2026-07-10 14:30:00,-0.013399005767970706,-0.10022237262209431,-0.1972131235188296,HLPPL-DAE-KAN
1745,2026-07-10 16:30:00,0.018349316131640148,0.13724988484607284,0.24978920376277333,HLPPL-DAE-KAN
1747,2026-07-10 18:30:00,0.05007452345868568,0.3745492490903129,0.4394696120947191,HLPPL-DAE-KAN
