idx,date,eps,eps_norm,hype,score
125,2025-12-02,-0.4368589914167931,-1.0,0.5670793267695727,-1.1134158653539146
126,2025-12-03,-0.3820187824037973,-0.8744670246224266,0.5492818700517205,-0.9843233986327707
127,2025-12-04,-0.4944601899395291,-1.0,0.5089667411994873,-1.1017933482398974
128,2025-12-05,-0.5272253850450395,-1.0,0.5007487318130165,-1.1001497463626033
129,2025-12-08,-0.46184764824661295,-0.8759966066640713,0.4691900348035444,-0.9698346136247802
130,2025-12-09,-0.23573441994599031,-0.4471226663827125,0.5641638710922869,-0.5599554406011699
131,2025-12-10,-0.24359282016795847,-0.4620278671656695,0.5336199509676443,-0.5687518573591983
132,2025-12-11,-0.2464199074928044,-0.46739006596154964,0.47369114352942154,-0.562128294667434
133,2025-12-12,-0.5079656191824591,-0.9634695778904214,0.5286911445299987,-1.0692078067964212
134,2025-12-15,-0.3839318153488165,-0.7282119303038077,0.573011580309579,-0.8428142463657236
135,2025-12-16,-0.5389194737885012,-1.0,0.4739362328212569,-1.0947872465642514
136,2025-12-17,-0.5848567194746059,-1.0,0.5502493251280711,-1.1100498650256143
137,2025-12-18,-0.5315422252207327,-0.9088417855543025,0.5350928617219898,-1.0158603578987004
138,2025-12-19,-0.4688995535580407,-0.8017340622832666,0.5756977965985706,-0.9168736216029807
139,2025-12-22,-0.4321684634398335,-0.738930491946922,0.47189226011426383,-0.8333089439697747
140,2025-12-23,-0.45017302906308565,-0.7697150670808559,0.4393312796294118,-0.8575813230067383
141,2025-12-24,-0.4412473191293813,-0.754453705389188,0.3214046785296993,-0.8187346410951278
142,2025-12-26,0.060842320014637075,0.10402944514221112,0.4186542155552675,0.18776028825326463
143,2025-12-29,0.05816223864178971,0.09944698710829307,0.3873224648891828,0.17691148008612964
144,2025-12-30,-0.046689889562772535,-0.07983132963696722,0.40741727823072427,-0.16131478528311208
145,2025-12-31,0.08299813744867102,0.1419119156624048,0.43440644928737193,0.2287932055198792
146,2026-01-02,0.06421382440463086,0.10979411241494504,0.5709607957857092,0.2239862715720869
147,2026-01-05,0.34826963892445706,0.595478563086901,0.5519923499688706,0.7058770330806751
148,2026-01-06,0.1802704252331635,0.3082300659811274,0.48885881466800185,0.4060018289147278
149,2026-01-07,0.024895442307832027,0.042566737251811586,0.4778599096475888,0.13813871918132936
150,2026-01-08,0.05794265532907428,0.09907153906195329,0.47876023688143093,0.1948235864382395
151,2026-01-09,0.061566549805504245,0.10526774807479565,0.46456153134554934,0.1981800543439055
152,2026-01-12,0.12773227901362993,0.21839926730836848,0.43723354414364957,0.3058459761370984
153,2026-01-13,0.032342534759353114,0.055299928482325324,0.49280390769556515,0.15386071002143836
154,2026-01-14,0.10003949680313484,0.17104958098626835,0.6093128019879278,0.2929121413838539
155,2026-01-15,0.06739524300692334,0.11523376711387788,0.5150744244550243,0.21824865200488275
156,2026-01-16,0.16955093614501404,0.289901663944849,0.5001325372032066,0.38992817138549035
157,2026-01-20,-0.027997342506770106,-0.04787042975572025,0.5343663057166704,-0.15474369089905435
158,2026-01-21,0.009590175078979968,0.016397477808915498,0.5336295547493707,0.12312338875878964
159,2026-01-22,0.07416405814035221,0.12680722589111393,0.420336696650654,0.21087456522124473
160,2026-01-23,-0.005134783382805708,-0.008779557816174935,0.38843537926783045,-0.08646663366974104
161,2026-01-26,-0.037713874161526384,-0.06448395462636707,0.4204290334957105,-0.14856976132550917
162,2026-01-27,0.06974778185001096,0.11925618622056262,0.41166843073720566,0.20158987236800374
163,2026-01-28,0.1430975185967296,0.24467106871111666,0.43090694160733267,0.3308524570325832
164,2026-01-29,-0.06617003129369214,-0.11313887502760443,0.5609264805796567,-0.22532417114353576
165,2026-01-30,-0.06400855408323558,-0.10944313701437226,0.4978421104743927,-0.2090115591092508
166,2026-02-02,-0.14215287639827112,-0.24305590012878922,0.5438353313636424,-0.35182296640151767
167,2026-02-03,-0.13174911567964642,-0.2252673369265562,0.5043755156729195,-0.3261424400611401
168,2026-02-04,-0.1514793959457843,-0.25900257430890544,0.5437637064867799,-0.3677553156062614
169,2026-02-05,-0.2012965141911529,-0.3441809036100047,0.6157520936717734,-0.46733132234435937
170,2026-02-06,0.025226380614282284,0.043132582347594275,0.6102712543281114,0.16518683321321653
171,2026-02-09,0.04189507925824776,0.07163306475453227,0.5025013291727385,0.17213333058907998
172,2026-02-10,-0.023555825949134412,-0.040276233759091125,0.450788607719041,-0.13043395530289933
173,2026-02-11,-0.05987728032654793,-0.10237940051426178,0.4100679527557786,-0.1843929910654175
174,2026-02-12,-0.020238144946468584,-0.03460359481660586,0.4545873170557138,-0.12552105822774862
175,2026-02-13,0.015221061072818731,0.026025282032310852,0.5074192632265251,0.12750913467761588
176,2026-02-17,-0.04291766680420128,-0.07338150588875082,0.39005556472983627,-0.15139261883471808
177,2026-02-18,-0.05535963528629129,-0.09465503847852254,0.39863880376069777,-0.17438279923066208
178,2026-02-19,-0.049023332654948515,-0.08382109843755856,0.40177993096612646,-0.16417708463078384
179,2026-02-20,-0.039561529964296405,-0.06764311436796981,0.4400418045878948,-0.1556514752855488
180,2026-02-23,-0.07549347539820994,-0.1290802907522854,0.4017400979803964,-0.20942831034836468
181,2026-02-24,-0.0734211993409577,-0.12553707069812609,0.4018505675260119,-0.20590718420332849
182,2026-02-25,0.041508705189169603,0.07097243445618287,0.5716862781678157,0.18530969008974602
183,2026-02-26,-0.018168802864688693,-0.031065391333812947,0.48126820998700526,-0.127319033331214
184,2026-02-27,-0.019858773073356595,-0.03395493701636243,0.4278083818123653,-0.1195166133788355
185,2026-03-02,0.003990378480655643,0.006822830870850416,0.5431104849878116,0.11544492786841273
186,2026-03-03,-0.04903721853940857,-0.08384484080726669,0.45743735995787016,-0.1753323127988407
187,2026-03-04,0.054276813174138905,0.09280360704908609,0.5839958665325858,0.20960278035560326
188,2026-03-05,0.02412983533731472,0.041257686769831874,0.4706888578520236,0.13539545834023659
189,2026-03-06,0.1244695325988534,0.21282055664961508,0.4972959193059341,0.3122797405108019
190,2026-03-09,0.13013148923465634,0.22250148609313627,0.5355905278413743,0.32961959166141114
191,2026-03-10,0.17114692760810213,0.29263052284301094,0.4464983476810689,0.3819301923792247
192,2026-03-11,0.19070088448349898,0.32606427887981043,0.411260265281712,0.40831633193615285
193,2026-03-12,0.21197491944447888,0.3624390596638818,0.42640304316559546,0.4477196682970009
194,2026-03-13,0.275662895960048,0.4713340665858881,0.6490654809759284,0.6011471627810738
195,2026-03-16,0.32229758664649166,0.5510710160533354,0.6272083596434317,0.6765126879820218
196,2026-03-17,0.31186583843425275,0.5332345992611849,0.4737331502667751,0.6279812293145399
197,2026-03-18,0.1914942970165474,0.32742087188221486,0.5404294853259336,0.4355067689474016
198,2026-03-19,0.21891437220092946,0.37430427814454575,0.48779029655757705,0.47186233745606115
199,2026-03-20,0.20486018202013145,0.35027413586726575,0.5991041901748988,0.4700949739022455
200,2026-03-23,0.1878242316109313,0.3211457188688186,0.5201509227249237,0.42517590341380335
201,2026-03-24,0.16336979216890235,0.2793330173510912,0.48608981890656305,0.3765509811324038
202,2026-03-25,0.19864920711588496,0.3396544837414836,0.4616899690545162,0.43199247755238684
203,2026-03-26,0.0971238437510551,0.16606433766941125,0.5063925320788606,0.2673428440851834
204,2026-03-27,0.017604087968179805,0.030099830235333667,0.5363607816727856,0.13737198656989077
205,2026-03-30,0.04406013805575748,0.07533492663867827,0.5467191287457365,0.18467875238782558
206,2026-03-31,0.1578607730817212,0.26991358366119517,0.6056642804546618,0.39104643975212755
207,2026-04-01,0.15718399935233984,0.26875642207469697,0.4755856901953343,0.3638735601137638
208,2026-04-02,0.13356054151911234,0.22836454993471517,0.4656565304875387,0.3214958560322229
209,2026-04-06,0.1857280444890823,0.3175616151865833,0.47393580788655126,0.4123487767638936
210,2026-04-07,0.16157436501865208,0.2762631592294932,0.4317827723195523,0.3626197136934036
211,2026-04-08,0.22618314941912843,0.3867325823362608,0.4631316816405468,0.47935891866437014
212,2026-04-09,0.20190343308529357,0.3452186259682019,0.43599327532450494,0.4324172810331029
213,2026-04-10,0.21073486226697247,0.3603187844986748,0.38826906309945713,0.4379725971185663
214,2026-04-13,0.11864785599341188,0.2028665347300733,0.5471179841365286,0.312290131557379
215,2026-04-14,0.1207771822992485,0.20650730046796112,0.6117643978951172,0.3288601800469846
216,2026-04-15,0.15219348360159346,0.2602235360112018,0.47151391769108075,0.35452631954941793
217,2026-04-16,0.15146262140870936,0.25897389286178113,0.43578096199862254,0.3461300852615056
218,2026-04-17,0.3218186390802562,0.5502521016931384,0.5840358975626491,0.6670592812056683
219,2026-04-20,0.13639695375373728,0.23321430567860568,0.45305902382328406,0.3238261104432625
220,2026-04-21,0.09805394820074298,0.16765464931107868,0.44724051491556455,0.2571027522941916
221,2026-04-22,0.146508554519043,0.2505033278076312,0.5071658856636905,0.35193650494036927
222,2026-04-23,0.09615504348386494,0.16440786312627795,0.4680652736256428,0.2580209178514065
223,2026-04-24,0.09688362915192972,0.16565361382692695,0.36199727612075433,0.23805306905107781
224,2026-04-27,0.06290962862380356,0.10756417175187306,0.40746203293273336,0.18905657833841974
225,2026-04-28,0.05357826476495253,0.09160921466899358,0.38749731823884154,0.1691086783167619
226,2026-04-29,0.014109751406549798,0.024125141999266082,0.4221236647275518,0.10854987494477644
227,2026-04-30,0.036688563691531506,0.06273085778084234,0.35633514880162304,0.13399788754116693
228,2026-05-01,0.04729554944454595,0.08086689931002748,0.40277543918271436,0.16142198714657036
229,2026-05-04,0.07658197177449066,0.13094142415476823,0.5000655185152447,0.23095452785781717
230,2026-05-05,0.28653406977373574,0.4899218222732189,0.4500410115823638,0.5799300245896917
231,2026-05-06,0.09117008779409241,0.15588448376893607,0.46265885867554546,0.24841625550404517
232,2026-05-07,0.21229481806883577,0.3629860288850686,0.46502658481081666,0.45599134584723194
233,2026-05-08,0.23615344089974988,0.40377999095555145,0.4055784024105571,0.4848956714376629
234,2026-05-11,0.22742595291907142,0.3888575532198294,0.4872370942772143,0.48630497207527223
235,2026-05-12,0.18140244341124312,0.3101656138518889,0.5154121994714993,0.4132480537461888
236,2026-05-13,0.13091046708672183,0.22383339838229535,0.3764309942474924,0.2991195972317938
237,2026-05-14,0.16686272284214843,0.28530530177039964,0.4696557521655416,0.379236452203508
238,2026-05-15,0.029631704069162712,0.05066489463570111,0.5416940460520221,0.15900370384610554
239,2026-05-18,0.018571053554228723,0.03175316780306747,0.5277756786362117,0.13730830353030982
240,2026-05-19,0.0035216869007839158,0.006021452406236439,0.4073065784867059,0.08748276810357762
241,2026-05-20,0.02929189780347885,0.05008388692155683,0.38366818564234273,0.1268175240500254
242,2026-05-21,-0.02044108395927191,-0.034950584097990255,0.3396907724414885,-0.10288873858628794
243,2026-05-22,-0.053480344332387464,-0.0914417883074515,0.3705225073770504,-0.16554628978286157
244,2026-05-26,-0.0007055676254377197,-0.0012063939798307385,0.43682284087371814,-0.08857096215457438
245,2026-05-27,0.016822880395961803,0.028764105524981046,0.3645982386178796,0.10168375324855697
246,2026-05-28,-0.002639608619923184,-0.004513256891866477,0.49119538431700616,-0.10275233375526771
247,2026-05-29,0.013588502489870535,0.023233899923518854,0.4632537229161048,0.11588464450673983
248,2026-06-01,0.0703025734521705,0.12020478026708042,0.4681924149884735,0.21384326326477515
249,2026-06-02,-0.05918132986874891,-0.10118945016467153,0.5373438566423543,-0.2086582214931424
250,2026-06-03,-0.11246134404427632,-0.192288709866074,0.5044504313424686,-0.2931787961345677
251,2026-06-04,-0.016652709768905094,-0.028473144300820746,0.5512917945600089,-0.13873150321282252
252,2026-06-05,-0.15222088728104355,-0.2602703913837017,0.6026762106919816,-0.38080563352209806
253,2026-06-08,-0.08505544588168279,-0.1454295437660195,0.48033492992910953,-0.2414965297518414
254,2026-06-09,-0.09676520661059396,-0.1654511325398142,0.48614573553335405,-0.262680279646485
255,2026-06-10,-0.13457271461650855,-0.23009518423144593,0.431023893376851,-0.3162999629068161
256,2026-06-11,-0.058478064131427754,-0.09998699200029766,0.4734218350501004,-0.19467135901031773
257,2026-06-12,-0.09013385781106731,-0.1541127165163413,0.38687529066760656,-0.23148777464986264
258,2026-06-15,-0.06582183819671483,-0.11254352733750675,0.5617586110958255,-0.22489524955667184
259,2026-06-16,-0.12718168060407065,-0.21745784286845796,0.4915037959120047,-0.3157586020508589
260,2026-06-17,-0.14730946154178604,-0.25187273504204327,0.4543676992549636,-0.342746274893036
261,2026-06-18,-0.10551985804545483,-0.1804200149059524,0.5668543754644084,-0.29379088999883407
262,2026-06-22,-0.1280861706347789,-0.21900435845183155,0.4757400853986268,-0.31415237553155695
263,2026-06-23,-0.111991700642871,-0.1914857039575034,0.4455066785788214,-0.2805870396732677
264,2026-06-24,-0.1424851520024104,-0.24362403176355574,0.5423552892528213,-0.35209508961412
265,2026-06-25,-0.20631952360783012,-0.3527693480091552,0.5309266151634715,-0.4589546710418495
266,2026-06-26,-0.20269585032240967,-0.3465735171932321,0.6315801031088129,-0.47288953781499465
267,2026-06-29,-0.08177730346390577,-0.1398245087059421,0.4845252163325468,-0.23672955197245146
268,2026-06-30,-0.13614726823295475,-0.23278738826025605,0.4962825339621139,-0.33204389505267884
269,2026-07-01,-0.09886352603815762,-0.16903888208204165,0.511608338254981,-0.27136054973303786
270,2026-07-02,0.005006297831228412,0.008559870588006098,0.5147126006093579,0.11150239070987768
271,2026-07-06,0.027476751763094498,0.04698031303765762,0.5456689324952123,0.15611409953670008
272,2026-07-07,-0.045471631566191384,-0.07774832715787192,0.45622288035187436,-0.16899290322824678
273,2026-07-08,0.08013774330436618,0.13702115515806382,0.42218692848104883,0.22145854085427358
274,2026-07-09,-0.005102843162162696,-0.008724945772610309,0.3548045378408153,-0.07968585334077337
275,2026-07-10,0.027866215931622307,0.047646226851348054,0.4329904251402621,0.13424431187940047
