t2_idx,date,method,pos_conf,neg_conf
350,1999-05-25,NM,0.0,0.0
350,1999-05-25,LM,0.0,0.0
350,1999-05-25,M-LNN,0.4,0.0
350,1999-05-25,M-LNN-KAN,0.2,0.0
350,1999-05-25,P-LNN,0.0,0.0
370,1999-06-23,NM,0.0,0.0
370,1999-06-23,LM,0.3333333333333333,0.0
370,1999-06-23,M-LNN,0.0,0.0
370,1999-06-23,M-LNN-KAN,0.0,0.0
370,1999-06-23,P-LNN,0.0,0.0
390,1999-07-22,NM,0.0,0.0
390,1999-07-22,LM,0.0,0.0
390,1999-07-22,M-LNN,0.4,0.0
390,1999-07-22,M-LNN-KAN,0.2,0.0
390,1999-07-22,P-LNN,0.0,0.0
410,1999-08-19,NM,0.0,0.0
410,1999-08-19,LM,0.0,0.0
410,1999-08-19,M-LNN,0.25,0.0
410,1999-08-19,M-LNN-KAN,0.0,0.0
410,1999-08-19,P-LNN,0.0,0.0
430,1999-09-17,NM,0.0,0.0
430,1999-09-17,LM,0.25,0.0
430,1999-09-17,M-LNN,0.25,0.0
430,1999-09-17,M-LNN-KAN,0.25,0.0
430,1999-09-17,P-LNN,0.0,0.0
450,1999-10-15,NM,0.0,0.0
450,1999-10-15,LM,0.0,0.0
450,1999-10-15,M-LNN,0.0,0.0
450,1999-10-15,M-LNN-KAN,0.0,0.0
450,1999-10-15,P-LNN,0.0,0.0
470,1999-11-12,NM,0.0,0.0
470,1999-11-12,LM,0.0,0.0
470,1999-11-12,M-LNN,0.0,0.0
470,1999-11-12,M-LNN-KAN,0.0,0.0
470,1999-11-12,P-LNN,0.0,0.0
490,1999-12-13,NM,0.0,0.0
490,1999-12-13,LM,0.2,0.0
490,1999-12-13,M-LNN,0.2,0.0
490,1999-12-13,M-LNN-KAN,0.2,0.0
490,1999-12-13,P-LNN,0.0,0.0
510,2000-01-11,NM,0.0,0.0
510,2000-01-11,LM,0.2,0.0
510,2000-01-11,M-LNN,0.2,0.0
510,2000-01-11,M-LNN-KAN,0.0,0.0
510,2000-01-11,P-LNN,0.2,0.0
530,2000-02-09,NM,0.0,0.0
530,2000-02-09,LM,0.0,0.0
530,2000-02-09,M-LNN,0.0,0.0
530,2000-02-09,M-LNN-KAN,0.0,0.0
530,2000-02-09,P-LNN,0.0,0.0
550,2000-03-09,NM,0.0,0.0
550,2000-03-09,LM,0.3333333333333333,0.0
550,2000-03-09,M-LNN,0.0,0.0
550,2000-03-09,M-LNN-KAN,0.0,0.0
550,2000-03-09,P-LNN,0.0,0.0
570,2000-04-06,NM,0.0,0.0
570,2000-04-06,LM,0.0,0.0
570,2000-04-06,M-LNN,0.0,0.0
570,2000-04-06,M-LNN-KAN,0.0,0.0
570,2000-04-06,P-LNN,0.0,0.0
590,2000-05-05,NM,0.0,0.0
590,2000-05-05,LM,0.0,0.0
590,2000-05-05,M-LNN,0.0,0.0
590,2000-05-05,M-LNN-KAN,0.0,0.0
590,2000-05-05,P-LNN,0.0,0.0
610,2000-06-05,NM,0.0,0.0
610,2000-06-05,LM,0.0,0.0
610,2000-06-05,M-LNN,0.0,0.0
610,2000-06-05,M-LNN-KAN,0.0,0.0
610,2000-06-05,P-LNN,0.0,0.0
630,2000-07-03,NM,0.0,0.0
630,2000-07-03,LM,0.0,0.0
630,2000-07-03,M-LNN,0.0,0.0
630,2000-07-03,M-LNN-KAN,0.0,0.0
630,2000-07-03,P-LNN,0.0,0.0
650,2000-08-01,NM,0.0,0.0
650,2000-08-01,LM,0.0,0.0
650,2000-08-01,M-LNN,0.0,0.0
650,2000-08-01,M-LNN-KAN,0.0,0.0
650,2000-08-01,P-LNN,0.0,0.0
670,2000-08-29,NM,0.0,0.0
670,2000-08-29,LM,0.0,0.0
670,2000-08-29,M-LNN,0.0,0.0
670,2000-08-29,M-LNN-KAN,0.0,0.0
670,2000-08-29,P-LNN,0.0,0.0
690,2000-09-27,NM,0.0,0.0
690,2000-09-27,LM,0.0,0.0
690,2000-09-27,M-LNN,0.0,0.0
690,2000-09-27,M-LNN-KAN,0.0,0.0
690,2000-09-27,P-LNN,0.0,0.0
710,2000-10-25,NM,0.0,0.0
710,2000-10-25,LM,0.0,0.0
710,2000-10-25,M-LNN,0.0,0.0
710,2000-10-25,M-LNN-KAN,0.0,0.0
710,2000-10-25,P-LNN,0.0,0.0
730,2000-11-22,NM,0.0,0.0
730,2000-11-22,LM,0.0,0.0
730,2000-11-22,M-LNN,0.0,0.0
730,2000-11-22,M-LNN-KAN,0.0,0.0
730,2000-11-22,P-LNN,0.0,0.0
750,2000-12-21,NM,0.0,0.0
750,2000-12-21,LM,0.0,0.0
750,2000-12-21,M-LNN,0.0,0.0
750,2000-12-21,M-LNN-KAN,0.0,0.0
750,2000-12-21,P-LNN,0.0,0.25
770,2001-01-23,NM,0.0,0.0
770,2001-01-23,LM,0.0,0.0
770,2001-01-23,M-LNN,0.0,0.0
770,2001-01-23,M-LNN-KAN,0.0,0.0
770,2001-01-23,P-LNN,0.0,0.0
790,2001-02-21,NM,0.0,0.0
790,2001-02-21,LM,0.0,0.0
790,2001-02-21,M-LNN,0.0,0.5
790,2001-02-21,M-LNN-KAN,0.0,0.0
790,2001-02-21,P-LNN,0.0,0.4
810,2001-03-21,NM,0.0,0.0
810,2001-03-21,LM,0.0,0.2
810,2001-03-21,M-LNN,0.0,0.0
810,2001-03-21,M-LNN-KAN,0.0,0.4
810,2001-03-21,P-LNN,0.0,0.4
830,2001-04-19,NM,0.0,0.0
830,2001-04-19,LM,0.0,0.25
830,2001-04-19,M-LNN,0.0,0.6
830,2001-04-19,M-LNN-KAN,0.0,0.4
830,2001-04-19,P-LNN,0.0,0.6
850,2001-05-17,NM,0.0,0.0
850,2001-05-17,LM,0.0,0.5
850,2001-05-17,M-LNN,0.0,0.5
850,2001-05-17,M-LNN-KAN,0.0,0.5
850,2001-05-17,P-LNN,0.0,0.5
870,2001-06-15,NM,0.0,0.0
870,2001-06-15,LM,0.0,0.6666666666666666
870,2001-06-15,M-LNN,0.0,0.3333333333333333
870,2001-06-15,M-LNN-KAN,0.0,0.0
870,2001-06-15,P-LNN,0.0,0.0
890,2001-07-16,NM,0.0,0.0
890,2001-07-16,LM,0.0,0.0
890,2001-07-16,M-LNN,0.0,0.2
890,2001-07-16,M-LNN-KAN,0.0,0.0
890,2001-07-16,P-LNN,0.0,0.0
910,2001-08-13,NM,0.0,0.0
910,2001-08-13,LM,0.0,0.0
910,2001-08-13,M-LNN,0.0,0.2
910,2001-08-13,M-LNN-KAN,0.0,0.0
910,2001-08-13,P-LNN,0.0,0.25
930,2001-09-17,NM,0.0,0.0
930,2001-09-17,LM,0.0,0.0
930,2001-09-17,M-LNN,0.0,0.2
930,2001-09-17,M-LNN-KAN,0.0,0.2
930,2001-09-17,P-LNN,0.0,0.2
950,2001-10-15,NM,0.0,0.0
950,2001-10-15,LM,0.0,0.0
950,2001-10-15,M-LNN,0.0,0.6
950,2001-10-15,M-LNN-KAN,0.0,0.4
950,2001-10-15,P-LNN,0.0,0.6
970,2001-11-12,NM,0.0,0.0
970,2001-11-12,LM,0.0,0.0
970,2001-11-12,M-LNN,0.0,0.0
970,2001-11-12,M-LNN-KAN,0.0,0.25
970,2001-11-12,P-LNN,0.0,0.5
990,2001-12-11,NM,0.0,0.0
990,2001-12-11,LM,0.0,0.3333333333333333
990,2001-12-11,M-LNN,0.5,0.3333333333333333
990,2001-12-11,M-LNN-KAN,0.5,0.3333333333333333
990,2001-12-11,P-LNN,0.0,0.5
1010,2002-01-10,NM,0.0,0.0
1010,2002-01-10,LM,0.0,0.0
1010,2002-01-10,M-LNN,0.0,0.0
1010,2002-01-10,M-LNN-KAN,0.0,0.0
1010,2002-01-10,P-LNN,0.0,0.3333333333333333
1030,2002-02-08,NM,0.0,0.0
1030,2002-02-08,LM,0.0,0.0
1030,2002-02-08,M-LNN,0.0,0.0
1030,2002-02-08,M-LNN-KAN,0.0,0.3333333333333333
1030,2002-02-08,P-LNN,0.0,0.0
1050,2002-03-11,NM,0.0,0.0
1050,2002-03-11,LM,0.0,0.0
1050,2002-03-11,M-LNN,0.0,0.0
1050,2002-03-11,M-LNN-KAN,0.0,0.0
1050,2002-03-11,P-LNN,0.0,0.0
1070,2002-04-09,NM,0.0,0.0
1070,2002-04-09,LM,0.0,0.0
1070,2002-04-09,M-LNN,0.0,0.0
1070,2002-04-09,M-LNN-KAN,0.0,0.0
1070,2002-04-09,P-LNN,0.0,0.0
1090,2002-05-07,NM,0.0,0.0
1090,2002-05-07,LM,0.0,0.0
1090,2002-05-07,M-LNN,0.0,0.0
1090,2002-05-07,M-LNN-KAN,0.0,0.0
1090,2002-05-07,P-LNN,0.0,0.2
1110,2002-06-05,NM,0.0,0.0
1110,2002-06-05,LM,0.0,0.0
1110,2002-06-05,M-LNN,0.0,0.2
1110,2002-06-05,M-LNN-KAN,0.0,0.2
1110,2002-06-05,P-LNN,0.0,0.0
1130,2002-07-03,NM,0.0,0.0
1130,2002-07-03,LM,0.0,0.0
1130,2002-07-03,M-LNN,0.0,0.0
1130,2002-07-03,M-LNN-KAN,0.0,0.0
1130,2002-07-03,P-LNN,0.0,0.2
1150,2002-08-01,NM,0.0,0.0
1150,2002-08-01,LM,0.0,0.6666666666666666
1150,2002-08-01,M-LNN,0.0,0.4
1150,2002-08-01,M-LNN-KAN,0.0,0.4
1150,2002-08-01,P-LNN,0.0,0.4
1170,2002-08-29,NM,0.0,0.0
1170,2002-08-29,LM,0.0,0.0
1170,2002-08-29,M-LNN,0.0,0.4
1170,2002-08-29,M-LNN-KAN,0.0,0.4
1170,2002-08-29,P-LNN,0.0,0.75
1190,2002-09-27,NM,0.0,0.0
1190,2002-09-27,LM,0.0,0.0
1190,2002-09-27,M-LNN,0.0,0.4
1190,2002-09-27,M-LNN-KAN,0.0,0.0
1190,2002-09-27,P-LNN,0.0,0.5
1210,2002-10-25,NM,0.0,0.0
1210,2002-10-25,LM,0.0,0.5
1210,2002-10-25,M-LNN,0.0,0.2
1210,2002-10-25,M-LNN-KAN,0.0,0.2
1210,2002-10-25,P-LNN,0.0,0.5
1230,2002-11-22,NM,0.0,0.0
1230,2002-11-22,LM,0.0,0.5
1230,2002-11-22,M-LNN,0.0,0.5
1230,2002-11-22,M-LNN-KAN,0.0,0.3333333333333333
1230,2002-11-22,P-LNN,0.0,0.6666666666666666
1250,2002-12-23,NM,0.0,0.0
1250,2002-12-23,LM,0.0,0.6666666666666666
1250,2002-12-23,M-LNN,0.0,0.3333333333333333
1250,2002-12-23,M-LNN-KAN,0.0,0.3333333333333333
1250,2002-12-23,P-LNN,0.0,0.5
1270,2003-01-23,NM,0.0,0.0
1270,2003-01-23,LM,0.0,0.0
1270,2003-01-23,M-LNN,0.0,0.0
1270,2003-01-23,M-LNN-KAN,0.0,0.0
1270,2003-01-23,P-LNN,0.0,0.25
1290,2003-02-21,NM,0.0,0.0
1290,2003-02-21,LM,0.0,0.0
1290,2003-02-21,M-LNN,0.0,0.0
1290,2003-02-21,M-LNN-KAN,0.0,0.0
1290,2003-02-21,P-LNN,0.0,0.3333333333333333
1310,2003-03-21,NM,0.0,0.0
1310,2003-03-21,LM,0.0,0.2
1310,2003-03-21,M-LNN,0.0,0.0
1310,2003-03-21,M-LNN-KAN,0.0,0.0
1310,2003-03-21,P-LNN,0.0,0.25
1330,2003-04-21,NM,0.0,0.0
1330,2003-04-21,LM,0.0,0.0
1330,2003-04-21,M-LNN,0.0,0.0
1330,2003-04-21,M-LNN-KAN,0.0,0.0
1330,2003-04-21,P-LNN,0.0,0.0
1350,2003-05-19,NM,0.0,0.0
1350,2003-05-19,LM,0.0,0.0
1350,2003-05-19,M-LNN,0.3333333333333333,0.0
1350,2003-05-19,M-LNN-KAN,0.0,0.0
1350,2003-05-19,P-LNN,0.2,0.0
1370,2003-06-17,NM,0.0,0.0
1370,2003-06-17,LM,0.4,0.0
1370,2003-06-17,M-LNN,0.5,0.0
1370,2003-06-17,M-LNN-KAN,0.25,0.0
1370,2003-06-17,P-LNN,0.4,0.0
1390,2003-07-16,NM,0.0,0.0
1390,2003-07-16,LM,0.0,0.0
1390,2003-07-16,M-LNN,0.25,0.0
1390,2003-07-16,M-LNN-KAN,0.25,0.0
1390,2003-07-16,P-LNN,0.0,0.0
1410,2003-08-13,NM,0.0,0.0
1410,2003-08-13,LM,0.0,0.0
1410,2003-08-13,M-LNN,0.0,0.0
1410,2003-08-13,M-LNN-KAN,0.25,0.0
1410,2003-08-13,P-LNN,0.0,0.0
1430,2003-09-11,NM,0.0,0.0
1430,2003-09-11,LM,0.0,0.0
1430,2003-09-11,M-LNN,0.0,0.0
1430,2003-09-11,M-LNN-KAN,0.0,0.0
1430,2003-09-11,P-LNN,0.0,0.0
1450,2003-10-09,NM,0.0,0.0
1450,2003-10-09,LM,0.2,0.0
1450,2003-10-09,M-LNN,0.2,0.0
1450,2003-10-09,M-LNN-KAN,0.0,0.0
1450,2003-10-09,P-LNN,0.2,0.0
1470,2003-11-06,NM,0.0,0.0
1470,2003-11-06,LM,0.0,0.0
1470,2003-11-06,M-LNN,0.0,0.0
1470,2003-11-06,M-LNN-KAN,0.0,0.0
1470,2003-11-06,P-LNN,0.0,0.0
1490,2003-12-05,NM,0.0,0.0
1490,2003-12-05,LM,0.0,0.0
1490,2003-12-05,M-LNN,0.2,0.0
1490,2003-12-05,M-LNN-KAN,0.0,0.0
1490,2003-12-05,P-LNN,0.2,0.0
1510,2004-01-06,NM,0.3333333333333333,0.0
1510,2004-01-06,LM,0.25,0.0
1510,2004-01-06,M-LNN,0.8,0.0
1510,2004-01-06,M-LNN-KAN,0.8,0.0
1510,2004-01-06,P-LNN,0.4,0.0
1530,2004-02-04,NM,0.0,0.0
1530,2004-02-04,LM,0.4,0.0
1530,2004-02-04,M-LNN,0.8,0.0
1530,2004-02-04,M-LNN-KAN,0.6,0.0
1530,2004-02-04,P-LNN,0.4,0.0
1550,2004-03-04,NM,0.5,0.0
1550,2004-03-04,LM,0.0,0.0
1550,2004-03-04,M-LNN,0.2,0.0
1550,2004-03-04,M-LNN-KAN,0.4,0.0
1550,2004-03-04,P-LNN,0.2,0.0
1570,2004-04-01,NM,0.0,0.0
1570,2004-04-01,LM,0.25,0.0
1570,2004-04-01,M-LNN,0.5,1.0
1570,2004-04-01,M-LNN-KAN,0.75,0.0
1570,2004-04-01,P-LNN,0.0,0.0
1590,2004-04-30,NM,0.0,0.0
1590,2004-04-30,LM,0.0,0.0
1590,2004-04-30,M-LNN,0.2,0.0
1590,2004-04-30,M-LNN-KAN,0.2,0.0
1590,2004-04-30,P-LNN,0.0,0.0
1610,2004-05-28,NM,0.0,0.0
1610,2004-05-28,LM,0.0,0.0
1610,2004-05-28,M-LNN,0.6666666666666666,0.0
1610,2004-05-28,M-LNN-KAN,0.3333333333333333,0.0
1610,2004-05-28,P-LNN,0.0,0.0
1630,2004-06-29,NM,0.0,0.0
1630,2004-06-29,LM,0.0,0.0
1630,2004-06-29,M-LNN,0.0,0.0
1630,2004-06-29,M-LNN-KAN,0.0,0.0
1630,2004-06-29,P-LNN,0.0,0.0
1650,2004-07-28,NM,0.0,0.0
1650,2004-07-28,LM,0.0,0.0
1650,2004-07-28,M-LNN,0.5,0.0
1650,2004-07-28,M-LNN-KAN,0.0,0.0
1650,2004-07-28,P-LNN,0.0,0.0
1670,2004-08-25,NM,0.0,0.0
1670,2004-08-25,LM,0.0,0.0
1670,2004-08-25,M-LNN,0.0,0.3333333333333333
1670,2004-08-25,M-LNN-KAN,0.0,0.3333333333333333
1670,2004-08-25,P-LNN,0.0,0.6666666666666666
1690,2004-09-23,NM,0.0,0.0
1690,2004-09-23,LM,0.0,0.0
1690,2004-09-23,M-LNN,0.0,0.0
1690,2004-09-23,M-LNN-KAN,0.0,0.0
1690,2004-09-23,P-LNN,0.0,0.0
1710,2004-10-21,NM,0.0,0.0
1710,2004-10-21,LM,0.0,0.0
1710,2004-10-21,M-LNN,0.0,0.0
1710,2004-10-21,M-LNN-KAN,0.0,0.0
1710,2004-10-21,P-LNN,0.0,0.0
1730,2004-11-18,NM,0.0,0.0
1730,2004-11-18,LM,1.0,0.0
1730,2004-11-18,M-LNN,0.0,0.0
1730,2004-11-18,M-LNN-KAN,0.0,0.0
1730,2004-11-18,P-LNN,0.0,0.0
1750,2004-12-17,NM,0.0,0.0
1750,2004-12-17,LM,0.0,0.0
1750,2004-12-17,M-LNN,0.0,0.0
1750,2004-12-17,M-LNN-KAN,0.0,0.0
1750,2004-12-17,P-LNN,0.4,0.0
1770,2005-01-18,NM,0.0,0.0
1770,2005-01-18,LM,0.2,0.0
1770,2005-01-18,M-LNN,0.0,0.0
1770,2005-01-18,M-LNN-KAN,0.2,0.0
1770,2005-01-18,P-LNN,0.0,0.0
1790,2005-02-15,NM,0.0,0.0
1790,2005-02-15,LM,0.0,0.0
1790,2005-02-15,M-LNN,0.0,0.0
1790,2005-02-15,M-LNN-KAN,0.0,0.0
1790,2005-02-15,P-LNN,0.0,0.0
1810,2005-03-16,NM,0.0,0.0
1810,2005-03-16,LM,0.0,0.0
1810,2005-03-16,M-LNN,0.0,0.0
1810,2005-03-16,M-LNN-KAN,0.2,0.0
1810,2005-03-16,P-LNN,0.0,0.0
1830,2005-04-14,NM,0.0,0.0
1830,2005-04-14,LM,0.0,0.0
1830,2005-04-14,M-LNN,0.0,0.0
1830,2005-04-14,M-LNN-KAN,0.0,0.0
1830,2005-04-14,P-LNN,0.0,0.0
1850,2005-05-12,NM,0.0,0.0
1850,2005-05-12,LM,0.0,0.0
1850,2005-05-12,M-LNN,0.0,0.0
1850,2005-05-12,M-LNN-KAN,0.3333333333333333,0.0
1850,2005-05-12,P-LNN,0.0,0.0
1870,2005-06-10,NM,0.0,0.0
1870,2005-06-10,LM,0.0,0.0
1870,2005-06-10,M-LNN,0.0,0.0
1870,2005-06-10,M-LNN-KAN,0.0,0.0
1870,2005-06-10,P-LNN,0.0,0.0
1890,2005-07-11,NM,0.0,0.0
1890,2005-07-11,LM,0.0,0.0
1890,2005-07-11,M-LNN,0.25,0.0
1890,2005-07-11,M-LNN-KAN,0.2,0.0
1890,2005-07-11,P-LNN,0.0,0.0
1910,2005-08-08,NM,0.0,0.0
1910,2005-08-08,LM,0.2,0.0
1910,2005-08-08,M-LNN,0.2,0.0
1910,2005-08-08,M-LNN-KAN,0.0,0.0
1910,2005-08-08,P-LNN,0.0,0.0
1930,2005-09-06,NM,0.0,0.0
1930,2005-09-06,LM,0.2,0.0
1930,2005-09-06,M-LNN,0.0,0.0
1930,2005-09-06,M-LNN-KAN,0.0,0.0
1930,2005-09-06,P-LNN,0.0,0.0
1950,2005-10-04,NM,0.0,0.0
1950,2005-10-04,LM,0.0,0.0
1950,2005-10-04,M-LNN,0.0,0.0
1950,2005-10-04,M-LNN-KAN,0.0,0.0
1950,2005-10-04,P-LNN,0.0,0.0
1970,2005-11-01,NM,0.0,0.0
1970,2005-11-01,LM,0.0,0.0
1970,2005-11-01,M-LNN,0.0,0.0
1970,2005-11-01,M-LNN-KAN,0.0,0.0
1970,2005-11-01,P-LNN,0.0,0.0
1990,2005-11-30,NM,0.0,0.0
1990,2005-11-30,LM,0.0,0.0
1990,2005-11-30,M-LNN,0.0,0.0
1990,2005-11-30,M-LNN-KAN,0.0,0.0
1990,2005-11-30,P-LNN,0.0,0.0
2010,2005-12-29,NM,0.0,0.0
2010,2005-12-29,LM,0.0,0.0
2010,2005-12-29,M-LNN,0.2,0.0
2010,2005-12-29,M-LNN-KAN,0.2,0.0
2010,2005-12-29,P-LNN,0.0,0.0
2030,2006-01-30,NM,0.0,0.0
2030,2006-01-30,LM,0.2,0.0
2030,2006-01-30,M-LNN,0.0,0.0
2030,2006-01-30,M-LNN-KAN,0.0,0.0
2030,2006-01-30,P-LNN,0.0,0.0
2050,2006-02-28,NM,0.0,0.0
2050,2006-02-28,LM,0.0,0.0
2050,2006-02-28,M-LNN,0.0,0.0
2050,2006-02-28,M-LNN-KAN,0.0,0.0
2050,2006-02-28,P-LNN,0.0,0.0
2070,2006-03-28,NM,0.0,0.0
2070,2006-03-28,LM,0.0,0.0
2070,2006-03-28,M-LNN,0.0,0.0
2070,2006-03-28,M-LNN-KAN,0.0,0.0
2070,2006-03-28,P-LNN,0.0,0.0
2090,2006-04-26,NM,0.0,0.0
2090,2006-04-26,LM,0.0,0.0
2090,2006-04-26,M-LNN,0.0,0.0
2090,2006-04-26,M-LNN-KAN,0.0,0.0
2090,2006-04-26,P-LNN,0.2,0.0
2110,2006-05-24,NM,0.0,0.0
2110,2006-05-24,LM,0.0,0.0
2110,2006-05-24,M-LNN,0.0,0.0
2110,2006-05-24,M-LNN-KAN,0.0,0.0
2110,2006-05-24,P-LNN,0.0,0.0
2130,2006-06-22,NM,0.0,0.0
2130,2006-06-22,LM,0.0,0.0
2130,2006-06-22,M-LNN,0.3333333333333333,0.0
2130,2006-06-22,M-LNN-KAN,0.3333333333333333,0.0
2130,2006-06-22,P-LNN,0.3333333333333333,0.0
2150,2006-07-21,NM,0.0,0.0
2150,2006-07-21,LM,0.0,0.0
2150,2006-07-21,M-LNN,0.0,0.0
2150,2006-07-21,M-LNN-KAN,0.0,0.0
2150,2006-07-21,P-LNN,0.0,0.0
2170,2006-08-18,NM,0.0,0.0
2170,2006-08-18,LM,0.0,0.0
2170,2006-08-18,M-LNN,0.0,0.0
2170,2006-08-18,M-LNN-KAN,0.0,0.0
2170,2006-08-18,P-LNN,0.0,0.0
2190,2006-09-18,NM,0.0,0.0
2190,2006-09-18,LM,0.0,0.0
2190,2006-09-18,M-LNN,0.0,0.0
2190,2006-09-18,M-LNN-KAN,0.0,0.0
2190,2006-09-18,P-LNN,0.0,0.0
2210,2006-10-16,NM,0.0,0.0
2210,2006-10-16,LM,0.0,0.0
2210,2006-10-16,M-LNN,0.6,0.0
2210,2006-10-16,M-LNN-KAN,0.4,0.0
2210,2006-10-16,P-LNN,0.6,0.0
2230,2006-11-13,NM,0.0,0.0
2230,2006-11-13,LM,0.5,0.0
2230,2006-11-13,M-LNN,0.4,0.0
2230,2006-11-13,M-LNN-KAN,0.4,0.0
2230,2006-11-13,P-LNN,0.2,0.0
2250,2006-12-12,NM,0.0,0.0
2250,2006-12-12,LM,0.0,0.0
2250,2006-12-12,M-LNN,0.6,0.0
2250,2006-12-12,M-LNN-KAN,0.6,0.0
2250,2006-12-12,P-LNN,0.2,0.0
2270,2007-01-12,NM,0.0,0.0
2270,2007-01-12,LM,0.0,0.0
2270,2007-01-12,M-LNN,0.6,0.0
2270,2007-01-12,M-LNN-KAN,0.8,0.0
2270,2007-01-12,P-LNN,0.2,0.0
2290,2007-02-12,NM,0.0,0.0
2290,2007-02-12,LM,0.5,0.0
2290,2007-02-12,M-LNN,0.4,0.0
2290,2007-02-12,M-LNN-KAN,0.4,0.0
2290,2007-02-12,P-LNN,0.2,0.0
2310,2007-03-13,NM,0.0,0.0
2310,2007-03-13,LM,0.5,0.0
2310,2007-03-13,M-LNN,0.5,0.0
2310,2007-03-13,M-LNN-KAN,1.0,0.0
2310,2007-03-13,P-LNN,0.0,0.0
2330,2007-04-11,NM,0.0,0.0
2330,2007-04-11,LM,1.0,0.0
2330,2007-04-11,M-LNN,0.25,0.0
2330,2007-04-11,M-LNN-KAN,0.5,0.0
2330,2007-04-11,P-LNN,0.25,0.0
2350,2007-05-09,NM,0.0,0.0
2350,2007-05-09,LM,0.4,0.0
2350,2007-05-09,M-LNN,0.2,0.0
2350,2007-05-09,M-LNN-KAN,0.2,0.0
2350,2007-05-09,P-LNN,0.4,0.0
2370,2007-06-07,NM,0.0,0.0
2370,2007-06-07,LM,0.4,0.0
2370,2007-06-07,M-LNN,0.6,0.0
2370,2007-06-07,M-LNN-KAN,0.2,0.0
2370,2007-06-07,P-LNN,0.6,0.0
2390,2007-07-06,NM,0.0,0.0
2390,2007-07-06,LM,0.25,0.0
2390,2007-07-06,M-LNN,0.2,0.0
2390,2007-07-06,M-LNN-KAN,0.4,0.0
2390,2007-07-06,P-LNN,0.2,0.0
2410,2007-08-03,NM,0.0,0.0
2410,2007-08-03,LM,0.25,0.0
2410,2007-08-03,M-LNN,0.5,0.0
2410,2007-08-03,M-LNN-KAN,0.5,0.0
2410,2007-08-03,P-LNN,0.0,0.0
2430,2007-08-31,NM,0.0,0.0
2430,2007-08-31,LM,0.3333333333333333,0.0
2430,2007-08-31,M-LNN,0.3333333333333333,0.0
2430,2007-08-31,M-LNN-KAN,0.3333333333333333,0.0
2430,2007-08-31,P-LNN,0.3333333333333333,0.0
2450,2007-10-01,NM,0.0,0.0
2450,2007-10-01,LM,1.0,0.0
2450,2007-10-01,M-LNN,0.25,0.0
2450,2007-10-01,M-LNN-KAN,0.5,0.0
2450,2007-10-01,P-LNN,0.3333333333333333,0.5
2470,2007-10-29,NM,0.0,0.0
2470,2007-10-29,LM,0.0,0.0
2470,2007-10-29,M-LNN,0.4,0.0
2470,2007-10-29,M-LNN-KAN,0.4,0.0
2470,2007-10-29,P-LNN,0.0,0.0
2490,2007-11-27,NM,0.0,0.0
2490,2007-11-27,LM,0.0,0.0
2490,2007-11-27,M-LNN,0.0,0.0
2490,2007-11-27,M-LNN-KAN,0.0,0.0
2490,2007-11-27,P-LNN,0.0,0.0
2510,2007-12-26,NM,0.0,0.0
2510,2007-12-26,LM,0.0,0.0
2510,2007-12-26,M-LNN,0.0,0.0
2510,2007-12-26,M-LNN-KAN,0.0,0.0
2510,2007-12-26,P-LNN,0.0,0.0
2530,2008-01-25,NM,0.0,0.0
2530,2008-01-25,LM,0.0,0.0
2530,2008-01-25,M-LNN,0.0,0.0
2530,2008-01-25,M-LNN-KAN,0.0,0.0
2530,2008-01-25,P-LNN,0.0,0.0
2550,2008-02-25,NM,0.0,0.0
2550,2008-02-25,LM,0.0,0.0
2550,2008-02-25,M-LNN,0.0,0.2
2550,2008-02-25,M-LNN-KAN,0.0,0.2
2550,2008-02-25,P-LNN,0.0,0.25
2570,2008-03-25,NM,0.0,0.0
2570,2008-03-25,LM,0.0,0.25
2570,2008-03-25,M-LNN,0.0,0.0
2570,2008-03-25,M-LNN-KAN,0.0,0.0
2570,2008-03-25,P-LNN,0.0,0.6666666666666666
2590,2008-04-22,NM,0.0,0.0
2590,2008-04-22,LM,0.0,0.25
2590,2008-04-22,M-LNN,0.0,0.0
2590,2008-04-22,M-LNN-KAN,0.0,0.0
2590,2008-04-22,P-LNN,0.0,0.6666666666666666
2610,2008-05-20,NM,0.0,0.0
2610,2008-05-20,LM,0.0,0.0
2610,2008-05-20,M-LNN,0.0,0.3333333333333333
2610,2008-05-20,M-LNN-KAN,0.0,0.3333333333333333
2610,2008-05-20,P-LNN,0.0,0.5
2630,2008-06-18,NM,0.0,0.0
2630,2008-06-18,LM,0.0,0.0
2630,2008-06-18,M-LNN,0.0,0.0
2630,2008-06-18,M-LNN-KAN,0.0,0.0
2630,2008-06-18,P-LNN,0.0,0.0
2650,2008-07-17,NM,0.0,0.0
2650,2008-07-17,LM,0.0,0.2
2650,2008-07-17,M-LNN,0.0,0.2
2650,2008-07-17,M-LNN-KAN,0.0,0.2
2650,2008-07-17,P-LNN,0.0,0.4
2670,2008-08-14,NM,0.0,0.0
2670,2008-08-14,LM,0.0,0.0
2670,2008-08-14,M-LNN,0.0,0.2
2670,2008-08-14,M-LNN-KAN,0.0,0.2
2670,2008-08-14,P-LNN,0.0,0.3333333333333333
2690,2008-09-12,NM,0.0,0.0
2690,2008-09-12,LM,0.0,0.0
2690,2008-09-12,M-LNN,0.0,0.0
2690,2008-09-12,M-LNN-KAN,0.0,0.2
2690,2008-09-12,P-LNN,0.0,0.2
2710,2008-10-10,NM,0.0,0.0
2710,2008-10-10,LM,0.0,0.0
2710,2008-10-10,M-LNN,0.0,0.2
2710,2008-10-10,M-LNN-KAN,0.0,0.2
2710,2008-10-10,P-LNN,0.0,0.2
2730,2008-11-07,NM,0.0,0.0
2730,2008-11-07,LM,0.0,1.0
2730,2008-11-07,M-LNN,0.0,0.6
2730,2008-11-07,M-LNN-KAN,0.0,0.4
2730,2008-11-07,P-LNN,0.0,0.4
2750,2008-12-08,NM,0.0,0.0
2750,2008-12-08,LM,0.0,0.6666666666666666
2750,2008-12-08,M-LNN,0.0,0.8
2750,2008-12-08,M-LNN-KAN,0.0,0.6
2750,2008-12-08,P-LNN,0.0,0.5
2770,2009-01-07,NM,0.0,0.0
2770,2009-01-07,LM,0.0,0.0
2770,2009-01-07,M-LNN,0.0,1.0
2770,2009-01-07,M-LNN-KAN,0.0,0.6
2770,2009-01-07,P-LNN,0.0,0.75
2790,2009-02-05,NM,0.0,0.0
2790,2009-02-05,LM,0.0,0.0
2790,2009-02-05,M-LNN,0.0,0.2
2790,2009-02-05,M-LNN-KAN,0.0,0.6
2790,2009-02-05,P-LNN,0.0,0.5
2810,2009-03-06,NM,0.0,0.0
2810,2009-03-06,LM,0.0,0.0
2810,2009-03-06,M-LNN,0.0,0.4
2810,2009-03-06,M-LNN-KAN,0.0,0.2
2810,2009-03-06,P-LNN,0.0,0.4
2830,2009-04-03,NM,0.0,0.0
2830,2009-04-03,LM,0.0,0.2
2830,2009-04-03,M-LNN,0.0,0.4
2830,2009-04-03,M-LNN-KAN,0.0,0.6
2830,2009-04-03,P-LNN,0.0,0.3333333333333333
2850,2009-05-04,NM,0.0,0.0
2850,2009-05-04,LM,0.0,0.5
2850,2009-05-04,M-LNN,0.0,0.3333333333333333
2850,2009-05-04,M-LNN-KAN,0.0,0.6666666666666666
2850,2009-05-04,P-LNN,0.0,0.5
2870,2009-06-02,NM,0.0,0.0
2870,2009-06-02,LM,0.0,0.0
2870,2009-06-02,M-LNN,0.3333333333333333,0.5
2870,2009-06-02,M-LNN-KAN,0.5,0.0
2870,2009-06-02,P-LNN,0.0,0.0
2890,2009-06-30,NM,0.0,0.0
2890,2009-06-30,LM,0.0,0.0
2890,2009-06-30,M-LNN,0.0,0.0
2890,2009-06-30,M-LNN-KAN,0.0,0.0
2890,2009-06-30,P-LNN,0.0,1.0
2910,2009-07-29,NM,0.0,0.0
2910,2009-07-29,LM,0.0,0.0
2910,2009-07-29,M-LNN,0.0,0.0
2910,2009-07-29,M-LNN-KAN,0.0,0.0
2910,2009-07-29,P-LNN,0.0,0.0
2930,2009-08-26,NM,0.0,0.0
2930,2009-08-26,LM,0.0,0.0
2930,2009-08-26,M-LNN,0.0,0.0
2930,2009-08-26,M-LNN-KAN,0.0,0.0
2930,2009-08-26,P-LNN,0.0,0.0
2950,2009-09-24,NM,0.6666666666666666,0.0
2950,2009-09-24,LM,0.25,0.0
2950,2009-09-24,M-LNN,0.25,0.0
2950,2009-09-24,M-LNN-KAN,0.5,0.0
2950,2009-09-24,P-LNN,0.4,0.0
2970,2009-10-22,NM,0.25,0.0
2970,2009-10-22,LM,0.2,0.0
2970,2009-10-22,M-LNN,0.2,0.0
2970,2009-10-22,M-LNN-KAN,0.4,0.0
2970,2009-10-22,P-LNN,0.4,0.0
2990,2009-11-19,NM,0.0,0.0
2990,2009-11-19,LM,0.0,0.0
2990,2009-11-19,M-LNN,0.2,0.0
2990,2009-11-19,M-LNN-KAN,0.2,0.0
2990,2009-11-19,P-LNN,0.0,0.0
3010,2009-12-18,NM,0.2,0.0
3010,2009-12-18,LM,0.0,0.0
3010,2009-12-18,M-LNN,0.4,0.0
3010,2009-12-18,M-LNN-KAN,0.2,0.0
3010,2009-12-18,P-LNN,0.0,0.0
3030,2010-01-20,NM,0.0,0.0
3030,2010-01-20,LM,0.0,0.0
3030,2010-01-20,M-LNN,0.6,0.0
3030,2010-01-20,M-LNN-KAN,0.6,0.0
3030,2010-01-20,P-LNN,0.2,0.0
3050,2010-02-18,NM,0.0,0.0
3050,2010-02-18,LM,0.0,0.0
3050,2010-02-18,M-LNN,0.75,0.0
3050,2010-02-18,M-LNN-KAN,0.75,0.0
3050,2010-02-18,P-LNN,0.25,0.0
3070,2010-03-18,NM,0.0,0.0
3070,2010-03-18,LM,0.0,0.0
3070,2010-03-18,M-LNN,0.4,0.0
3070,2010-03-18,M-LNN-KAN,0.4,0.0
3070,2010-03-18,P-LNN,0.4,0.0
3090,2010-04-16,NM,0.0,0.0
3090,2010-04-16,LM,0.2,0.0
3090,2010-04-16,M-LNN,0.4,0.0
3090,2010-04-16,M-LNN-KAN,0.4,0.0
3090,2010-04-16,P-LNN,0.0,0.0
3110,2010-05-14,NM,0.0,0.0
3110,2010-05-14,LM,0.0,0.0
3110,2010-05-14,M-LNN,0.2,0.0
3110,2010-05-14,M-LNN-KAN,0.2,0.0
3110,2010-05-14,P-LNN,0.2,0.0
3130,2010-06-14,NM,0.0,0.0
3130,2010-06-14,LM,0.6666666666666666,0.0
3130,2010-06-14,M-LNN,0.3333333333333333,0.0
3130,2010-06-14,M-LNN-KAN,0.6666666666666666,0.0
3130,2010-06-14,P-LNN,0.0,0.0
3150,2010-07-13,NM,0.0,0.0
3150,2010-07-13,LM,0.0,0.0
3150,2010-07-13,M-LNN,0.0,0.0
3150,2010-07-13,M-LNN-KAN,0.0,0.0
3150,2010-07-13,P-LNN,0.0,0.0
3170,2010-08-10,NM,0.0,0.0
3170,2010-08-10,LM,0.0,0.0
3170,2010-08-10,M-LNN,0.0,0.0
3170,2010-08-10,M-LNN-KAN,0.0,0.0
3170,2010-08-10,P-LNN,0.0,0.0
3190,2010-09-08,NM,0.0,0.0
3190,2010-09-08,LM,0.0,0.0
3190,2010-09-08,M-LNN,0.0,0.0
3190,2010-09-08,M-LNN-KAN,0.0,0.0
3190,2010-09-08,P-LNN,0.0,0.0
3210,2010-10-06,NM,0.0,0.0
3210,2010-10-06,LM,0.0,0.0
3210,2010-10-06,M-LNN,0.0,0.0
3210,2010-10-06,M-LNN-KAN,0.0,0.0
3210,2010-10-06,P-LNN,0.0,0.0
3230,2010-11-03,NM,0.0,0.0
3230,2010-11-03,LM,0.0,0.0
3230,2010-11-03,M-LNN,0.0,0.0
3230,2010-11-03,M-LNN-KAN,0.0,0.0
3230,2010-11-03,P-LNN,0.2,0.0
3250,2010-12-02,NM,0.0,0.0
3250,2010-12-02,LM,0.3333333333333333,0.0
3250,2010-12-02,M-LNN,0.2,0.0
3250,2010-12-02,M-LNN-KAN,0.2,0.0
3250,2010-12-02,P-LNN,0.2,0.0
3270,2010-12-31,NM,0.0,0.0
3270,2010-12-31,LM,0.0,0.0
3270,2010-12-31,M-LNN,0.2,0.0
3270,2010-12-31,M-LNN-KAN,0.0,0.0
3270,2010-12-31,P-LNN,0.6,0.0
