t2_off,L,method,t1,t2,tc_norm,m,w,tc_days_after_t2,tc_idx,tc_days_vs_peak,price_c,price_c_vs_peak_pct,seconds
5,150,LM,2019-07-10,2020-02-11,0.9900115939466458,0.7064025834685764,4.765502025492516,-1.4882725019497698,5560.51172749805,-6.488272501949723,335.11197198602923,-0.9540781503726281,0.3310958780000419
5,150,lppls-repo (NM),2019-07-10,2020-02-11,1.031614227198753,0.6009043382993504,3.349115423720617,4.7105198526141905,5566.710519852614,-0.2894801473858024,339.9593525441726,0.4786169368601545,0.011561588000006395
5,150,M-LNN,2019-07-10,2020-02-11,1.032423973083496,0.6522542238235474,6.000853061676025,4.831171989440918,5566.831171989441,-0.16882801055908203,341.2493710377231,0.8598956782299272,0.31096046599998317
5,150,M-LNN-KAN,2019-07-10,2020-02-11,1.1230355501174927,0.39818069338798523,8.079187393188477,18.33229696750641,5580.332296967506,13.332296967506409,375.62769959070926,11.020777794735848,2.088237528000036
5,150,P-LNN-100K,2019-07-10,2020-02-11,1.0212420225143433,0.729901134967804,6.99377965927124,3.165061354637146,5565.165061354637,-1.834938645362854,337.8281940529452,-0.15126971302676928,0.0006365599999753613
5,150,P-LNN-100K-AR1,2019-07-10,2020-02-11,1.0490294694900513,0.6779643297195435,8.50295352935791,7.305390954017639,5569.305390954018,2.305390954017639,341.79020237090117,1.0197441540761298,0.0003933500000243839
5,150,P-LNN-100K-BOTH,2019-07-10,2020-02-11,1.0375646352767944,0.7029863595962524,7.564628601074219,5.597130656242371,5567.597130656242,0.5971306562423706,340.0697565839279,0.5112480297712274,0.00033822400001781716
5,200,LM,2019-04-29,2020-02-11,1.0259528340025432,0.5213462005617059,6.07875267352789,5.164613966506101,5567.164613966506,0.16461396650629467,345.9339657447834,2.244477668848921,0.252810328999999
5,200,lppls-repo (NM),2019-04-29,2020-02-11,1.025955695767409,0.5213379814695307,6.0788143721559695,5.165183457714385,5567.165183457714,0.16518345771419263,345.9349116947976,2.244757254477059,0.011044550999997682
5,200,M-LNN,2019-04-29,2020-02-11,1.0259557962417603,0.5213381052017212,6.078810214996338,5.1652034521102905,5567.16520345211,0.16520345211029053,345.93492026798856,2.2447597883751724,0.3159292870000172
5,200,M-LNN-KAN,2019-04-29,2020-02-11,1.0260556936264038,0.5207644701004028,6.082052230834961,5.185083031654358,5567.185083031654,0.1850830316543579,345.98715063033404,2.2601970297139173,2.090787976999991
5,200,P-LNN-100K,2019-04-29,2020-02-11,1.0660326480865479,0.8809028267860413,6.426814079284668,13.140496969223022,5575.140496969223,8.140496969223022,333.93168509093897,-1.3029245460368322,0.0005919739999740159
5,200,P-LNN-100K-AR1,2019-04-29,2020-02-11,1.0726361274719238,0.6704171895980835,7.19052791595459,14.454589366912842,5576.454589366913,9.454589366912842,341.8357379018184,1.0332026664947813,0.0003764570000157619
5,200,P-LNN-100K-BOTH,2019-04-29,2020-02-11,1.0691418647766113,0.7405031323432922,6.662990570068359,13.759231090545654,5575.759231090546,8.759231090545654,338.74923727233994,0.12095444592421511,0.0003040590000296106
5,252,LM,2019-02-12,2020-02-11,1.080878569941183,0.3895183196252031,4.531948884425187,20.300521055236914,5582.3005210552365,15.300521055236459,375.2242822200175,10.90154348289223,0.2514378530000272
5,252,lppls-repo (NM),2019-02-12,2020-02-11,1.1322757326017783,0.056053295634219555,19.468305045058028,33.20120888304635,5595.201208883046,28.201208883046093,1396.9004263109844,312.8688379473265,0.009079654000004211
5,252,M-LNN,2019-02-12,2020-02-11,1.0207077264785767,0.4638875722885132,6.023069381713867,5.197639346122742,5567.197639346123,0.1976393461227417,348.4576657006693,2.990384140411817,0.30847863300004974
5,252,M-LNN-KAN,2019-02-12,2020-02-11,1.0728368759155273,0.13154363632202148,7.686486721038818,18.282055854797363,5580.282055854797,13.282055854797363,524.9014310822342,55.140223172617574,2.1432830379999928
5,252,P-LNN-100K,2019-02-12,2020-02-11,1.0493541955947876,0.41836968064308167,7.24819278717041,12.387903094291687,5574.387903094292,7.387903094291687,357.5971105190773,5.691644653034622,0.0005658710000489009
5,252,P-LNN-100K-AR1,2019-02-12,2020-02-11,1.0838329792022705,0.46416133642196655,6.858701705932617,21.042077779769897,5583.04207777977,16.042077779769897,358.560343468523,5.976338437229711,0.00037310999999817795
5,252,P-LNN-100K-BOTH,2019-02-12,2020-02-11,1.0883944034576416,0.4182262122631073,7.019721984863281,22.186995267868042,5584.186995267868,17.186995267868042,365.5661961467487,8.046993009029002,0.0003789890000120977
5,300,LM,2018-11-30,2020-02-11,0.9979359075313575,0.8629719755412076,4.251779046575145,-0.6171636481241002,5561.382836351876,-5.617163648124006,329.882046102675,-2.499838593522774,3.1399797689999787
5,300,lppls-repo (NM),2018-11-30,2020-02-11,1.0269300823064764,0.8939968329346967,4.257037273810788,8.05209460963645,5570.052094609637,3.052094609636697,332.198694916361,-1.8151282980549133,0.049107468999977755
5,300,M-LNN,2018-11-30,2020-02-11,0.9940802454948425,0.8825432062149048,10.777945518493652,-1.7700065970420837,5560.229993402958,-6.770006597042084,327.47519717362593,-3.211208496297824,0.31628402299998015
5,300,M-LNN-KAN,2018-11-30,2020-02-11,0.9959931373596191,0.8818374872207642,10.901025772094727,-1.198051929473877,5560.801948070526,-6.198051929473877,327.64832800859546,-3.160037829226381,2.128107739000029
5,300,P-LNN-100K,2018-11-30,2020-02-11,0.9588778614997864,1.0206611156463623,6.7016730308532715,-12.295519411563873,5549.704480588436,-17.295519411563873,322.08091880539513,-4.80554507140889,0.0006081910000261814
5,300,P-LNN-100K-AR1,2018-11-30,2020-02-11,1.0561532974243164,0.821387529373169,7.148765563964844,16.789835929870605,5578.789835929871,11.789835929870605,334.8613305729856,-1.0281578964989047,0.0003779150000013942
5,300,P-LNN-100K-BOTH,2018-11-30,2020-02-11,1.1295520067214966,1.009904146194458,7.190583229064941,38.73605000972748,5600.7360500097275,33.73605000972748,333.8912603445718,-1.3148725115056492,0.0003502349999848775
5,350,LM,2018-09-20,2020-02-11,0.9899886314743377,0.8237519226174916,12.289484350956254,-3.493967615456147,5558.506032384544,-8.493967615456313,325.63337932733066,-3.755577428819923,0.5557992999999897
5,350,lppls-repo (NM),2018-09-20,2020-02-11,1.036728975760081,0.6328305764712192,7.577319708257168,12.818412540268287,5574.818412540269,7.818412540268582,336.31137327904236,-0.5995822902871706,0.03819461299997329
5,350,M-LNN,2018-09-20,2020-02-11,0.9900410771369934,0.8240432739257812,12.279565811157227,-3.4756640791893005,5558.524335920811,-8.4756640791893,325.62400135611875,-3.75834918835527,0.31512289300002294
5,350,M-LNN-KAN,2018-09-20,2020-02-11,0.935847818851471,0.5878785252571106,9.381256103515625,-22.38911122083664,5539.610888779163,-27.38911122083664,329.4008559350839,-2.642059485995185,2.1549109199999634
5,350,P-LNN-100K,2018-09-20,2020-02-11,1.134810209274292,0.9030835628509521,9.851213455200195,47.048763036727905,5609.048763036728,42.048763036727905,332.8163204069155,-1.6325824889414364,0.0005436819999999898
5,350,P-LNN-100K-AR1,2018-09-20,2020-02-11,1.1273919343948364,0.7513349056243896,9.832462310791016,44.45978510379791,5606.459785103798,39.45978510379791,340.0815845198943,0.5147439025519729,0.00038418299999420924
5,350,P-LNN-100K-BOTH,2018-09-20,2020-02-11,1.1138808727264404,0.8736297488212585,9.502520561218262,39.74442458152771,5601.744424581528,34.74442458152771,332.48707547483946,-1.7298943444938542,0.0003204139999866129
10,150,LM,2019-07-02,2020-02-04,0.9488798866265761,0.5753555136333992,3.6822272884606035,-7.616896892640165,5549.38310310736,-17.616896892640398,333.3292284031668,-1.4809870535062886,0.29707988400002705
10,150,lppls-repo (NM),2019-07-02,2020-02-04,1.2720801126083565,-0.175650441257644,19.637641431691172,40.53993677864512,5597.539936778645,30.539936778644915,180.64379684852204,-46.60879681724831,0.048867082000015216
10,150,M-LNN,2019-07-02,2020-02-04,1.0991919040679932,0.5304951667785645,6.715428352355957,14.779593706130981,5571.779593706131,4.7795937061309814,352.1513361533094,4.082087885945906,0.33056586100002505
10,150,M-LNN-KAN,2019-07-02,2020-02-04,1.1971523761749268,0.24943655729293823,9.314406394958496,29.375704050064087,5586.375704050064,19.375704050064087,432.8452733964343,27.932042737020257,2.1215393589999962
10,150,P-LNN-100K,2019-07-02,2020-02-04,1.0470621585845947,0.6177846789360046,6.841452598571777,7.012261629104614,5564.012261629105,-2.9877383708953857,341.51293379942655,0.937794466934605,0.0005436060000079124
10,150,P-LNN-100K-AR1,2019-07-02,2020-02-04,1.041785717010498,0.5786049962043762,7.343172073364258,6.226071834564209,5563.226071834564,-3.773928165435791,342.9329192012958,1.357486315923584,0.0003817030000163868
10,150,P-LNN-100K-BOTH,2019-07-02,2020-02-04,1.022119402885437,0.657270073890686,7.354418754577637,3.2957910299301147,5560.29579102993,-6.704208970069885,337.44698304554254,-0.2639406970672775,0.00033274599996957477
10,200,LM,2019-04-22,2020-02-04,1.2843147483251298,-0.39848310766822076,12.943249965341321,56.578634916700835,5613.578634916701,46.57863491670105,238.11807302252384,-29.621660748795932,0.3459520570000336
10,200,lppls-repo (NM),2019-04-22,2020-02-04,1.741489460780768,-1.495717657518795,15.602761130751148,147.55640269537284,5704.5564026953725,137.55640269537253,269.4343341473876,-20.365805359287226,0.030898323000030814
10,200,M-LNN,2019-04-22,2020-02-04,1.0910730361938477,0.10572159290313721,10.95399284362793,18.123534202575684,5575.123534202576,8.123534202575684,563.6076432037995,66.5802574935862,0.3089418349999846
10,200,M-LNN-KAN,2019-04-22,2020-02-04,1.0801373720169067,0.2585303485393524,6.926121711730957,15.947337031364441,5572.947337031364,5.947337031364441,394.8601333084523,16.70512895562226,2.1294840009999803
10,200,P-LNN-100K,2019-04-22,2020-02-04,1.0645517110824585,0.8170784711837769,6.201136112213135,12.84579050540924,5569.845790505409,2.8457905054092407,332.4156261210648,-1.7510119639815525,0.00056647100001328
10,200,P-LNN-100K-AR1,2019-04-22,2020-02-04,1.1074901819229126,0.6383504271507263,7.769771575927734,21.390546202659607,5578.39054620266,11.390546202659607,342.0775576165158,1.104675065471361,0.0003623610000431654
10,200,P-LNN-100K-BOTH,2019-04-22,2020-02-04,1.0414364337921143,0.6886560916900635,6.469022750854492,8.245850324630737,5565.245850324631,-1.7541496753692627,334.60938986757867,-1.1026216623577723,0.00031908900001553775
10,252,LM,2019-02-05,2020-02-04,0.9696447181428185,0.6501821576569786,3.6221388426504535,-7.619175746152558,5549.380824253847,-17.619175746152905,331.84019621833926,-1.9210864165220554,0.29316751400000385
10,252,lppls-repo (NM),2019-02-05,2020-02-04,1.1053397587982208,0.21614845144182804,13.585294003911615,26.440279458353412,5583.440279458353,16.44027945835296,436.1516670121408,28.90928267782138,0.0074451890000091225
10,252,M-LNN,2019-02-05,2020-02-04,1.1863205432891846,0.1045944094657898,8.218031883239746,46.76645636558533,5603.766456365585,36.76645636558533,748.9580451154127,121.36254806272176,0.3173228449999783
10,252,M-LNN-KAN,2019-02-05,2020-02-04,1.1243797540664673,0.22024840116500854,8.24688720703125,31.21931827068329,5588.219318270683,21.21931827068329,437.7964907011404,29.39542788353149,2.0722765050000476
10,252,P-LNN-100K,2019-02-05,2020-02-04,1.0290093421936035,0.5304486751556396,8.043673515319824,7.281344890594482,5564.2813448905945,-2.7186551094055176,340.9631206071283,0.7752913067116785,0.0005435990000250968
10,252,P-LNN-100K-AR1,2019-02-05,2020-02-04,1.0877561569213867,0.5981833338737488,7.071612358093262,22.026795387268066,5579.026795387268,12.026795387268066,343.7018815403675,1.5847613466830612,0.00035123200001407895
10,252,P-LNN-100K-BOTH,2019-02-05,2020-02-04,1.0983235836029053,0.5670695304870605,7.374407768249512,24.679219484329224,5581.679219484329,14.679219484329224,347.0169010934473,2.564550775387864,0.00032802099997297773
10,300,LM,2018-11-23,2020-02-04,1.0052992917336183,0.7901640685295473,4.641910354794563,1.5844882283518766,5558.584488228352,-8.415511771648198,329.41640485347637,-2.637463837123488,0.593000877999998
10,300,lppls-repo (NM),2018-11-23,2020-02-04,1.0053006336376036,0.7901618736182563,4.641931206054132,1.5848894576434704,5558.584889457644,-8.41511054235616,329.416612759605,-2.637402388247023,0.013131817999976647
10,300,M-LNN,2018-11-23,2020-02-04,0.9977487325668335,0.8923338651657104,10.188883781433105,-0.6731289625167847,5556.326871037483,-10.673128962516785,325.35310592064303,-3.8384152270961036,0.31214275199999975
10,300,M-LNN-KAN,2018-11-23,2020-02-04,1.0456442832946777,0.9349020719528198,11.709247589111328,13.647640705108643,5570.647640705109,3.6476407051086426,327.93071448773316,-3.076575489822908,2.155405589000054
10,300,P-LNN-100K,2018-11-23,2020-02-04,0.976579487323761,1.0111465454101562,6.480428695678711,-7.002733290195465,5549.9972667098045,-17.002733290195465,321.0201138509788,-5.119077303606179,0.0005757460000381798
10,300,P-LNN-100K-AR1,2018-11-23,2020-02-04,1.060789704322815,0.8286144137382507,7.280028820037842,18.176121592521667,5575.176121592522,8.176121592521667,332.34962361979416,-1.7705197080468804,0.00035844400002815746
10,300,P-LNN-100K-BOTH,2018-11-23,2020-02-04,1.106550693511963,1.0116761922836304,7.007117748260498,31.858657360076904,5588.858657360077,21.858657360076904,329.44126322353264,-2.630116680400585,0.00034813199999916833
10,350,LM,2018-09-13,2020-02-04,0.9760756440366183,0.8258160064301944,11.655337285695364,-8.349600231220219,5548.65039976878,-18.349600231220393,322.2023025424235,-4.769668811720884,3.6165949829999704
10,350,lppls-repo (NM),2018-09-13,2020-02-04,1.1134855836732531,0.7274379367977029,8.720777347123768,39.60646870196534,5596.606468701965,29.60646870196524,335.91480205593865,-0.7167931501038338,0.08305899900000213
10,350,M-LNN,2018-09-13,2020-02-04,0.9761534333229065,0.8258697986602783,11.664271354675293,-8.322451770305634,5548.677548229694,-18.322451770305634,322.20917667347925,-4.7676370888812265,0.3177867329999913
10,350,M-LNN-KAN,2018-09-13,2020-02-04,0.9760957360267639,0.8252213001251221,11.656304359436035,-8.342588126659393,5548.657411873341,-18.342588126659393,322.219909552779,-4.764464871791985,2.067700564000006
10,350,P-LNN-100K,2018-09-13,2020-02-04,1.1422340869903564,0.942497730255127,10.169845581054688,49.6396963596344,5606.639696359634,39.6396963596344,329.22727089106667,-2.693364399400988,0.0005679540000187444
10,350,P-LNN-100K-AR1,2018-09-13,2020-02-04,1.138074278831482,0.7818197011947632,9.926647186279297,48.187923312187195,5605.187923312187,38.187923312187195,336.0301900988846,-0.6826889818275617,0.0003657089999933305
10,350,P-LNN-100K-BOTH,2018-09-13,2020-02-04,1.1270617246627808,0.9092849493026733,9.877299308776855,44.344541907310486,5601.3445419073105,34.344541907310486,329.44419414451903,-2.6292504154049046,0.0003500139999914609
15,150,LM,2019-06-25,2020-01-28,0.9699076853583024,0.5155473281431712,3.8001940839009984,-4.483754881612941,5547.516245118387,-19.483754881613095,335.6858500649103,-0.7844623559406738,0.49551957400001356
15,150,lppls-repo (NM),2019-06-25,2020-01-28,1.0324674021568765,0.4361731921456048,4.60123802057048,4.837642921374597,5556.837642921375,-10.162357078625064,348.78240304444813,3.0863637301082214,0.00742032300001938
15,150,M-LNN,2019-06-25,2020-01-28,1.0464469194412231,0.4755593538284302,6.024046421051025,6.9205909967422485,5558.920590996742,-8.079409003257751,348.7083136828621,3.0644658281202775,0.30836058900001717
15,150,M-LNN-KAN,2019-06-25,2020-01-28,1.0899189710617065,0.7814310789108276,6.5245585441589355,13.397926688194275,5565.397926688194,-1.602073311805725,336.8562604622396,-0.4385350646569641,2.135570295999969
15,150,P-LNN-100K,2019-06-25,2020-01-28,1.0817444324493408,0.5443148016929626,8.025932312011719,12.179920434951782,5564.179920434952,-2.8200795650482178,346.8447258541212,2.5136625448132666,0.0005930049999847142
15,150,P-LNN-100K-AR1,2019-06-25,2020-01-28,1.0389940738677979,0.48746174573898315,8.574026107788086,5.81011700630188,5557.810117006302,-9.18988299369812,345.5462866574008,2.1298949747002416,0.0003646870000011404
15,150,P-LNN-100K-BOTH,2019-06-25,2020-01-28,1.0298681259155273,0.6147271394729614,8.357977867126465,4.450350761413574,5556.450350761414,-10.549649238586426,337.40852128795126,-0.27530848024138743,0.0003160900000125366
15,200,LM,2019-04-12,2020-01-28,0.9745788322465736,0.374281993231956,12.104372369966073,-5.058812382931853,5546.941187617068,-20.058812382932047,340.31594129225505,0.5840105492271208,0.5204407269999933
15,200,lppls-repo (NM),2019-04-12,2020-01-28,1.1591151520696066,-0.14828943464188551,17.263200844015504,31.66391526185171,5583.663915261852,16.6639152618518,183.28607032220557,-45.82784467630029,0.007842033000031279
15,200,M-LNN,2019-04-12,2020-01-28,1.0454871654510498,0.2116837203502655,12.936857223510742,9.051945924758911,5561.051945924759,-5.948054075241089,393.18797389370206,16.210904384259052,0.31416635700003326
15,200,M-LNN-KAN,2019-04-12,2020-01-28,1.0584696531295776,0.10011902451515198,9.178898811340332,11.63546097278595,5563.635460972786,-3.3645390272140503,531.8549542715393,57.1954112051603,2.1145887370000196
15,200,P-LNN-100K,2019-04-12,2020-01-28,1.0521258115768433,0.7135991454124451,6.528930187225342,10.373036503791809,5562.373036503792,-4.626963496208191,331.73011769129926,-1.953621300674091,0.0005930259999900045
15,200,P-LNN-100K-AR1,2019-04-12,2020-01-28,1.0717320442199707,0.588712751865387,8.084695816040039,14.27467679977417,5566.274676799774,-0.7253232002258301,337.7555375938487,-0.17274410538252738,0.00037030299995421956
15,200,P-LNN-100K-BOTH,2019-04-12,2020-01-28,1.012023687362671,0.611626386642456,6.763250350952148,2.392713785171509,5554.3927137851715,-12.607286214828491,331.6996560340643,-1.9626245687579646,0.00036104200000863784
15,252,LM,2019-01-29,2020-01-28,1.0738909544839341,2.2939307904437767,-0.15455373210168907,18.546629575467463,5570.546629575468,3.546629575467705,334.69489626636664,-1.0773493331067363,0.22923025700004018
15,252,lppls-repo (NM),2019-01-29,2020-01-28,1.0105976069256013,0.6331164988490419,4.052255373775367,2.6599993383259264,5554.659999338326,-12.340000661673912,335.0357059734315,-0.9766193848106841,0.010024916000020312
15,252,M-LNN,2019-01-29,2020-01-28,1.0269207954406738,0.4512893557548523,10.449976921081543,6.757119655609131,5558.757119655609,-8.24288034439087,346.5845614663008,2.436768181799609,0.3165315150000083
15,252,M-LNN-KAN,2019-01-29,2020-01-28,1.1650644540786743,0.17695674300193787,8.53106689453125,41.43117797374725,5593.431177973747,26.431177973747253,497.95400516281893,47.175623681154754,2.131559379999999
15,252,P-LNN-100K,2019-01-29,2020-01-28,0.9953790903091431,0.7254880666732788,8.846403121948242,-1.1598483324050903,5550.840151667595,-16.15984833240509,327.0432665699315,-3.3388701986370117,0.000614104000021598
15,252,P-LNN-100K-AR1,2019-01-29,2020-01-28,1.0836845636367798,0.7523159980773926,7.640481472015381,21.004825472831726,5573.004825472832,6.004825472831726,332.9893254702035,-1.5814489950335409,0.00034705199999507386
15,252,P-LNN-100K-BOTH,2019-01-29,2020-01-28,1.0767576694488525,0.7884665727615356,8.264144897460938,19.266175031661987,5571.266175031662,4.266175031661987,331.03834525333957,-2.1580820318792937,0.00027804600000536084
15,300,LM,2018-11-15,2020-01-28,1.0435703091505848,0.6784033210165782,5.484887329054364,13.027522436024855,5565.027522436025,-1.9724775639751897,335.62559214542347,-0.8022722275156657,0.27287455599997656
15,300,lppls-repo (NM),2018-11-15,2020-01-28,1.0435625577098409,0.6784039443067738,5.484774176529227,13.025204755242415,5565.025204755242,-1.9747952447578427,335.624656385966,-0.802548801215941,0.007406174000038845
15,300,M-LNN,2018-11-15,2020-01-28,0.9900990724563599,0.9079378247261047,11.790352821350098,-2.960377335548401,5549.039622664452,-17.9603773355484,322.9922407891783,-4.536194127452164,0.3137750280000091
15,300,M-LNN-KAN,2018-11-15,2020-01-28,0.9822784066200256,0.8868926763534546,10.829170227050781,-5.298756420612335,5546.701243579388,-20.298756420612335,322.78631566861145,-4.597057495829205,2.0861438389999876
15,300,P-LNN-100K,2018-11-15,2020-01-28,0.9773114919662476,0.950570285320282,6.643123149871826,-6.78386390209198,5545.216136097908,-21.78386390209198,320.605066013279,-5.241749124171246,0.0005825200000231234
15,300,P-LNN-100K-AR1,2018-11-15,2020-01-28,1.0701228380203247,0.817050039768219,7.724023818969727,20.966728568077087,5572.966728568077,5.966728568077087,331.91673542327135,-1.8984644371722648,0.00035348000000112734
15,300,P-LNN-100K-BOTH,2018-11-15,2020-01-28,1.1080883741378784,0.9963781833648682,7.302952766418457,32.31842386722565,5584.318423867226,17.318423867225647,327.8616883614174,-3.0969768985584234,0.000359553999999207
15,350,LM,2018-09-06,2020-01-28,0.980079361427619,0.8139561555575078,11.409408207767282,-6.952302861760977,5545.047697138239,-21.952302861761382,321.059932956853,-5.107308341652472,2.446826951999981
15,350,lppls-repo (NM),2018-09-06,2020-01-28,1.1158617054051916,0.7299129482257996,8.557729839941992,40.43573518641186,5592.435735186412,25.435735186411875,333.70003477779295,-1.3713912697898678,0.046228228000018134
15,350,M-LNN,2018-09-06,2020-01-28,0.9799414873123169,0.8178498148918152,11.466094017028809,-7.000420928001404,5544.999579071999,-22.000420928001404,320.96202816232585,-5.136245149161822,0.3199877499999957
15,350,M-LNN-KAN,2018-09-06,2020-01-28,0.9800693988800049,0.8122177124023438,11.47594928741455,-6.955779790878296,5545.044220209122,-21.955779790878296,321.1260556060478,-5.087765086585138,2.08981680200003
15,350,P-LNN-100K,2018-09-06,2020-01-28,1.145681619644165,0.958621621131897,10.23848819732666,50.8428852558136,5602.842885255814,35.8428852558136,326.9951674491471,-3.3530864074164612,0.0006071959999758292
15,350,P-LNN-100K-AR1,2018-09-06,2020-01-28,1.1025278568267822,0.7699801921844482,9.866914749145508,35.782222032547,5587.782222032547,20.782222032546997,331.87227505963705,-1.9116051724191396,0.0003738629999929799
15,350,P-LNN-100K-BOTH,2018-09-06,2020-01-28,1.132284164428711,0.8685874938964844,10.137571334838867,46.16717338562012,5598.16717338562,31.167173385620117,329.6645387686769,-2.5641252087613253,0.0003256870000427625
20,150,LM,2019-06-18,2020-01-21,0.9887817883991618,0.5108855978999813,4.726082343140326,-1.6715135285248985,5545.328486471475,-21.671513528524883,334.5955491295909,-1.1067124402698747,0.2563927939999644
20,150,lppls-repo (NM),2019-06-18,2020-01-21,1.0233743721052473,0.2732680243341769,13.169783533531012,3.482781443681846,5550.482781443682,-16.517218556317857,363.7519522158668,7.510773841658347,0.007367208999994546
20,150,M-LNN,2019-06-18,2020-01-21,1.0051548480987549,0.31246495246887207,12.163211822509766,0.7680723667144775,5547.7680723667145,-19.231927633285522,351.82158072648485,3.9846251482192008,0.305783206000001
20,150,M-LNN-KAN,2019-06-18,2020-01-21,1.0153350830078125,0.2945284843444824,12.820865631103516,2.2849273681640625,5549.284927368164,-17.715072631835938,357.57030196752936,5.683721099346628,2.088662763000002
20,150,P-LNN-100K,2019-06-18,2020-01-21,1.048559546470642,0.47024238109588623,9.321091651916504,7.235372424125671,5554.235372424126,-12.764627575874329,342.38224991141533,1.1947301269182864,0.0005450799999948686
20,150,P-LNN-100K-AR1,2019-06-18,2020-01-21,1.052996039390564,0.4768868684768677,9.633739471435547,7.896409869194031,5554.896409869194,-12.10359013080597,342.30184162062216,1.1709645979258054,0.000377200000002631
20,150,P-LNN-100K-BOTH,2019-06-18,2020-01-21,1.0159636735916138,0.4423706531524658,9.653820991516113,2.3785873651504517,5549.37858736515,-17.62141263484955,340.47621975945947,0.6313825617602076,0.00032335299999886047
20,200,LM,2019-04-05,2020-01-21,1.1645560654484939,-0.18164312284979095,16.73083937515529,32.74665702425028,5579.74665702425,12.746657024250453,203.164770683584,-39.952482507659745,0.21532405699997526
20,200,lppls-repo (NM),2019-04-05,2020-01-21,1.1645637366916142,-0.1816570544997238,16.731037456470087,32.74818360163122,5579.748183601631,12.748183601631354,203.16963169122747,-39.95104578494193,0.008187871000018276
20,200,M-LNN,2019-04-05,2020-01-21,1.0260709524154663,0.2066866159439087,12.978656768798828,5.188119530677795,5552.188119530678,-14.811880469322205,383.0403412073029,13.211663181209122,0.316647353999997
20,200,M-LNN-KAN,2019-04-05,2020-01-21,1.0290155410766602,0.21520519256591797,12.8504056930542,5.774092674255371,5552.774092674255,-14.225907325744629,380.5993163077529,12.490192205400753,2.1595495579999806
20,200,P-LNN-100K,2019-04-05,2020-01-21,1.0588163137435913,0.6188275218009949,6.7509613037109375,11.70444643497467,5558.704446434975,-8.29555356502533,333.0357182988969,-1.5677370991024064,0.0006971829999997681
20,200,P-LNN-100K-AR1,2019-04-05,2020-01-21,1.0581990480422974,0.55916827917099,8.127578735351562,11.581610560417175,5558.581610560417,-8.418389439582825,334.91189236897736,-1.0132138177639693,0.0004377220000151283
20,200,P-LNN-100K-BOTH,2019-04-05,2020-01-21,1.0078729391098022,0.5696638226509094,6.970348358154297,1.566714882850647,5548.566714882851,-18.433285117149353,329.931305177799,-2.48527954785156,0.00035724000002801404
20,252,LM,2019-01-22,2020-01-21,1.1791368910256483,2.4363812338267468,-0.09208348863932049,44.963359647437734,5591.963359647438,24.963359647437755,344.36655725297504,1.781213351355171,0.8035717369999702
20,252,lppls-repo (NM),2019-01-22,2020-01-21,1.0434229754267288,0.4923654832455877,14.46298659228843,10.899166832108927,5557.899166832109,-9.100833167891324,342.7942551500486,1.3165026748385156,0.007414783000001535
20,252,M-LNN,2019-01-22,2020-01-21,0.9919344186782837,0.5932167768478394,8.608351707458496,-2.0244609117507935,5544.975539088249,-22.024460911750793,329.7120469071787,-2.5500836711063624,0.3173432180000191
20,252,M-LNN-KAN,2019-01-22,2020-01-21,0.9919185638427734,0.5940564870834351,8.611958503723145,-2.028440475463867,5544.971559524536,-22.028440475463867,329.67459404215094,-2.561153265309757,2.152694352000026
20,252,P-LNN-100K,2019-01-22,2020-01-21,0.9821420907974243,0.6608392000198364,9.554119110107422,-4.482335209846497,5542.5176647901535,-24.482335209846497,326.32521573701484,-3.551097790088409,0.0006068960000220613
20,252,P-LNN-100K-AR1,2019-01-22,2020-01-21,1.0387544631958008,0.6775771975517273,8.667205810546875,9.727370262145996,5556.727370262146,-10.272629737854004,331.07539026246064,-2.1471329838444575,0.00039048100001082275
20,252,P-LNN-100K-BOTH,2019-01-22,2020-01-21,1.0447553396224976,0.7358348369598389,8.80153751373291,11.233590245246887,5558.233590245247,-8.766409754753113,329.19755670299736,-2.7021467449910186,0.0003615269999954762
20,300,LM,2018-11-08,2020-01-21,0.9985719997968807,0.9236930111387459,12.351510278515404,-0.4269720607326659,5546.573027939267,-20.426972060732624,321.32732660390263,-5.028277293875194,2.0748673930000336
20,300,lppls-repo (NM),2018-11-08,2020-01-21,1.0683867794403659,0.6193729426043888,6.130205719764462,20.447647052669392,5567.44764705267,0.4476470526697085,338.70108104389897,0.10672135836702346,0.008391885999969873
20,300,M-LNN,2018-11-08,2020-01-21,0.9960154294967651,0.9221101403236389,12.301065444946289,-1.1913865804672241,5545.808613419533,-21.191386580467224,321.1802342779187,-5.071752001560936,0.3227901530000281
20,300,M-LNN-KAN,2018-11-08,2020-01-21,0.9990732073783875,0.9249923229217529,12.377201080322266,-0.2771109938621521,5546.722889006138,-20.277110993862152,321.3397267224238,-5.024612306430276,2.23480261200001
20,300,P-LNN-100K,2018-11-08,2020-01-21,0.9878835082054138,0.8568686246871948,6.6857452392578125,-3.6228310465812683,5543.377168953419,-23.62283104658127,321.1150471968794,-5.0910187394693445,0.0005989940000290517
20,300,P-LNN-100K-AR1,2018-11-08,2020-01-21,1.093349814414978,0.8044885993003845,8.233444213867188,27.91159451007843,5574.911594510078,7.91159451007843,331.94011403583295,-1.891554638578652,0.0003884249999828171
20,300,P-LNN-100K-BOTH,2018-11-08,2020-01-21,1.0889580249786377,0.9416552782058716,7.525079727172852,26.59844946861267,5573.598449468613,6.598449468612671,325.827030413087,-3.6983417825007248,0.0003707350000468068
20,350,LM,2018-08-29,2020-01-21,0.9820376401692555,0.8112352101475891,11.023123042689743,-6.268863580929815,5540.73113641907,-26.268863580929974,319.0083858496344,-5.713664996856882,0.45108866800001124
20,350,lppls-repo (NM),2018-08-29,2020-01-21,1.1116137242388269,0.8176922760453873,8.430518544205725,38.95318975935058,5585.953189759351,18.953189759350607,326.3790346891979,-3.5351910240592477,0.08907646000000113
20,350,M-LNN,2018-08-29,2020-01-21,0.9821991920471191,0.8163525462150574,10.994208335876465,-6.21248197555542,5540.787518024445,-26.21248197555542,318.87827805354505,-5.752119745361151,0.3217422259999694
20,350,M-LNN-KAN,2018-08-29,2020-01-21,1.0085514783859253,0.939259946346283,10.552876472473145,2.9844659566879272,5549.984465956688,-17.015534043312073,317.4466524995491,-6.175251965611772,2.1428500389999954
20,350,P-LNN-100K,2018-08-29,2020-01-21,1.1235642433166504,0.8797411918640137,10.368609428405762,43.123920917510986,5590.123920917511,23.123920917510986,326.0977408993919,-3.6183304074623335,0.0006216599999788741
20,350,P-LNN-100K-AR1,2018-08-29,2020-01-21,1.072981357574463,0.7599542140960693,9.943955421447754,25.47049379348755,5572.470493793488,5.470493793487549,327.00213595285794,-3.3510267917308156,0.00039782999999715685
20,350,P-LNN-100K-BOTH,2018-08-29,2020-01-21,1.1095962524414062,0.7720714807510376,10.394355773925781,38.24909210205078,5585.249092102051,18.24909210205078,329.6372795948802,-2.5721819486669517,0.0004004099999974642
25,150,LM,2019-06-11,2020-01-13,0.9822343250825287,0.5845074900649713,4.54689163053018,-2.6470855627032197,5539.352914437297,-27.64708556270307,328.4654559229392,-2.91852694835395,0.35790233700004137
25,150,lppls-repo (NM),2019-06-11,2020-01-13,1.0132056584061526,0.33842663843664433,12.590054985820434,1.9676431025167405,5543.967643102516,-23.032356897483623,345.0310464783294,1.9776102377281557,0.029931681999983084
25,150,M-LNN,2019-06-11,2020-01-13,1.0074691772460938,0.36503440141677856,12.42619800567627,1.1129074096679688,5543.112907409668,-23.88709259033203,341.21553478363535,0.8498950120102267,0.3323029259998975
25,150,M-LNN-KAN,2019-06-11,2020-01-13,0.9746869206428528,0.42206627130508423,11.259382247924805,-3.7716488242149353,5538.228351175785,-28.771648824214935,332.860380872836,-1.6195599477342282,2.182363619000057
25,150,P-LNN-100K,2019-06-11,2020-01-13,1.0662118196487427,0.5163741111755371,10.18628978729248,9.865561127662659,5551.865561127663,-15.134438872337341,336.60692832811293,-0.5122278394180557,0.0005749620000869982
25,150,P-LNN-100K-AR1,2019-06-11,2020-01-13,1.0835567712783813,0.454849511384964,10.963143348693848,12.44995892047882,5554.449958920479,-12.55004107952118,342.7410635443058,1.3007813277489566,0.00040628499993999867
25,150,P-LNN-100K-BOTH,2019-06-11,2020-01-13,1.0694921016693115,0.4447718858718872,10.59659194946289,10.354323148727417,5552.354323148727,-14.645676851272583,342.19471668867874,1.1393026803448558,0.00032560499994360725
25,200,LM,2019-03-29,2020-01-13,1.2186471215709287,-0.3975839736222688,17.430307243796868,43.51077719261481,5585.510777192615,18.510777192615024,247.6203912931633,-26.813149112383016,0.31403561199999785
25,200,lppls-repo (NM),2019-03-29,2020-01-13,1.0891296186919217,-0.011262103619931175,14.0738052695319,17.73679411969242,5559.736794119693,-7.263205880307396,1.990434053645092,-99.41170596038155,0.008295679999946515
25,200,M-LNN,2019-03-29,2020-01-13,1.0176877975463867,0.25530806183815,12.66176700592041,3.519871711730957,5545.519871711731,-21.480128288269043,359.05373271357746,6.122164897315563,0.32873717500001476
25,200,M-LNN-KAN,2019-03-29,2020-01-13,1.0176974534988403,0.25528761744499207,12.662483215332031,3.521793246269226,5545.521793246269,-21.478206753730774,359.0615827216776,6.12448505103671,2.1410081619999346
25,200,P-LNN-100K,2019-03-29,2020-01-13,1.0607242584228516,0.5696338415145874,6.9457831382751465,12.084127426147461,5554.0841274261475,-12.915872573852539,331.60510635192577,-1.9905697369729247,0.0005970280000155981
25,200,P-LNN-100K-AR1,2019-03-29,2020-01-13,1.1003752946853638,0.5432490110397339,8.24754810333252,19.97468364238739,5561.974683642387,-5.02531635761261,335.7921520662749,-0.7530436642800287,0.00038851399995110114
25,200,P-LNN-100K-BOTH,2019-03-29,2020-01-13,1.0574334859848022,0.5748820304870605,7.202401161193848,11.429263710975647,5553.429263710976,-13.570736289024353,330.81128994922926,-2.225190651643527,0.00030858899992836086
25,252,LM,2019-01-14,2020-01-13,2.8048442718063646,5.40661805323092,-0.041856813974448646,453.01591222339755,5995.015912223397,428.0159122233972,475.32446987746084,40.487222875646054,0.971350517000019
25,252,lppls-repo (NM),2019-01-14,2020-01-13,1.0349381398461064,0.6863067250280172,14.076582483404295,8.769473101372704,5550.769473101373,-16.23052689862743,328.0474306133828,-3.0420787925214854,0.008918628999936118
25,252,M-LNN,2019-01-14,2020-01-13,1.0052826404571533,0.7336822748184204,12.97854995727539,1.3259427547454834,5543.3259427547455,-23.674057245254517,323.90734344688224,-4.265725764945838,0.3111488519999739
25,252,M-LNN-KAN,2019-01-14,2020-01-13,0.9910597205162048,0.6244706511497498,12.979696273803711,-2.2440101504325867,5539.755989849567,-27.244010150432587,326.27495233475463,-3.5659536753695487,2.0946561219999467
25,252,P-LNN-100K,2019-01-14,2020-01-13,0.9615437388420105,0.7997471690177917,9.611716270446777,-9.652521550655365,5532.347478449345,-34.652521550655365,319.73438705592685,-5.49908758765536,0.0005752289999918503
25,252,P-LNN-100K-AR1,2019-01-14,2020-01-13,1.0327917337417603,0.8089118003845215,8.947538375854492,8.230725169181824,5550.230725169182,-16.769274830818176,324.13024010110803,-4.199846278563557,0.00035980400002699753
25,252,P-LNN-100K-BOTH,2019-01-14,2020-01-13,1.0707638263702393,0.8598951101303101,9.241475105285645,17.761720418930054,5559.76172041893,-7.238279581069946,325.2451644918893,-3.8703184690284,0.00032034600008046255
25,300,LM,2018-11-01,2020-01-13,1.0000494230293249,0.9899645094842721,12.59519192395476,0.014777485768135756,5542.014777485768,-24.98522251423219,317.87899620269803,-6.047468167317471,0.6107608100001016
25,300,lppls-repo (NM),2018-11-01,2020-01-13,1.0000183385160275,0.9898005885451777,12.593454720753927,0.005483216292224036,5542.005483216292,-24.994516783707695,317.8798360360702,-6.047219945596083,0.0067458880000685895
25,300,M-LNN,2018-11-01,2020-01-13,0.9998175501823425,0.9008001089096069,12.505559921264648,-0.05455249547958374,5541.94544750452,-25.054552495479584,319.8018965160677,-5.479134445803712,0.3215966220000155
25,300,M-LNN-KAN,2018-11-01,2020-01-13,0.9661079049110413,0.9177934527397156,11.332054138183594,-10.133736431598663,5531.866263568401,-35.13373643159866,317.05999142080833,-6.28953377643543,2.131963271000018
25,300,P-LNN-100K,2018-11-01,2020-01-13,1.0166056156158447,0.866469144821167,7.236639022827148,4.965079069137573,5546.965079069138,-20.034920930862427,320.52023035404454,-5.266823209184679,0.0006150420000494705
25,300,P-LNN-100K-AR1,2018-11-01,2020-01-13,1.1109519004821777,0.8330037593841553,8.785759925842285,33.17461824417114,5575.174618244171,8.174618244171143,329.23805914022586,-2.6901758171585133,0.00038688300003286713
25,300,P-LNN-100K-BOTH,2018-11-01,2020-01-13,1.083207130432129,0.903712272644043,7.796412944793701,24.878931999206543,5566.8789319992065,-0.12106800079345703,324.10285622053,-4.20793987689011,0.00036449499998525425
25,350,LM,2018-08-22,2020-01-13,0.972091919377526,0.8744333481599028,10.465987334972809,-9.739920137243413,5532.260079862756,-34.739920137243644,315.05959717842944,-6.8807716561951064,2.3996210020000035
25,350,lppls-repo (NM),2018-08-22,2020-01-13,1.1401298709133834,1.2214896945001694,9.401322844912489,48.90532494877079,5590.905324948771,23.905324948770613,315.5017096173383,-6.750100603730469,0.07016296100005093
25,350,M-LNN,2018-08-22,2020-01-13,0.9589853286743164,0.9164116978645325,10.168335914611816,-14.314120292663574,5527.685879707336,-39.314120292663574,313.578172595643,-7.318622511189021,0.31339008199995533
25,350,M-LNN-KAN,2018-08-22,2020-01-13,0.9719959497451782,0.8740580081939697,10.483414649963379,-9.7734135389328,5532.226586461067,-34.7734135389328,315.0681583664946,-6.8782413056408975,2.1370295169999736
25,350,P-LNN-100K,2018-08-22,2020-01-13,1.1506232023239136,0.9526983499526978,10.761192321777344,52.56749761104584,5594.567497611046,27.567497611045837,323.0944093420267,-4.505997120639959,0.0005775719999974172
25,350,P-LNN-100K-AR1,2018-08-22,2020-01-13,1.0713306665420532,0.7854838371276855,10.003836631774902,24.894402623176575,5566.894402623177,-0.10559737682342529,323.79468104678085,-4.299024340373325,0.0004014270000425313
25,350,P-LNN-100K-BOTH,2018-08-22,2020-01-13,1.0865851640701294,0.744045078754425,10.722057342529297,30.21822226047516,5572.218222260475,5.218222260475159,327.0146718494932,-3.347321673614345,0.0003225589999829026
30,150,LM,2019-06-04,2020-01-06,0.9746780361192877,0.4515498095383706,11.27421112378062,-3.77297261822613,5533.227027381774,-33.77297261822605,328.146170850888,-3.0128950609185967,0.22356630300009783
30,150,lppls-repo (NM),2019-06-04,2020-01-06,1.0115263622341744,0.3859646967541003,12.26170607800115,1.7174279728919795,5538.7174279728915,-28.282572027108472,336.27209724501233,-0.6111907415580875,0.028759716999957163
30,150,M-LNN,2019-06-04,2020-01-06,0.9812436699867249,0.4718715250492096,11.456596374511719,-2.794693171977997,5534.205306828022,-32.794693171978,327.6274679208659,-3.1662032509115257,0.31909306500006096
30,150,M-LNN-KAN,2019-06-04,2020-01-06,0.9802971482276917,0.47138795256614685,11.417816162109375,-2.935724914073944,5534.064275085926,-32.935724914073944,327.6340944044139,-3.164244722937315,2.120939552999971
30,150,P-LNN-100K,2019-06-04,2020-01-06,0.9740473031997681,0.5662927627563477,11.51734733581543,-3.866951823234558,5533.133048176765,-33.86695182323456,323.68780079409424,-4.3306139403871065,0.0006507699999929173
30,150,P-LNN-100K-AR1,2019-06-04,2020-01-06,1.0589759349822998,0.5634765625,11.923569679260254,8.787414312362671,5545.787414312363,-21.21258568763733,330.54475175661827,-2.303968860726402,0.00038485400000354275
30,150,P-LNN-100K-BOTH,2019-06-04,2020-01-06,1.1119482517242432,0.5933011174201965,11.351337432861328,16.68028950691223,5553.680289506912,-13.319710493087769,333.0564321888418,-1.5616148877336866,0.0003507600000602906
30,200,LM,2019-03-22,2020-01-06,1.4288749392807485,-0.6461513547024883,23.90293561588743,85.34611291686895,5622.346112916869,55.34611291686906,255.7153098106726,-24.420609502077017,0.32487824399993315
30,200,lppls-repo (NM),2019-03-22,2020-01-06,1.0696872761295197,-0.04328651824616633,6.990948125497585,13.86776794977443,5550.867767949774,-16.132232050225866,97.1983929713565,-71.27197701384509,0.010211141000013413
30,200,M-LNN,2019-03-22,2020-01-06,1.0245510339736938,0.23799920082092285,12.727692604064941,4.885655760765076,5541.885655760765,-25.114344239234924,361.2443254116693,6.769617961715824,0.33092636100002437
30,200,M-LNN-KAN,2019-03-22,2020-01-06,0.9865369200706482,0.36764782667160034,11.151434898376465,-2.6791529059410095,5534.320847094059,-32.67915290594101,332.36326582785847,-1.7664876077736924,2.193310588000031
30,200,P-LNN-100K,2019-03-22,2020-01-06,1.0705227851867676,0.4716438353061676,7.3855366706848145,14.034034252166748,5551.034034252167,-15.965965747833252,334.55271889037266,-1.1193713748381295,0.0005992989999867859
30,200,P-LNN-100K-AR1,2019-03-22,2020-01-06,1.1410410404205322,0.49332764744758606,8.246291160583496,28.067167043685913,5565.067167043686,-1.932832956314087,339.03855877558186,0.206466505758085,0.0003771409999444586
30,200,P-LNN-100K-BOTH,2019-03-22,2020-01-06,1.1242202520370483,0.5564258694648743,7.789872646331787,24.71983015537262,5561.719830155373,-5.28016984462738,333.3499788400658,-1.474854040295026,0.0003085100000816965
30,252,LM,2019-01-07,2020-01-06,2.466126524018141,5.129199434741033,0.043373111884868296,367.9977575285534,5904.997757528554,337.99775752855385,420.46812060742883,24.273843059475332,0.41995163599995067
30,252,lppls-repo (NM),2019-01-07,2020-01-06,1.0320654509005425,0.8716891416524595,13.790219655398584,8.04842817603616,5545.048428176036,-21.951571823963604,320.2893812328598,-5.335053132097944,0.007046092999985376
30,252,M-LNN,2019-01-07,2020-01-06,1.009885311126709,0.6037883758544922,12.99300765991211,2.481213092803955,5539.481213092804,-27.518786907196045,327.69458830445114,-3.1463651047906938,0.3222105190000093
30,252,M-LNN-KAN,2019-01-07,2020-01-06,0.9699580669403076,0.9410399198532104,11.341363906860352,-7.540525197982788,5529.459474802017,-37.54052519798279,315.74028499909946,-6.679587101998141,2.174870370000008
30,252,P-LNN-100K,2019-01-07,2020-01-06,0.9640341997146606,0.8671149015426636,9.678190231323242,-9.027415871620178,5527.97258412838,-39.02741587162018,317.1153657580061,-6.273167299755833,0.0006023820000109481
30,252,P-LNN-100K-AR1,2019-01-07,2020-01-06,1.0234220027923584,0.8322367668151855,9.2896089553833,5.878922700881958,5542.878922700882,-24.121077299118042,321.4056059741098,-5.005140990095813,0.0003497789999755696
30,252,P-LNN-100K-BOTH,2019-01-07,2020-01-06,1.082946538925171,0.913939356803894,9.61854076385498,20.819581270217896,5557.819581270218,-9.180418729782104,323.04894333312546,-4.519435085084389,0.00032025999996676546
30,300,LM,2018-10-25,2020-01-06,1.0000035834076328,1.0271051499519723,12.491248231113541,0.001071438882220832,5537.001071438882,-29.99892856111819,315.78724762004083,-6.66570679788353,0.2093522939999275
30,300,lppls-repo (NM),2018-10-25,2020-01-06,1.1182149913090023,0.7278377365951385,7.462081998251615,35.346282401391676,5572.346282401391,5.346282401391363,332.1226454975508,-1.8376055158861315,0.008685357999979715
30,300,M-LNN,2018-10-25,2020-01-06,0.9901750087738037,0.9954482316970825,12.076427459716797,-2.9376723766326904,5534.062327623367,-32.93767237663269,315.69481228629536,-6.69302704785264,0.3116468989999248
30,300,M-LNN-KAN,2018-10-25,2020-01-06,0.983083963394165,0.9999951124191284,11.844573974609375,-5.057894945144653,5531.942105054855,-35.05789494514465,315.17171720695484,-6.8476333844786685,2.101896196000098
30,300,P-LNN-100K,2018-10-25,2020-01-06,1.0206764936447144,0.924927830696106,7.749917507171631,6.182271599769592,5543.18227159977,-23.817728400230408,317.78829650897285,-6.0742754303443665,0.0006039959999952771
30,300,P-LNN-100K-AR1,2018-10-25,2020-01-06,1.12521493434906,0.8768965005874634,9.070627212524414,37.43926537036896,5574.439265370369,7.4392653703689575,326.7492333804217,-3.4257748476616112,0.0004014920000372513
30,300,P-LNN-100K-BOTH,2018-10-25,2020-01-06,1.0832903385162354,0.9356534481048584,8.029479026794434,24.90381121635437,5561.903811216354,-5.09618878364563,321.6215058146044,-4.941329486728019,0.0003666159999511365
30,350,LM,2018-08-15,2020-01-06,0.9712714852852471,0.8884218348195336,10.667703928662368,-10.026251635448764,5526.973748364551,-40.026251635448716,312.87502290345566,-7.526445911374447,0.6086829810000154
30,350,lppls-repo (NM),2018-08-15,2020-01-06,1.092655141649586,1.1655493157182928,11.556452703575289,32.33664443570551,5569.336644435705,2.3366444357052387,313.48618794496366,-7.345809556965277,0.03687614900002245
30,350,M-LNN,2018-08-15,2020-01-06,0.9535814523696899,0.897298276424408,10.26347827911377,-16.20007312297821,5520.799926877022,-46.20007312297821,311.8749354378205,-7.822032441384252,0.32005405400002473
30,350,M-LNN-KAN,2018-08-15,2020-01-06,0.9498289227485657,0.7998809814453125,9.790828704833984,-17.50970596075058,5519.490294039249,-47.50970596075058,313.5264623737663,-7.333906019457837,2.147525431999952
30,350,P-LNN-100K,2018-08-15,2020-01-06,1.1481454372406006,0.9282456040382385,11.338851928710938,51.702757596969604,5588.70275759697,21.702757596969604,321.6730552559326,-4.9260934988672345,0.000581581999995251
30,350,P-LNN-100K-AR1,2018-08-15,2020-01-06,1.024742841720581,0.7802489995956421,10.532613754272461,8.635251760482788,5545.635251760483,-21.364748239517212,318.71702212064497,-5.799780658318554,0.0003659170000673839
30,350,P-LNN-100K-BOTH,2018-08-15,2020-01-06,1.0476778745651245,0.7134890556335449,11.076175689697266,16.639578223228455,5553.639578223228,-13.360421776771545,323.0612184250907,-4.515807050573173,0.0003377790000058667
