t2_idx,date,price,pos_conf,neg_conf,med_tc_idx,med_price_c,med_tc_idx_neg,med_price_c_neg,n_pos_qual
40,1998-03-03,105.41,0.0,0.0,,,,,0
45,1998-03-10,106.66,0.0,0.0,,,,,0
50,1998-03-17,108.47,0.0,0.0,,,,,0
55,1998-03-24,110.59,0.0,0.0,,,,,0
60,1998-03-31,110.09,0.0,0.0,,,,,0
65,1998-04-07,111.0,0.0,0.0,,,,,0
70,1998-04-15,112.02,0.0,0.0,,,,,0
75,1998-04-22,113.0,0.0,0.0,,,,,0
80,1998-04-29,109.53,0.0,0.0,,,,,0
85,1998-05-06,110.5,0.0,0.0,,,,,0
90,1998-05-13,112.06,0.0,0.0,,,,,0
95,1998-05-20,112.28,0.0,0.0,,,,,0
100,1998-05-28,110.0,0.0,0.0,,,,,0
105,1998-06-04,109.91,0.0,0.0,,,,,0
110,1998-06-11,109.66,0.0,0.0,,,,,0
115,1998-06-18,111.16,0.0,0.0,,,,,0
120,1998-06-25,113.0,0.0,0.0,,,,,0
125,1998-07-02,114.63,0.0,0.0,,,,,0
130,1998-07-10,116.53,0.0,0.0,,,,,0
135,1998-07-17,118.75,0.0,0.0,,,,,0
140,1998-07-24,114.16,0.0,0.0,,,,,0
145,1998-07-31,112.06,0.0,0.0,,,,,0
150,1998-08-07,109.03,0.0,0.0,,,,,0
155,1998-08-14,106.48,0.0,0.0,,,,,0
160,1998-08-21,108.38,0.0,0.0,,,,,0
165,1998-08-28,103.0,0.0,0.0,,,,,0
170,1998-09-04,97.63,0.0,0.0,,,,,0
175,1998-09-14,103.16,0.0,0.0,,,,,0
180,1998-09-21,102.19,0.0,0.0,,,,,0
185,1998-09-28,104.91,0.0,0.0,,,,,0
190,1998-10-05,99.0,0.0,0.0,,,,,0
195,1998-10-12,99.78,0.0,0.0,,,,,0
200,1998-10-19,106.34,0.0,0.0,,,,,0
205,1998-10-26,107.55,0.0,0.0,,,,,0
210,1998-11-02,111.48,0.0,0.0,,,,,0
215,1998-11-09,113.14,0.0,0.0,,,,,0
220,1998-11-16,113.84,0.0,0.0,,,,,0
225,1998-11-23,119.16,0.0,0.0,,,,,0
230,1998-12-01,117.81,0.14285714285714285,0.0,238.0017035674178,122.8488368137714,,,1
235,1998-12-08,118.47,0.0,0.0,,,,,0
240,1998-12-15,116.63,0.0,0.0,,,,,0
245,1998-12-22,120.53,0.0,0.0,,,,,0
250,1998-12-30,123.38,0.0,0.0,,,,,0
255,1999-01-07,126.94,0.0,0.0,,,,,0
260,1999-01-14,121.16,0.0,0.0,,,,,0
265,1999-01-22,122.56,0.0,0.0,,,,,0
270,1999-01-29,127.88,0.0,0.0,,,,,0
275,1999-02-05,124.0,0.0,0.0,,,,,0
280,1999-02-12,123.5,0.0,0.0,,,,,0
285,1999-02-22,127.69,0.0,0.0,,,,,0
290,1999-03-01,123.78,0.0,0.0,,,,,0
295,1999-03-08,128.52,0.0,0.0,,,,,0
300,1999-03-15,131.16,0.0,0.0,,,,,0
305,1999-03-22,129.91,0.0,0.0,,,,,0
310,1999-03-29,131.22,0.0,0.0,,,,,0
315,1999-04-06,131.94,0.0,0.0,,,,,0
320,1999-04-13,135.19,0.0,0.0,,,,,0
325,1999-04-20,130.63,0.0,0.0,,,,,0
330,1999-04-27,136.56,0.0,0.0,,,,,0
335,1999-05-04,133.31,0.1111111111111111,0.0,343.2313059219047,137.6447954010439,,,1
340,1999-05-11,135.72,0.14285714285714285,0.0,349.8351406237366,138.15955756735568,,,1
345,1999-05-18,133.63,0.16666666666666666,0.0,358.92011967516066,139.64231197386684,,,1
350,1999-05-25,128.84,0.0,0.0,,,,,0
355,1999-06-02,129.78,0.0,0.0,,,,,0
360,1999-06-09,132.16,0.0,0.0,,,,,0
365,1999-06-16,133.48,0.0,0.0,,,,,0
370,1999-06-23,133.28,0.0,0.0,,,,,0
375,1999-06-30,136.75,0.0,0.0,,,,,0
380,1999-07-08,139.56,0.0,0.0,,,,,0
385,1999-07-15,141.13,0.0,0.0,,,,,0
390,1999-07-22,136.14,0.0,0.0,,,,,0
395,1999-07-29,134.38,0.0,0.0,,,,,0
400,1999-08-05,131.56,0.0,0.0,,,,,0
405,1999-08-12,130.02,0.0,0.0,,,,,0
410,1999-08-19,132.88,0.0,0.0,,,,,0
415,1999-08-26,136.5,0.0,0.0,,,,,0
420,1999-09-02,132.25,0.0,0.0,,,,,0
425,1999-09-10,135.45,0.0,0.0,,,,,0
430,1999-09-17,133.72,0.0,0.0,,,,,0
435,1999-09-24,128.06,0.0,0.0,,,,,0
440,1999-10-01,128.34,0.0,0.0,,,,,0
445,1999-10-08,133.72,0.0,0.0,,,,,0
450,1999-10-15,124.81,0.0,0.0,,,,,0
455,1999-10-22,130.34,0.0,0.0,,,,,0
460,1999-10-29,136.56,0.0,0.0,,,,,0
465,1999-11-05,137.22,0.0,0.0,,,,,0
470,1999-11-12,139.75,0.0,0.0,,,,,0
475,1999-11-19,142.5,0.0,0.0,,,,,0
480,1999-11-29,141.0,0.0,0.0,,,,,0
485,1999-12-06,142.75,0.0,0.0,,,,,0
490,1999-12-13,142.13,0.0,0.0,,,,,0
495,1999-12-20,141.69,0.0,0.0,,,,,0
500,1999-12-28,146.14,0.0,0.0,,,,,0
505,2000-01-04,140.06,0.0,0.0,,,,,0
510,2000-01-11,144.09,0.0,0.0,,,,,0
515,2000-01-19,145.69,0.0,0.0,,,,,0
520,2000-01-26,140.67,0.0,0.0,,,,,0
525,2000-02-02,141.3,0.0,0.0,,,,,0
530,2000-02-09,141.41,0.0,0.0,,,,,0
535,2000-02-16,139.09,0.0,0.0,,,,,0
540,2000-02-24,135.69,0.0,0.0,,,,,0
545,2000-03-02,138.72,0.0,0.0,,,,,0
550,2000-03-09,140.59,0.0,0.0,,,,,0
555,2000-03-16,146.31,0.0,0.0,,,,,0
560,2000-03-23,152.63,0.0,0.0,,,,,0
565,2000-03-30,148.88,0.0,0.0,,,,,0
570,2000-04-06,150.31,0.0,0.0,,,,,0
575,2000-04-13,144.0,0.0,0.0,,,,,0
580,2000-04-20,143.38,0.0,0.0,,,,,0
585,2000-04-28,145.22,0.0,0.0,,,,,0
590,2000-05-05,143.34,0.0,0.0,,,,,0
595,2000-05-12,142.41,0.0,0.0,,,,,0
600,2000-05-19,140.88,0.0,0.0,,,,,0
605,2000-05-26,138.31,0.0,0.0,,,,,0
610,2000-06-05,147.25,0.0,0.0,,,,,0
615,2000-06-12,145.28,0.0,0.0,,,,,0
620,2000-06-19,148.66,0.0,0.0,,,,,0
625,2000-06-26,145.75,0.0,0.0,,,,,0
630,2000-07-03,147.28,0.0,0.0,,,,,0
635,2000-07-11,148.38,0.0,0.0,,,,,0
640,2000-07-18,149.69,0.0,0.0,,,,,0
645,2000-07-25,147.44,0.0,0.0,,,,,0
650,2000-08-01,144.0,0.0,0.0,,,,,0
655,2000-08-08,148.56,0.0,0.0,,,,,0
660,2000-08-15,149.02,0.0,0.0,,,,,0
665,2000-08-22,150.23,0.0,0.0,,,,,0
670,2000-08-29,151.5,0.0,0.0,,,,,0
675,2000-09-06,149.69,0.0,0.0,,,,,0
680,2000-09-13,148.88,0.0,0.0,,,,,0
685,2000-09-20,145.22,0.0,0.0,,,,,0
690,2000-09-27,142.81,0.0,0.0,,,,,0
695,2000-10-04,143.58,0.0,0.0,,,,,0
700,2000-10-11,136.56,0.0,0.0,,,,,0
705,2000-10-18,134.41,0.0,0.0,,,,,0
710,2000-10-25,136.92,0.0,0.0,,,,,0
715,2000-11-01,142.41,0.0,0.0,,,,,0
720,2000-11-08,141.25,0.0,0.0,,,,,0
725,2000-11-15,139.13,0.0,0.0,,,,,0
730,2000-11-22,132.5,0.0,0.0,,,,,0
735,2000-11-30,131.63,0.0,0.0,,,,,0
740,2000-12-07,134.98,0.0,0.0,,,,,0
745,2000-12-14,134.19,0.0,0.0,,,,,0
750,2000-12-21,127.69,0.0,0.0,,,,,0
755,2000-12-29,132.25,0.0,0.0,,,,,0
760,2001-01-08,129.75,0.0,0.0,,,,,0
765,2001-01-16,132.58,0.0,0.0,,,,,0
770,2001-01-23,136.13,0.0,0.0,,,,,0
775,2001-01-30,137.75,0.0,0.0,,,,,0
780,2001-02-06,135.42,0.0,0.0,,,,,0
785,2001-02-13,132.12,0.0,0.0,,,,,0
790,2001-02-21,125.6,0.0,0.0,,,,,0
795,2001-02-28,124.15,0.0,0.0,,,,,0
800,2001-03-07,126.64,0.0,0.0,,,,,0
805,2001-03-14,117.2,0.0,0.125,,,805.0000000001012,118.17947252490004,0
810,2001-03-21,112.34,0.0,0.6666666666666666,,,810.9401368306462,94.74862525724042,0
815,2001-03-28,115.45,0.0,0.0,,,,,0
820,2001-04-04,110.31,0.0,0.0,,,,,0
825,2001-04-11,116.96,0.0,0.5,,,839.6404164662803,13.483077265303335,0
830,2001-04-19,125.72,0.0,0.0,,,,,0
835,2001-04-26,123.74,0.0,0.0,,,,,0
840,2001-05-03,125.16,0.0,0.0,,,,,0
845,2001-05-10,125.99,0.0,0.0,,,,,0
850,2001-05-17,129.31,0.0,0.0,,,,,0
855,2001-05-24,129.7,0.0,0.0,,,,,0
860,2001-06-01,126.64,0.0,0.0,,,,,0
865,2001-06-08,127.0,0.0,0.0,,,,,0
870,2001-06-15,121.62,0.0,0.0,,,,,0
875,2001-06-22,122.75,0.0,0.0,,,,,0
880,2001-06-29,123.2,0.0,0.0,,,,,0
885,2001-07-09,120.1,0.0,0.0,,,,,0
890,2001-07-16,120.6,0.0,0.0,,,,,0
895,2001-07-23,119.36,0.0,0.0,,,,,0
900,2001-07-30,120.82,0.0,0.0,,,,,0
905,2001-08-06,120.45,0.0,0.0,,,,,0
910,2001-08-13,119.49,0.0,0.0,,,,,0
915,2001-08-20,117.56,0.0,0.0,,,,,0
920,2001-08-27,118.49,0.0,0.0,,,,,0
925,2001-09-04,113.65,0.0,0.0,,,,,0
930,2001-09-17,104.3,0.0,0.0,,,,,0
935,2001-09-24,100.48,0.0,0.0,,,,,0
940,2001-10-01,104.0,0.0,0.0,,,,,0
945,2001-10-08,106.53,0.0,0.0,,,,,0
950,2001-10-15,109.3,0.0,0.0,,,,,0
955,2001-10-22,109.26,0.0,0.0,,,,,0
960,2001-10-29,108.23,0.0,0.0,,,,,0
965,2001-11-05,110.58,0.0,0.0,,,,,0
970,2001-11-12,112.16,0.0,0.0,,,,,0
975,2001-11-19,115.53,0.0,0.0,,,,,0
980,2001-11-27,115.4,0.0,0.0,,,,,0
985,2001-12-04,115.0,0.0,0.0,,,,,0
990,2001-12-11,114.19,0.0,0.0,,,,,0
995,2001-12-18,114.93,0.0,0.0,,,,,0
1000,2001-12-26,115.25,0.0,0.0,,,,,0
1005,2002-01-03,116.76,0.0,0.0,,,,,0
1010,2002-01-10,115.96,0.0,0.0,,,,,0
1015,2002-01-17,114.13,0.0,0.0,,,,,0
1020,2002-01-25,113.59,0.0,0.0,,,,,0
1025,2002-02-01,112.6,0.0,0.0,,,,,0
1030,2002-02-08,109.97,0.0,0.0,,,,,0
1035,2002-02-15,110.83,0.0,0.0,,,,,0
1040,2002-02-25,111.5,0.0,0.0,,,,,0
1045,2002-03-04,115.93,0.0,0.0,,,,,0
1050,2002-03-11,117.34,0.0,0.0,,,,,0
1055,2002-03-18,116.76,0.0,0.0,,,,,0
1060,2002-03-25,113.43,0.0,0.0,,,,,0
1065,2002-04-02,113.93,0.0,0.0,,,,,0
1070,2002-04-09,112.05,0.0,0.0,,,,,0
1075,2002-04-16,113.12,0.0,0.0,,,,,0
1080,2002-04-23,110.38,0.0,0.0,,,,,0
1085,2002-04-30,107.98,0.0,0.0,,,,,0
1090,2002-05-07,105.23,0.0,0.2,,,1094.1297944831672,54.92333947796338,0
1095,2002-05-14,110.09,0.0,0.0,,,,,0
1100,2002-05-21,108.48,0.0,0.0,,,,,0
1105,2002-05-29,107.25,0.0,0.0,,,,,0
1110,2002-06-05,105.5,0.0,0.0,,,,,0
1115,2002-06-12,102.64,0.0,0.0,,,,,0
1120,2002-06-19,102.54,0.0,0.0,,,,,0
1125,2002-06-26,97.62,0.0,0.14285714285714285,,,1129.8599609210864,69.90137109470241,0
1130,2002-07-03,95.69,0.0,0.1111111111111111,,,1132.7478506990055,86.71718321459716,0
1135,2002-07-11,93.15,0.0,0.2857142857142857,,,1147.5842706979201,35.9700151619986,0
1140,2002-07-18,88.33,0.0,0.25,,,1142.7350117942844,60.21664240110405,0
1145,2002-07-25,84.2,0.0,1.0,,,1146.9171649891646,48.17219966190866,0
1150,2002-08-01,88.64,0.0,0.0,,,,,0
1155,2002-08-08,90.98,0.0,0.0,,,,,0
1160,2002-08-15,93.4,0.0,0.5,,,1180.0790159236908,25.49788134668548,0
1165,2002-08-22,96.76,0.0,0.0,,,,,0
1170,2002-08-29,92.3,0.0,0.0,,,,,0
1175,2002-09-06,89.86,0.0,0.0,,,,,0
1180,2002-09-13,89.54,0.0,0.0,,,,,0
1185,2002-09-20,84.66,0.0,0.0,,,,,0
1190,2002-09-27,82.85,0.0,0.0,,,,,0
1195,2002-10-04,80.39,0.0,0.0,,,,,0
1200,2002-10-11,83.9,0.0,0.0,,,,,0
1205,2002-10-18,88.65,0.0,0.25,,,1215.072825124783,76.63905913571293,0
1210,2002-10-25,90.04,0.0,0.2222222222222222,,,1227.0615202219599,69.05276247239566,0
1215,2002-11-01,90.53,0.0,0.0,,,,,0
1220,2002-11-08,89.87,0.0,0.0,,,,,0
1225,2002-11-15,91.38,0.0,0.0,,,,,0
1230,2002-11-22,93.62,0.0,0.0,,,,,0
1235,2002-12-02,93.89,0.0,0.0,,,,,0
1240,2002-12-09,89.69,0.0,0.0,,,,,0
1245,2002-12-16,91.68,0.0,0.0,,,,,0
1250,2002-12-23,89.93,0.0,0.0,,,,,0
1255,2002-12-31,88.18,0.0,0.0,,,,,0
1260,2003-01-08,91.2,0.0,0.0,,,,,0
1265,2003-01-15,92.12,0.0,0.0,,,,,0
1270,2003-01-23,89.06,0.0,0.0,,,,,0
1275,2003-01-30,84.8,0.0,0.0,,,,,0
1280,2003-02-06,84.17,0.0,0.0,,,,,0
1285,2003-02-13,82.1,0.0,0.0,,,,,0
1290,2003-02-21,85.34,0.0,0.0,,,,,0
1295,2003-02-28,84.62,0.0,0.0,,,,,0
1300,2003-03-07,83.37,0.0,0.0,,,,,0
1305,2003-03-14,83.9,0.0,0.0,,,,,0
1310,2003-03-21,89.74,0.0,0.0,,,,,0
1315,2003-03-28,86.59,0.0,0.0,,,,,0
1320,2003-04-04,88.12,0.0,0.0,,,,,0
1325,2003-04-11,87.17,0.0,0.0,,,,,0
1330,2003-04-21,89.5,0.0,0.0,,,,,0
1335,2003-04-28,91.87,0.0,0.0,,,,,0
1340,2003-05-05,92.95,0.0,0.0,,,,,0
1345,2003-05-12,94.9,0.0,0.0,,,,,0
1350,2003-05-19,92.51,0.0,0.0,,,,,0
1355,2003-05-27,95.62,0.0,0.0,,,,,0
1360,2003-06-03,97.71,0.0,0.0,,,,,0
1365,2003-06-10,99.04,0.0,0.0,,,,,0
1370,2003-06-17,101.68,0.25,0.0,1371.346841307091,106.2493333321792,,,1
1375,2003-06-24,98.65,0.0,0.0,,,,,0
1380,2003-07-01,98.56,0.0,0.0,,,,,0
1385,2003-07-09,100.55,0.0,0.0,,,,,0
1390,2003-07-16,99.76,0.0,0.0,,,,,0
1395,2003-07-23,99.23,0.0,0.0,,,,,0
1400,2003-07-30,99.11,0.0,0.0,,,,,0
1405,2003-08-06,97.1,0.0,0.0,,,,,0
1410,2003-08-13,98.89,0.0,0.0,,,,,0
1415,2003-08-20,100.5,0.0,0.0,,,,,0
1420,2003-08-27,100.24,0.0,0.0,,,,,0
1425,2003-09-04,103.43,0.0,0.0,,,,,0
1430,2003-09-11,102.25,0.0,0.0,,,,,0
1435,2003-09-18,104.59,0.1111111111111111,0.0,1437.2740572297012,103.77586061645634,,,1
1440,2003-09-25,100.59,0.0,0.0,,,,,0
1445,2003-10-02,102.32,0.0,0.0,,,,,0
1450,2003-10-09,104.17,0.0,0.0,,,,,0
1455,2003-10-16,105.33,0.0,0.0,,,,,0
1460,2003-10-23,103.74,0.0,0.0,,,,,0
1465,2003-10-30,105.09,0.0,0.0,,,,,0
1470,2003-11-06,106.26,0.0,0.0,,,,,0
1475,2003-11-13,106.35,0.0,0.0,,,,,0
1480,2003-11-20,103.9,0.0,0.0,,,,,0
1485,2003-11-28,106.54,0.0,0.0,,,,,0
1490,2003-12-05,106.81,0.0,0.0,,,,,0
1495,2003-12-12,108.13,0.2857142857142857,0.0,1495.5701337434941,108.86409351668831,,,2
1500,2003-12-19,109.04,0.1111111111111111,0.0,1505.011200019796,115.10506160705827,,,1
1505,2003-12-29,111.15,0.16666666666666666,0.0,1509.230045234257,121.56350643928235,,,1
1510,2004-01-06,112.63,0.25,0.0,1513.3673452500502,119.0609429918045,,,2
1515,2004-01-13,112.47,0.0,0.0,,,,,0
1520,2004-01-21,115.06,0.14285714285714285,0.0,1522.1595411706826,122.69980714620546,,,1
1525,2004-01-28,113.23,0.0,0.0,,,,,0
1530,2004-02-04,113.03,0.0,0.0,,,,,0
1535,2004-02-11,116.19,0.0,0.0,,,,,0
1540,2004-02-19,115.22,0.0,0.0,,,,,0
1545,2004-02-26,115.04,0.25,0.0,1579.5838655290477,120.5512811375925,,,1
1550,2004-03-04,116.05,0.0,0.0,,,,,0
1555,2004-03-11,111.35,0.25,0.0,1602.6921116505464,126.43627707723437,,,1
1560,2004-03-18,112.91,0.0,0.0,,,,,0
1565,2004-03-25,111.11,0.0,0.0,,,,,0
1570,2004-04-01,113.49,0.0,0.0,,,,,0
1575,2004-04-08,114.23,0.0,0.0,,,,,0
1580,2004-04-16,113.72,0.0,0.0,,,,,0
1585,2004-04-23,114.44,0.0,0.0,,,,,0
1590,2004-04-30,111.13,0.0,0.0,,,,,0
1595,2004-05-07,110.3,0.0,0.0,,,,,0
1600,2004-05-14,110.02,0.0,0.0,,,,,0
1605,2004-05-21,109.93,0.0,0.0,,,,,0
1610,2004-05-28,112.71,0.0,0.0,,,,,0
1615,2004-06-07,114.65,0.0,0.0,,,,,0
1620,2004-06-15,113.95,0.0,0.0,,,,,0
1625,2004-06-22,113.79,0.0,0.0,,,,,0
1630,2004-06-29,113.99,0.0,0.0,,,,,0
1635,2004-07-07,112.14,0.0,0.0,,,,,0
1640,2004-07-14,111.49,0.0,0.0,,,,,0
1645,2004-07-21,109.79,0.0,0.0,,,,,0
1650,2004-07-28,110.03,0.0,0.0,,,,,0
1655,2004-08-04,110.28,0.0,0.0,,,,,0
1660,2004-08-11,108.09,0.0,0.0,,,,,0
1665,2004-08-18,110.08,0.0,0.0,,,,,0
1670,2004-08-25,111.12,0.0,0.0,,,,,0
1675,2004-09-01,111.31,0.0,0.0,,,,,0
1680,2004-09-09,112.5,0.0,0.0,,,,,0
1685,2004-09-16,113.1,0.0,0.0,,,,,0
1690,2004-09-23,111.14,0.0,0.0,,,,,0
1695,2004-09-30,111.74,0.0,0.0,,,,,0
1700,2004-10-07,113.38,0.0,0.0,,,,,0
1705,2004-10-14,110.7,0.0,0.0,,,,,0
1710,2004-10-21,111.04,0.0,0.0,,,,,0
1715,2004-10-28,113.17,0.0,0.0,,,,,0
1720,2004-11-04,116.55,0.0,0.0,,,,,0
1725,2004-11-11,117.99,0.0,0.0,,,,,0
1730,2004-11-18,118.66,0.0,0.0,,,,,0
1735,2004-11-26,118.4,0.0,0.0,,,,,0
1740,2004-12-03,119.43,0.0,0.0,,,,,0
1745,2004-12-10,119.17,0.0,0.0,,,,,0
1750,2004-12-17,119.42,0.14285714285714285,0.0,1756.9846344116731,127.96134957174074,,,1
1755,2004-12-27,120.42,0.0,0.0,,,,,0
1760,2005-01-03,120.06,0.0,0.0,,,,,0
1765,2005-01-10,118.94,0.0,0.0,,,,,0
1770,2005-01-18,119.57,0.0,0.0,,,,,0
1775,2005-01-25,116.87,0.0,0.0,,,,,0
1780,2005-02-01,118.91,0.0,0.0,,,,,0
1785,2005-02-08,120.34,0.0,0.0,,,,,0
1790,2005-02-15,121.2,0.0,0.0,,,,,0
1795,2005-02-23,119.33,0.0,0.0,,,,,0
1800,2005-03-02,121.29,0.125,0.0,1801.443388687566,121.99903235473371,,,1
1805,2005-03-09,121.01,0.0,0.0,,,,,0
1810,2005-03-16,119.18,0.16666666666666666,0.0,1821.4423789903947,122.73244568563503,,,1
1815,2005-03-23,117.06,0.0,0.0,,,,,0
1820,2005-03-31,117.95,0.0,0.0,,,,,0
1825,2005-04-07,119.15,0.0,0.0,,,,,0
1830,2005-04-14,116.27,0.0,0.0,,,,,0
1835,2005-04-21,115.99,0.0,0.0,,,,,0
1840,2005-04-28,114.4,0.0,0.0,,,,,0
1845,2005-05-05,117.36,0.0,0.0,,,,,0
1850,2005-05-12,116.09,0.0,0.0,,,,,0
1855,2005-05-19,119.38,0.0,0.0,,,,,0
1860,2005-05-26,120.05,0.0,0.0,,,,,0
1865,2005-06-03,119.94,0.0,0.0,,,,,0
1870,2005-06-10,120.21,0.0,0.0,,,,,0
1875,2005-06-17,121.6,0.0,0.0,,,,,0
1880,2005-06-24,119.09,0.0,0.0,,,,,0
1885,2005-07-01,119.5,0.0,0.0,,,,,0
1890,2005-07-11,122.02,0.0,0.0,,,,,0
1895,2005-07-18,122.2,0.0,0.0,,,,,0
1900,2005-07-25,122.93,0.0,0.0,,,,,0
1905,2005-08-01,123.55,0.0,0.0,,,,,0
1910,2005-08-08,122.42,0.0,0.0,,,,,0
1915,2005-08-15,123.65,0.0,0.0,,,,,0
1920,2005-08-22,122.47,0.0,0.0,,,,,0
1925,2005-08-29,121.6,0.0,0.0,,,,,0
1930,2005-09-06,123.75,0.0,0.0,,,,,0
1935,2005-09-13,123.55,0.0,0.0,,,,,0
1940,2005-09-20,122.1,0.0,0.0,,,,,0
1945,2005-09-27,121.5,0.0,0.0,,,,,0
1950,2005-10-04,121.38,0.0,0.0,,,,,0
1955,2005-10-11,118.54,0.0,0.0,,,,,0
1960,2005-10-18,117.9,0.0,0.0,,,,,0
1965,2005-10-25,119.74,0.0,0.0,,,,,0
1970,2005-11-01,120.3,0.0,0.0,,,,,0
1975,2005-11-08,122.07,0.0,0.0,,,,,0
1980,2005-11-15,123.16,0.0,0.0,,,,,0
1985,2005-11-22,126.37,0.0,0.0,,,,,0
1990,2005-11-30,125.33,0.0,0.0,,,,,0
1995,2005-12-07,126.15,0.0,0.0,,,,,0
2000,2005-12-14,127.76,0.0,0.0,,,,,0
2005,2005-12-21,126.12,0.0,0.0,,,,,0
2010,2005-12-29,125.31,0.0,0.0,,,,,0
2015,2006-01-06,128.41,0.0,0.0,,,,,0
2020,2006-01-13,128.72,0.0,0.0,,,,,0
2025,2006-01-23,126.33,0.0,0.0,,,,,0
2030,2006-01-30,128.53,0.0,0.0,,,,,0
2035,2006-02-06,126.56,0.0,0.0,,,,,0
2040,2006-02-13,126.46,0.0,0.0,,,,,0
2045,2006-02-21,128.52,0.0,0.0,,,,,0
2050,2006-02-28,128.26,0.0,0.0,,,,,0
2055,2006-03-07,127.86,0.0,0.0,,,,,0
2060,2006-03-14,130.12,0.0,0.0,,,,,0
2065,2006-03-21,129.59,0.0,0.0,,,,,0
2070,2006-03-28,129.22,0.0,0.0,,,,,0
2075,2006-04-04,130.53,0.0,0.0,,,,,0
2080,2006-04-11,128.65,0.0,0.0,,,,,0
2085,2006-04-19,130.99,0.0,0.0,,,,,0
2090,2006-04-26,130.58,0.0,0.0,,,,,0
2095,2006-05-03,130.82,0.0,0.0,,,,,0
2100,2006-05-10,132.43,0.0,0.0,,,,,0
2105,2006-05-17,127.2,0.0,0.0,,,,,0
2110,2006-05-24,126.08,0.0,0.0,,,,,0
2115,2006-06-01,128.82,0.0,0.0,,,,,0
2120,2006-06-08,126.14,0.0,0.0,,,,,0
2125,2006-06-15,125.97,0.0,0.0,,,,,0
2130,2006-06-22,124.45,0.0,0.0,,,,,0
2135,2006-06-29,127.23,0.0,0.0,,,,,0
2140,2006-07-07,126.53,0.0,0.0,,,,,0
2145,2006-07-14,123.63,0.0,0.0,,,,,0
2150,2006-07-21,124.11,0.0,0.0,,,,,0
2155,2006-07-28,127.85,0.0,0.0,,,,,0
2160,2006-08-04,128.0,0.0,0.0,,,,,0
2165,2006-08-11,126.84,0.0,0.0,,,,,0
2170,2006-08-18,130.46,0.0,0.0,,,,,0
2175,2006-08-25,129.84,0.0,0.0,,,,,0
2180,2006-09-01,131.48,0.0,0.0,,,,,0
2185,2006-09-11,130.38,0.0,0.0,,,,,0
2190,2006-09-18,132.02,0.0,0.0,,,,,0
2195,2006-09-25,132.54,0.0,0.0,,,,,0
2200,2006-10-02,133.07,0.14285714285714285,0.0,2206.127006495272,134.65395652683628,,,1
2205,2006-10-09,135.09,0.0,0.0,,,,,0
2210,2006-10-16,136.89,0.0,0.0,,,,,0
2215,2006-10-23,137.68,0.6,0.0,2223.942753757372,144.86573122680582,,,3
2220,2006-10-30,137.87,0.6666666666666666,0.0,2227.4242131990586,142.92705826550866,,,2
2225,2006-11-06,138.08,0.5,0.0,2243.747446782379,145.5452048214659,,,1
2230,2006-11-13,138.68,0.0,0.0,,,,,0
2235,2006-11-20,140.37,0.0,0.0,,,,,0
2240,2006-11-28,139.03,0.3333333333333333,0.0,2261.266209880994,152.62345526129587,,,1
2245,2006-12-05,141.88,0.0,0.0,,,,,0
2250,2006-12-12,141.62,0.0,0.0,,,,,0
2255,2006-12-19,142.28,0.2,0.0,2262.06691587249,143.92077860869964,,,1
2260,2006-12-27,142.59,0.0,0.0,,,,,0
2265,2007-01-05,140.76,0.0,0.0,,,,,0
2270,2007-01-12,142.97,0.0,0.0,,,,,0
2275,2007-01-22,142.21,0.0,0.0,,,,,0
2280,2007-01-29,141.96,0.0,0.0,,,,,0
2285,2007-02-05,144.7,0.0,0.0,,,,,0
2290,2007-02-12,143.42,0.0,0.0,,,,,0
2295,2007-02-20,146.1,0.4,0.0,2295.4904706282496,146.16855886439026,,,2
2300,2007-02-27,140.0,0.0,0.0,,,,,0
2305,2007-03-06,139.8,0.0,0.0,,,,,0
2310,2007-03-13,138.15,0.0,0.0,,,,,0
2315,2007-03-20,140.93,0.0,0.0,,,,,0
2320,2007-03-27,142.71,0.0,0.0,,,,,0
2325,2007-04-03,143.66,0.0,0.0,,,,,0
2330,2007-04-11,143.83,0.0,0.0,,,,,0
2335,2007-04-18,147.15,0.0,0.0,,,,,0
2340,2007-04-25,149.46,0.14285714285714285,0.0,2340.0005174148946,149.094739020348,,,1
2345,2007-05-02,149.62,0.0,0.0,,,,,0
2350,2007-05-09,151.38,0.0,0.0,,,,,0
2355,2007-05-16,151.61,0.0,0.0,,,,,0
2360,2007-05-23,152.38,0.4,0.0,2360.9201021419926,155.23262373186049,,,2
2365,2007-05-31,153.35,0.0,0.0,,,,,0
2370,2007-06-07,149.36,0.0,0.0,,,,,0
2375,2007-06-14,152.71,0.0,0.0,,,,,0
2380,2007-06-21,151.98,0.0,0.0,,,,,0
2385,2007-06-28,150.4,0.0,0.0,,,,,0
2390,2007-07-06,152.96,0.0,0.0,,,,,0
2395,2007-07-13,155.11,0.16666666666666666,0.0,2453.582958161369,167.37845520696962,,,1
2400,2007-07-20,153.33,0.2222222222222222,0.0,2448.4596665948206,166.39239471804808,,,2
2405,2007-07-27,146.04,0.1111111111111111,0.0,2427.5308843247212,158.33037528595457,,,1
2410,2007-08-03,143.35,0.0,0.0,,,,,0
2415,2007-08-10,145.54,0.0,0.0,,,,,0
2420,2007-08-17,144.74,0.0,0.0,,,,,0
2425,2007-08-24,148.16,0.0,0.0,,,,,0
2430,2007-08-31,147.47,0.0,0.0,,,,,0
2435,2007-09-10,145.51,0.0,0.0,,,,,0
2440,2007-09-17,148.13,0.0,0.0,,,,,0
2445,2007-09-24,151.55,0.0,0.0,,,,,0
2450,2007-10-01,154.52,0.0,0.0,,,,,0
2455,2007-10-08,155.19,0.1111111111111111,0.0,2463.840351417198,168.60523757875873,,,1
2460,2007-10-15,154.83,0.0,0.0,,,,,0
2465,2007-10-22,150.6,0.0,0.0,,,,,0
2470,2007-10-29,154.0,0.0,0.0,,,,,0
2475,2007-11-05,150.19,0.0,0.0,,,,,0
2480,2007-11-12,143.99,0.0,0.0,,,,,0
2485,2007-11-19,143.56,0.0,0.0,,,,,0
2490,2007-11-27,143.09,0.0,0.0,,,,,0
2495,2007-12-04,146.55,0.0,0.0,,,,,0
2500,2007-12-11,148.24,0.0,0.0,,,,,0
2505,2007-12-18,145.82,0.0,0.0,,,,,0
2510,2007-12-26,149.48,0.0,0.0,,,,,0
2515,2008-01-03,144.46,0.0,0.0,,,,,0
2520,2008-01-10,141.8,0.0,0.0,,,,,0
2525,2008-01-17,133.23,0.0,0.0,,,,,0
2530,2008-01-25,132.98,0.0,0.0,,,,,0
2535,2008-02-01,139.45,0.0,0.0,,,,,0
2540,2008-02-08,133.12,0.0,0.0,,,,,0
2545,2008-02-15,135.07,0.0,0.0,,,,,0
2550,2008-02-25,137.31,0.0,0.0,,,,,0
2555,2008-03-03,133.39,0.0,0.0,,,,,0
2560,2008-03-10,127.86,0.0,0.16666666666666666,,,2560.000005725259,131.21185606214283,0
2565,2008-03-17,127.9,0.0,0.0,,,,,0
2570,2008-03-25,135.05,0.0,0.0,,,,,0
2575,2008-04-01,136.8,0.0,0.0,,,,,0
2580,2008-04-08,136.47,0.0,0.0,,,,,0
2585,2008-04-15,133.52,0.0,0.0,,,,,0
2590,2008-04-22,137.69,0.0,0.0,,,,,0
2595,2008-04-29,139.07,0.0,0.0,,,,,0
2600,2008-05-06,141.84,0.0,0.0,,,,,0
2605,2008-05-13,140.4,0.0,0.0,,,,,0
2610,2008-05-20,141.63,0.0,0.0,,,,,0
2615,2008-05-28,139.37,0.0,0.0,,,,,0
2620,2008-06-04,138.04,0.0,0.0,,,,,0
2625,2008-06-11,133.95,0.0,0.0,,,,,0
2630,2008-06-18,134.32,0.0,0.0,,,,,0
2635,2008-06-25,132.0,0.0,0.0,,,,,0
2640,2008-07-02,126.07,0.0,0.0,,,,,0
2645,2008-07-10,125.38,0.0,0.0,,,,,0
2650,2008-07-17,125.9,0.0,0.0,,,,,0
2655,2008-07-24,125.43,0.0,0.0,,,,,0
2660,2008-07-31,126.85,0.0,0.0,,,,,0
2665,2008-08-07,126.86,0.0,0.0,,,,,0
2670,2008-08-14,129.52,0.0,0.0,,,,,0
2675,2008-08-21,127.98,0.0,0.0,,,,,0
2680,2008-08-28,130.31,0.0,0.0,,,,,0
2685,2008-09-05,124.64,0.0,0.0,,,,,0
2690,2008-09-12,125.74,0.0,0.0,,,,,0
2695,2008-09-19,125.05,0.0,0.0,,,,,0
2700,2008-09-26,121.33,0.0,0.0,,,,,0
2705,2008-10-03,109.97,0.0,0.125,,,2705.205185549803,105.34888152689433,0
2710,2008-10-10,90.45,0.0,0.0,,,,,0
2715,2008-10-17,94.09,0.0,0.0,,,,,0
2720,2008-10-24,87.54,0.0,0.2,,,2720.0000000409655,90.56637048728045,0
2725,2008-10-31,97.13,0.0,0.0,,,,,0
2730,2008-11-07,93.13,0.0,0.0,,,,,0
2735,2008-11-14,87.68,0.0,0.0,,,,,0
2740,2008-11-21,80.27,0.0,0.0,,,,,0
2745,2008-12-01,82.13,0.0,0.2,,,2748.8045032410764,78.38232338734794,0
2750,2008-12-08,91.06,0.0,0.0,,,,,0
2755,2008-12-15,87.48,0.0,0.0,,,,,0
2760,2008-12-22,86.57,0.0,0.0,,,,,0
2765,2008-12-30,88.87,0.0,0.0,,,,,0
2770,2009-01-07,90.62,0.0,0.0,,,,,0
2775,2009-01-14,84.21,0.0,0.0,,,,,0
2780,2009-01-22,82.84,0.0,0.0,,,,,0
2785,2009-01-29,84.57,0.0,0.0,,,,,0
2790,2009-02-05,84.57,0.0,0.0,,,,,0
2795,2009-02-12,83.61,0.0,0.25,,,2808.58839456101,55.743902321151936,0
2800,2009-02-20,77.38,0.0,0.0,,,,,0
2805,2009-02-27,73.93,0.0,0.0,,,,,0
2810,2009-03-06,68.84,0.0,0.0,,,,,0
2815,2009-03-13,76.15,0.0,0.0,,,,,0
2820,2009-03-20,76.65,0.0,0.0,,,,,0
2825,2009-03-27,81.61,0.0,0.14285714285714285,,,2837.486261887577,69.57794879353779,0
2830,2009-04-03,84.27,0.0,0.0,,,,,0
2835,2009-04-13,85.83,0.0,0.0,,,,,0
2840,2009-04-20,83.41,0.0,0.0,,,,,0
2845,2009-04-27,85.84,0.0,0.0,,,,,0
2850,2009-05-04,90.92,0.0,0.0,,,,,0
2855,2009-05-11,91.14,0.0,0.0,,,,,0
2860,2009-05-18,91.24,0.0,0.0,,,,,0
2865,2009-05-26,91.3,0.0,0.0,,,,,0
2870,2009-06-02,94.88,0.0,0.0,,,,,0
2875,2009-06-09,94.62,0.0,0.0,,,,,0
2880,2009-06-16,91.64,0.0,0.0,,,,,0
2885,2009-06-23,89.36,0.0,0.0,,,,,0
2890,2009-06-30,91.92,0.0,0.0,,,,,0
2895,2009-07-08,88.0,0.0,0.0,,,,,0
2900,2009-07-15,93.25,0.0,0.0,,,,,0
2905,2009-07-22,95.55,0.0,0.0,,,,,0
2910,2009-07-29,97.68,0.0,0.0,,,,,0
2915,2009-08-05,100.37,0.0,0.0,,,,,0
2920,2009-08-12,100.77,0.0,0.0,,,,,0
2925,2009-08-19,100.01,0.0,0.0,,,,,0
2930,2009-08-26,103.17,0.0,0.0,,,,,0
2935,2009-09-02,99.8,0.0,0.0,,,,,0
2940,2009-09-10,104.82,0.0,0.0,,,,,0
2945,2009-09-17,107.16,0.1111111111111111,0.0,2973.523091679701,116.03423385839308,,,1
2950,2009-09-24,104.95,0.42857142857142855,0.0,2965.7052742927835,112.47430038973486,,,3
2955,2009-10-01,103.05,0.1111111111111111,0.0,2974.4991318668544,120.7068704021019,,,1
2960,2009-10-08,106.64,0.1,0.0,2977.898615559847,113.49685164024038,,,1
2965,2009-10-15,109.65,0.125,0.0,2970.802772268452,110.56906273437642,,,1
2970,2009-10-22,109.34,0.125,0.0,2982.149716123343,114.9299468662768,,,1
2975,2009-10-29,106.65,0.0,0.0,,,,,0
2980,2009-11-05,106.86,0.0,0.0,,,,,0
2985,2009-11-12,108.99,0.0,0.0,,,,,0
2990,2009-11-19,109.77,0.0,0.0,,,,,0
2995,2009-11-27,109.5,0.0,0.0,,,,,0
3000,2009-12-04,111.01,0.0,0.0,,,,,0
3005,2009-12-11,111.18,0.0,0.0,,,,,0
3010,2009-12-18,110.19,0.0,0.0,,,,,0
3015,2009-12-28,112.67,0.0,0.0,,,,,0
3020,2010-01-05,113.65,0.125,0.0,3030.5190182522074,114.18762054540979,,,1
3025,2010-01-12,113.67,0.14285714285714285,0.0,3035.746737502131,116.97815762191536,,,1
3030,2010-01-20,113.86,0.14285714285714285,0.0,3034.160515877282,115.59481791605194,,,1
3035,2010-01-27,109.81,0.0,0.0,,,,,0
3040,2010-02-03,109.82,0.0,0.0,,,,,0
3045,2010-02-10,107.01,0.0,0.0,,,,,0
3050,2010-02-18,110.91,0.0,0.0,,,,,0
3055,2010-02-25,110.67,0.0,0.0,,,,,0
3060,2010-03-04,112.66,0.0,0.0,,,,,0
3065,2010-03-11,115.45,0.0,0.0,,,,,0
3070,2010-03-18,117.03,0.0,0.0,,,,,0
3075,2010-03-25,116.62,0.0,0.0,,,,,0
3080,2010-04-01,117.82,0.0,0.0,,,,,0
3085,2010-04-09,119.55,0.16666666666666666,0.0,3085.000000776198,119.38489561067969,,,1
3090,2010-04-16,119.4,0.2,0.0,3090.7738376125385,122.65697695342818,,,1
3095,2010-04-23,121.79,0.0,0.0,,,,,0
3100,2010-04-30,118.86,0.0,0.0,,,,,0
3105,2010-05-07,111.0,0.0,0.0,,,,,0
3110,2010-05-14,113.92,0.0,0.0,,,,,0
3115,2010-05-21,109.03,0.0,0.0,,,,,0
3120,2010-05-28,109.44,0.0,0.0,,,,,0
3125,2010-06-07,105.49,0.0,0.0,,,,,0
3130,2010-06-14,109.57,0.0,0.0,,,,,0
3135,2010-06-21,111.41,0.0,0.0,,,,,0
3140,2010-06-28,107.49,0.0,0.0,,,,,0
3145,2010-07-06,102.86,0.0,0.0,,,,,0
3150,2010-07-13,109.66,0.0,0.0,,,,,0
3155,2010-07-20,108.48,0.0,0.0,,,,,0
3160,2010-07-27,111.55,0.0,0.0,,,,,0
3165,2010-08-03,112.22,0.0,0.0,,,,,0
3170,2010-08-10,112.39,0.0,0.0,,,,,0
3175,2010-08-17,109.59,0.0,0.0,,,,,0
3180,2010-08-24,105.56,0.0,0.0,,,,,0
3185,2010-08-31,105.47,0.0,0.0,,,,,0
3190,2010-09-08,110.41,0.0,0.0,,,,,0
3195,2010-09-15,113.14,0.0,0.0,,,,,0
3200,2010-09-22,113.43,0.0,0.0,,,,,0
3205,2010-09-29,114.41,0.0,0.0,,,,,0
3210,2010-10-06,116.06,0.0,0.0,,,,,0
3215,2010-10-13,117.88,0.0,0.0,,,,,0
3220,2010-10-20,117.87,0.0,0.0,,,,,0
3225,2010-10-27,118.38,0.0,0.0,,,,,0
3230,2010-11-03,120.01,0.0,0.0,,,,,0
3235,2010-11-10,122.09,0.0,0.0,,,,,0
3240,2010-11-17,118.21,0.0,0.0,,,,,0
3245,2010-11-24,120.19,0.0,0.0,,,,,0
3250,2010-12-02,122.57,0.0,0.0,,,,,0
3255,2010-12-09,123.82,0.3333333333333333,0.0,3255.0000002703164,122.91738255505051,,,1
3260,2010-12-16,124.82,0.0,0.0,,,,,0
3265,2010-12-23,125.61,0.2857142857142857,0.0,3265.9888926299664,127.05339729044653,,,2
3270,2010-12-31,125.78,0.0,0.0,,,,,0
