t2_off,L,method,t1,t2,tc_norm,m,w,tc_days_after_t2,tc_idx,tc_days_vs_peak,seconds
5,150,LM,2021-09-26,2022-04-24,0.9566360401854691,0.6142789073349918,7.985594116004135,-6.461230012365103,573.5387699876349,-11.46123001236515,0.8143010559999766
5,150,lppls-repo (NM),2021-09-26,2022-04-24,1.186118012137424,0.8021487168009835,8.420288971080252,27.73158380847617,607.7315838084762,22.731583808476216,0.02482810900005461
5,150,M-LNN,2021-09-26,2022-04-24,0.963607668876648,0.5569032430648804,9.213607788085938,-5.422457337379456,574.5775426626205,-10.422457337379456,0.4653542189998916
5,150,M-LNN-KAN,2021-09-26,2022-04-24,0.9566342830657959,0.6142102479934692,8.002897262573242,-6.461491823196411,573.5385081768036,-11.461491823196411,2.7815367050000077
5,150,P-LNN-100K,2021-09-26,2022-04-24,0.911309540271759,0.6325466632843018,8.131267547607422,-13.214878499507904,566.7851215004921,-18.214878499507904,0.0006197830000473914
5,150,P-LNN-100K-AR1,2021-09-26,2022-04-24,0.9674406051635742,0.613320529460907,8.025459289550781,-4.851349830627441,575.1486501693726,-9.851349830627441,0.0004650409998703253
5,150,P-LNN-100K-BOTH,2021-09-26,2022-04-24,0.991561770439148,0.6430802345275879,8.354781150817871,-1.2572962045669556,578.742703795433,-6.257296204566956,0.0004297450000194658
5,200,LM,2021-07-08,2022-04-24,0.975141088068751,0.4911255485877995,5.114883239528863,-4.946923474318552,575.0530765256815,-9.94692347431851,0.779047386000002
5,200,lppls-repo (NM),2021-07-08,2022-04-24,1.044130394008523,0.3554075307225342,5.713329924875176,8.781948407696062,588.7819484076961,3.7819484076960634,0.013209108999944874
5,200,M-LNN,2021-07-08,2022-04-24,1.078181266784668,0.5238443613052368,6.284365177154541,15.558072090148926,595.5580720901489,10.558072090148926,0.42875656100000015
5,200,M-LNN-KAN,2021-07-08,2022-04-24,1.0587040185928345,0.3465452492237091,6.0016303062438965,11.68209969997406,591.6820996999741,6.68209969997406,2.8186436290000074
5,200,P-LNN-100K,2021-07-08,2022-04-24,1.1491706371307373,0.28623688220977783,7.730942726135254,29.684956789016724,609.6849567890167,24.684956789016724,0.0007388999999875523
5,200,P-LNN-100K-AR1,2021-07-08,2022-04-24,1.127801537513733,0.31100746989250183,7.820476531982422,25.43250596523285,605.4325059652328,20.43250596523285,0.0004923690000850911
5,200,P-LNN-100K-BOTH,2021-07-08,2022-04-24,1.2248986959457397,0.3070484399795532,7.609575271606445,44.75484049320221,624.7548404932022,39.75484049320221,0.0004229439998653106
5,252,LM,2021-04-21,2022-04-24,0.9782386443077862,0.36792466493281467,4.906582578326847,-5.46210027874567,574.5378997212543,-10.462100278745652,0.3470432770000116
5,252,lppls-repo (NM),2021-04-21,2022-04-24,2.7880336018504956,-1.1061222294160293,22.33912307599494,448.7964340644744,1028.7964340644744,443.7964340644744,0.01664675899996837
5,252,M-LNN,2021-04-21,2022-04-24,1.021030306816101,0.3900172710418701,6.009635925292969,5.27860701084137,585.2786070108414,0.27860701084136963,0.4262005699999918
5,252,M-LNN-KAN,2021-04-21,2022-04-24,1.1124249696731567,0.11096185445785522,7.040552139282227,28.21866738796234,608.2186673879623,23.21866738796234,2.654230749999897
5,252,P-LNN-100K,2021-04-21,2022-04-24,1.0287715196609497,0.36300384998321533,7.776313304901123,7.2216514348983765,587.2216514348984,2.2216514348983765,0.0007105910001428128
5,252,P-LNN-100K-AR1,2021-04-21,2022-04-24,1.0730972290039062,0.3440994918346405,7.182187080383301,18.34740447998047,598.3474044799805,13.347404479980469,0.0004479599999740458
5,252,P-LNN-100K-BOTH,2021-04-21,2022-04-24,1.054221510887146,0.41529110074043274,7.144343376159668,13.609599232673645,593.6095992326736,8.609599232673645,0.0004120510000120703
5,300,LM,2021-02-14,2022-04-24,0.9840585631506263,0.6656345063284338,3.8559917480709642,-4.766489617962724,575.2335103820373,-9.766489617962748,1.7928376260001642
5,300,lppls-repo (NM),2021-02-14,2022-04-24,1.4273034780018443,1.0354763953868897,19.84741792498209,127.76373992255145,707.7637399225514,122.7637399225514,0.01569206099998155
5,300,M-LNN,2021-02-14,2022-04-24,1.1125999689102173,0.5602933168411255,6.004858016967773,33.66739070415497,613.667390704155,28.66739070415497,0.44092412899999545
5,300,M-LNN-KAN,2021-02-14,2022-04-24,1.0075407028198242,0.816280722618103,11.125946998596191,2.2546701431274414,582.2546701431274,-2.7453298568725586,2.669636042000093
5,300,P-LNN-100K,2021-02-14,2022-04-24,1.0787960290908813,0.5159536600112915,7.2711262702941895,23.560012698173523,603.5600126981735,18.560012698173523,0.0006298739999692771
5,300,P-LNN-100K-AR1,2021-02-14,2022-04-24,1.0905379056930542,0.5108767747879028,6.631643295288086,27.070833802223206,607.0708338022232,22.070833802223206,0.00046258499992291036
5,300,P-LNN-100K-BOTH,2021-02-14,2022-04-24,1.175846815109253,0.6187340021133423,6.988821983337402,52.578197717666626,632.5781977176666,47.578197717666626,0.0003983919998518104
5,350,LM,2020-12-06,2022-04-24,0.9880477992751618,0.6594276318770338,4.006190030023652,-4.171318052968517,575.8286819470314,-9.171318052968559,0.46508091700002296
5,350,lppls-repo (NM),2020-12-06,2022-04-24,1.4411006146593337,0.7764731993466265,8.362295331446713,153.94411451610745,733.9441145161074,148.94411451610745,0.02203840299989679
5,350,M-LNN,2020-12-06,2022-04-24,1.1998943090438843,0.601862907409668,6.719692707061768,69.76311385631561,649.7631138563156,64.76311385631561,0.4328919950000909
5,350,M-LNN-KAN,2020-12-06,2022-04-24,1.0001029968261719,0.9997844099998474,10.117807388305664,0.035945892333984375,580.035945892334,-4.964054107666016,2.6364580370000112
5,350,P-LNN-100K,2020-12-06,2022-04-24,1.095308780670166,0.6515408158302307,6.752803802490234,33.26276445388794,613.2627644538879,28.26276445388794,0.0006183630000577978
5,350,P-LNN-100K-AR1,2020-12-06,2022-04-24,1.1047616004943848,0.6839975118637085,6.7848615646362305,36.56179857254028,616.5617985725403,31.561798572540283,0.00046827799997117836
5,350,P-LNN-100K-BOTH,2020-12-06,2022-04-24,1.1053102016448975,0.7288252115249634,6.447659015655518,36.753260374069214,616.7532603740692,31.753260374069214,0.0003831249998711428
10,150,LM,2021-09-16,2022-04-17,0.9696943104790823,0.6230517485504338,7.403671367431367,-4.515547738616741,570.4844522613832,-14.51554773861676,0.7537778969999636
10,150,lppls-repo (NM),2021-09-16,2022-04-17,1.1621677330656235,0.9002764746621863,7.721684108864908,24.1629922267779,599.1629922267779,14.162992226777874,0.03331362900007662
10,150,M-LNN,2021-09-16,2022-04-17,0.9696954488754272,0.6230617761611938,7.403678894042969,-4.51537811756134,570.4846218824387,-14.51537811756134,0.42598890099998243
10,150,M-LNN-KAN,2021-09-16,2022-04-17,0.9696599245071411,0.6244169473648071,7.40219259262085,-4.520671248435974,570.479328751564,-14.520671248435974,2.647853474000158
10,150,P-LNN-100K,2021-09-16,2022-04-17,1.0505297183990479,0.6200529336929321,7.849015235900879,7.52892804145813,582.5289280414581,-2.47107195854187,0.0006599519999781478
10,150,P-LNN-100K-AR1,2021-09-16,2022-04-17,1.037630319595337,0.5766011476516724,7.657276153564453,5.6069176197052,580.6069176197052,-4.3930823802948,0.0004943330000060087
10,150,P-LNN-100K-BOTH,2021-09-16,2022-04-17,1.0407921075820923,0.6410156488418579,7.859951972961426,6.0780240297317505,581.0780240297318,-3.9219759702682495,0.0005273730000681098
10,200,LM,2021-07-01,2022-04-17,0.9860339590205628,0.4806409658971695,4.834504905824386,-2.779242154908005,572.220757845092,-12.779242154908047,0.7465051429999221
10,200,lppls-repo (NM),2021-07-01,2022-04-17,1.0029185698097192,0.44180171874909047,5.088533769191397,0.5807953921341134,575.5807953921341,-9.419204607865936,0.014645862000179477
10,200,M-LNN,2021-07-01,2022-04-17,0.9879398345947266,0.4020380973815918,6.001521110534668,-2.399972915649414,572.6000270843506,-12.399972915649414,0.4470317130001149
10,200,M-LNN-KAN,2021-07-01,2022-04-17,1.1373544931411743,0.10021862387657166,7.5033769607543945,27.33354413509369,602.3335441350937,17.33354413509369,2.7718630520000715
10,200,P-LNN-100K,2021-07-01,2022-04-17,1.0828230381011963,0.1527794599533081,7.222986221313477,16.48178458213806,591.4817845821381,6.4817845821380615,0.0006937240000297606
10,200,P-LNN-100K-AR1,2021-07-01,2022-04-17,1.0107612609863281,0.22845622897148132,7.473611831665039,2.141490936279297,577.1414909362793,-7.858509063720703,0.0005022170000756887
10,200,P-LNN-100K-BOTH,2021-07-01,2022-04-17,1.1255120038986206,0.21685485541820526,7.183014869689941,24.9768887758255,599.9768887758255,14.9768887758255,0.00042529000006652495
10,252,LM,2021-04-14,2022-04-17,0.9933336223005896,0.4233602472124326,4.621695969979335,-1.6732608025520013,573.326739197448,-11.673260802552022,0.6105160399999932
10,252,lppls-repo (NM),2021-04-14,2022-04-17,1.0769069969604919,0.20635652399740428,13.71929458287161,19.303656237083455,594.3036562370835,9.303656237083487,0.019920417999856
10,252,M-LNN,2021-04-14,2022-04-17,1.0224418640136719,0.21849918365478516,6.0073041915893555,5.632907867431641,580.6329078674316,-4.367092132568359,0.4656956869998794
10,252,M-LNN-KAN,2021-04-14,2022-04-17,1.0638550519943237,0.16721111536026,6.002569675445557,16.027618050575256,591.0276180505753,6.027618050575256,2.8657916489999025
10,252,P-LNN-100K,2021-04-14,2022-04-17,1.0309044122695923,0.4624360501766205,7.972731590270996,7.757007479667664,582.7570074796677,-2.2429925203323364,0.0006185280001318461
10,252,P-LNN-100K-AR1,2021-04-14,2022-04-17,1.0617698431015015,0.43254831433296204,6.91923713684082,15.504230618476868,590.5042306184769,5.504230618476868,0.0004749419999825477
10,252,P-LNN-100K-BOTH,2021-04-14,2022-04-17,1.0920476913452148,0.5405722856521606,7.461208343505859,23.103970527648926,598.1039705276489,13.103970527648926,0.0003880340000250726
10,300,LM,2021-02-07,2022-04-17,0.9959973899875911,0.7281466051699828,3.6837636641096063,-1.196780393710252,573.8032196062898,-11.196780393710242,1.5752224809998552
10,300,lppls-repo (NM),2021-02-07,2022-04-17,1.1805562876615578,0.9064860543670081,4.628675335457162,53.986330010805794,628.9863300108058,43.98633001080577,0.029751980999890293
10,300,M-LNN,2021-02-07,2022-04-17,1.0029326677322388,0.9591464400291443,10.38115406036377,0.8768676519393921,575.8768676519394,-9.123132348060608,0.43509727200012094
10,300,M-LNN-KAN,2021-02-07,2022-04-17,1.196364164352417,0.5483012795448303,6.549163818359375,58.71288514137268,633.7128851413727,48.71288514137268,2.6554496370001743
10,300,P-LNN-100K,2021-02-07,2022-04-17,1.0318584442138672,0.6536830067634583,6.999608039855957,9.525674819946289,584.5256748199463,-0.47432518005371094,0.0006931729999450909
10,300,P-LNN-100K-AR1,2021-02-07,2022-04-17,1.0857264995574951,0.6595686078071594,6.681054592132568,25.63222336769104,600.632223367691,15.63222336769104,0.0006125459999566374
10,300,P-LNN-100K-BOTH,2021-02-07,2022-04-17,1.1558294296264648,0.6934002637863159,6.961580753326416,46.59299945831299,621.592999458313,36.59299945831299,0.0004952679998950771
10,350,LM,2020-11-29,2022-04-17,0.995805683814844,0.6569523314405035,4.018983638288501,-1.463816348619436,573.5361836513806,-11.463816348619389,0.524432643000182
10,350,lppls-repo (NM),2020-11-29,2022-04-17,1.4948481201025539,0.7932036717657709,8.892301582790818,172.7019939157913,747.7019939157913,162.70199391579126,0.010925522999968962
10,350,M-LNN,2020-11-29,2022-04-17,0.9941178560256958,0.9997928142547607,9.586151123046875,-2.0528682470321655,572.9471317529678,-12.052868247032166,0.4672261000000617
10,350,M-LNN-KAN,2020-11-29,2022-04-17,1.125793218612671,0.34126436710357666,6.172214031219482,43.901833295822144,618.9018332958221,33.901833295822144,2.658764698000141
10,350,P-LNN-100K,2020-11-29,2022-04-17,1.0991588830947876,0.696300745010376,6.464286804199219,34.60645020008087,609.6064502000809,24.60645020008087,0.0006409920001715363
10,350,P-LNN-100K-AR1,2020-11-29,2022-04-17,1.081676721572876,0.7367768287658691,6.633747100830078,28.505175828933716,603.5051758289337,18.505175828933716,0.00045582699999613396
10,350,P-LNN-100K-BOTH,2020-11-29,2022-04-17,1.05967378616333,0.7739650011062622,6.249068260192871,20.826151371002197,595.8261513710022,10.826151371002197,0.0004370669998934318
15,150,LM,2021-09-09,2022-04-10,0.9526648157499951,0.6407192327148168,6.369966922772296,-7.052942453250735,562.9470575467493,-22.052942453250694,0.5536475290000453
15,150,lppls-repo (NM),2021-09-09,2022-04-10,,,,,,,0.34464466500003255
15,150,M-LNN,2021-09-09,2022-04-10,0.9526364207267761,0.6418076753616333,6.368664741516113,-7.057173311710358,562.9428266882896,-22.057173311710358,0.4340922640001281
15,150,M-LNN-KAN,2021-09-09,2022-04-10,0.9532058238983154,0.6456535458564758,6.363872528076172,-6.972332239151001,563.027667760849,-21.972332239151,2.758211883000058
15,150,P-LNN-100K,2021-09-09,2022-04-10,0.9974440336227417,0.6450209617614746,6.991667747497559,-0.3808389902114868,569.6191610097885,-15.380838990211487,0.0007130840001536853
15,150,P-LNN-100K-AR1,2021-09-09,2022-04-10,0.9933404922485352,0.5125935077667236,7.650996685028076,-0.9922666549682617,569.0077333450317,-15.992266654968262,0.0005515959999229381
15,150,P-LNN-100K-BOTH,2021-09-09,2022-04-10,1.0455999374389648,0.652917742729187,6.9844069480896,6.794390678405762,576.7943906784058,-8.205609321594238,0.0003995850001956569
15,200,LM,2021-06-24,2022-04-10,1.0065818278049379,0.45651847206814833,4.735162061114114,1.3097837331826379,571.3097837331826,-13.690216266817401,0.6209439280000879
15,200,lppls-repo (NM),2021-06-24,2022-04-10,2.6327352916209787,-1.3010679581070461,20.708294103290537,324.91432303257477,894.9143230325748,309.91432303257477,0.018037004000007073
15,200,M-LNN,2021-06-24,2022-04-10,1.1037181615829468,0.11590367555618286,6.841524600982666,20.63991415500641,590.6399141550064,5.639914155006409,0.5061450099999547
15,200,M-LNN-KAN,2021-06-24,2022-04-10,1.0227450132369995,0.3841577470302582,6.1494951248168945,4.526257634162903,574.5262576341629,-10.473742365837097,2.731949300999986
15,200,P-LNN-100K,2021-06-24,2022-04-10,1.033764123916626,0.1103682816028595,7.099451065063477,6.719060659408569,576.7190606594086,-8.28093934059143,0.0006668639998679282
15,200,P-LNN-100K-AR1,2021-06-24,2022-04-10,1.093457579612732,0.1699851155281067,7.232205390930176,18.598058342933655,588.5980583429337,3.598058342933655,0.0005289189998620714
15,200,P-LNN-100K-BOTH,2021-06-24,2022-04-10,1.0481539964675903,0.23473206162452698,6.977005481719971,9.582645297050476,579.5826452970505,-5.417354702949524,0.0004282059999241028
15,252,LM,2021-04-07,2022-04-10,1.0047113120743363,0.4410517307231831,4.497416423749389,1.1825393306584069,571.1825393306584,-13.817460669341585,0.3515113860000838
15,252,lppls-repo (NM),2021-04-07,2022-04-10,1.41845636199691,0.23248222321067546,8.315728753647996,105.03254686122439,675.0325468612244,90.03254686122443,0.026313350999998875
15,252,M-LNN,2021-04-07,2022-04-10,1.1221402883529663,0.2834361791610718,8.791693687438965,30.657212376594543,600.6572123765945,15.657212376594543,0.4304233430000295
15,252,M-LNN-KAN,2021-04-07,2022-04-10,1.1750494241714478,0.27834367752075195,8.72490119934082,43.937405467033386,613.9374054670334,28.937405467033386,2.738411950999989
15,252,P-LNN-100K,2021-04-07,2022-04-10,1.086933970451355,0.4272010922431946,7.821486473083496,21.8204265832901,591.8204265832901,6.8204265832901,0.0006481279999661638
15,252,P-LNN-100K-AR1,2021-04-07,2022-04-10,1.1103413105010986,0.32486236095428467,7.226832389831543,27.695668935775757,597.6956689357758,12.695668935775757,0.0005217890000039915
15,252,P-LNN-100K-BOTH,2021-04-07,2022-04-10,1.162640929222107,0.5212458968162537,7.63012170791626,40.82287323474884,610.8228732347488,25.82287323474884,0.00038474699999824225
15,300,LM,2021-01-31,2022-04-10,0.9877668387843284,0.824519420137908,3.2599144752858926,-3.6577152034858202,566.3422847965142,-18.65771520348585,0.5115944120000222
15,300,lppls-repo (NM),2021-01-31,2022-04-10,1.0920392077991443,1.4073370325538406,11.834017774120674,27.51972313194415,597.5197231319441,12.519723131944147,0.050483180999890465
15,300,M-LNN,2021-01-31,2022-04-10,1.0336260795593262,0.9996300935745239,10.606307983398438,10.054197788238525,580.0541977882385,-4.945802211761475,0.44214465000004566
15,300,M-LNN-KAN,2021-01-31,2022-04-10,1.1831426620483398,0.5198796391487122,6.049813747406006,54.75965595245361,624.7596559524536,39.75965595245361,2.6824074620001284
15,300,P-LNN-100K,2021-01-31,2022-04-10,1.0528278350830078,0.757274329662323,6.937584400177002,15.795522689819336,585.7955226898193,0.7955226898193359,0.0005876289999378059
15,300,P-LNN-100K-AR1,2021-01-31,2022-04-10,1.1140345335006714,0.7136756181716919,6.892195701599121,34.096325516700745,604.0963255167007,19.096325516700745,0.00045992300010766485
15,300,P-LNN-100K-BOTH,2021-01-31,2022-04-10,1.1451622247695923,0.7823924422264099,6.9470648765563965,43.40350520610809,613.4035052061081,28.403505206108093,0.00039609400005247153
15,350,LM,2020-11-22,2022-04-10,0.9957440463090664,0.6723162834021806,3.9225426850458778,-1.4853278381358148,568.5146721618642,-16.485327838135845,1.6765001559999746
15,350,lppls-repo (NM),2020-11-22,2022-04-10,1.2776894093145785,1.983381075532324,16.030724065951038,96.91360385078791,666.9136038507879,81.91360385078792,0.016065932999936194
15,350,M-LNN,2020-11-22,2022-04-10,0.9969601631164551,0.9996212720870972,9.180933952331543,-1.0609030723571777,568.9390969276428,-16.060903072357178,0.4371270579999873
15,350,M-LNN-KAN,2020-11-22,2022-04-10,1.151611328125,0.7175029516220093,7.172306060791016,52.912353515625,622.912353515625,37.912353515625,2.7115034319999722
15,350,P-LNN-100K,2020-11-22,2022-04-10,1.0883116722106934,0.7967313528060913,6.220212936401367,30.820773601531982,600.820773601532,15.820773601531982,0.0006238410001060402
15,350,P-LNN-100K-AR1,2020-11-22,2022-04-10,1.074010968208313,0.791473388671875,6.694129943847656,25.829827904701233,595.8298279047012,10.829827904701233,0.0004607710000072984
15,350,P-LNN-100K-BOTH,2020-11-22,2022-04-10,1.0575497150421143,0.8538645505905151,6.237322807312012,20.084850549697876,590.0848505496979,5.084850549697876,0.0004133659999752126
20,150,LM,2021-09-02,2022-04-03,0.9622995347278047,0.624977571140939,5.752486879561856,-5.617369325557097,559.3826306744429,-25.617369325557092,0.6052852420000363
20,150,lppls-repo (NM),2021-09-02,2022-04-03,1.4320926258914473,-1.8054883540968107,38.33901129957704,64.38180125782564,629.3818012578256,44.3818012578256,0.20983486299996912
20,150,M-LNN,2021-09-02,2022-04-03,0.9721795320510864,0.5994185209274292,6.010093688964844,-4.145249724388123,560.8547502756119,-24.145249724388123,0.4287822960000085
20,150,M-LNN-KAN,2021-09-02,2022-04-03,0.9673044085502625,0.58280348777771,6.002067565917969,-4.871643126010895,560.1283568739891,-24.871643126010895,2.7795552029999726
20,150,P-LNN-100K,2021-09-02,2022-04-03,1.0419604778289795,0.6595355868339539,6.588466644287109,6.252111196517944,571.252111196518,-13.747888803482056,0.0006812880001234589
20,150,P-LNN-100K-AR1,2021-09-02,2022-04-03,1.034517526626587,0.3884904086589813,6.982715129852295,5.14311146736145,570.1431114673615,-14.85688853263855,0.000572497000121075
20,150,P-LNN-100K-BOTH,2021-09-02,2022-04-03,1.0263630151748657,0.6162377595901489,6.952672958374023,3.9280892610549927,568.928089261055,-16.071910738945007,0.00041322900005980046
20,200,LM,2021-06-17,2022-04-03,1.0247527976783382,0.36425431403093284,4.722243767289573,4.925806737989293,569.9258067379893,-15.07419326201068,0.6654255180001201
20,200,lppls-repo (NM),2021-06-17,2022-04-03,2.3416167558450676,-1.3943397218795561,19.041653340828844,266.98173441316845,831.9817344131684,246.9817344131684,0.014688259999957154
20,200,M-LNN,2021-06-17,2022-04-03,1.059691309928894,0.10048377513885498,6.612473487854004,11.878570675849915,576.8785706758499,-8.121429324150085,0.4287405079999189
20,200,M-LNN-KAN,2021-06-17,2022-04-03,0.9958827495574951,0.23763678967952728,6.994513511657715,-0.8193328380584717,564.1806671619415,-20.81933283805847,2.6831867970001895
20,200,P-LNN-100K,2021-06-17,2022-04-03,1.0501753091812134,0.14398813247680664,7.226761341094971,9.984886527061462,574.9848865270615,-10.015113472938538,0.0006709629999477329
20,200,P-LNN-100K-AR1,2021-06-17,2022-04-03,1.134681224822998,0.0106276273727417,7.182411193847656,26.80156373977661,591.8015637397766,6.801563739776611,0.0005036640000071202
20,200,P-LNN-100K-BOTH,2021-06-17,2022-04-03,1.130602478981018,0.21655873954296112,7.20784854888916,25.989893317222595,590.9898933172226,5.989893317222595,0.00045080899985805445
20,252,LM,2021-03-31,2022-04-03,1.0140557515558064,0.4410012787396694,4.347160687491335,3.527993640507408,568.5279936405074,-16.47200635949264,0.3408593550000205
20,252,lppls-repo (NM),2021-03-31,2022-04-03,1.0007675707736585,0.6204575871160494,11.123099944225508,0.19266026418828885,565.1926602641882,-19.807339735811752,0.011850390000063271
20,252,M-LNN,2021-03-31,2022-04-03,1.079564094543457,0.258256733417511,6.00691556930542,19.970587730407715,584.9705877304077,-0.029412269592285156,0.5385249659998408
20,252,M-LNN-KAN,2021-03-31,2022-04-03,1.1997151374816895,0.19185927510261536,6.480195045471191,50.12849950790405,615.128499507904,30.128499507904053,2.7927940550000585
20,252,P-LNN-100K,2021-03-31,2022-04-03,1.0837918519973755,0.3448275327682495,7.901683807373047,21.031754851341248,586.0317548513412,1.0317548513412476,0.0007078190001266194
20,252,P-LNN-100K-AR1,2021-03-31,2022-04-03,1.0784974098205566,0.34149879217147827,6.857487678527832,19.702849864959717,584.7028498649597,-0.2971501350402832,0.0005130299998654664
20,252,P-LNN-100K-BOTH,2021-03-31,2022-04-03,1.1961513757705688,0.40964043140411377,7.35057258605957,49.23399531841278,614.2339953184128,29.23399531841278,0.0004404779999731545
20,300,LM,2021-01-24,2022-04-03,0.9880675128667749,0.8292405267882899,3.1191306187609573,-3.5678136528343183,561.4321863471657,-23.567813652834275,0.5248011240000778
20,300,lppls-repo (NM),2021-01-24,2022-04-03,1.3087514068073014,2.0151371821358595,15.71992106744566,92.31667063538312,657.3166706353832,72.31667063538316,0.01331922300005317
20,300,M-LNN,2021-01-24,2022-04-03,1.0305684804916382,0.9998981952667236,10.075220108032227,9.139975666999817,574.1399756669998,-10.860024333000183,0.4958614189999935
20,300,M-LNN-KAN,2021-01-24,2022-04-03,0.9982460737228394,0.9998206496238708,9.505579948425293,-0.5244239568710327,564.475576043129,-20.524423956871033,2.7844378669999514
20,300,P-LNN-100K,2021-01-24,2022-04-03,1.072164535522461,0.8047399520874023,6.883306980133057,21.57719612121582,586.5771961212158,1.5771961212158203,0.0007199789999958739
20,300,P-LNN-100K-AR1,2021-01-24,2022-04-03,1.1349408626556396,0.6873211860656738,7.140520095825195,40.347317934036255,605.3473179340363,20.347317934036255,0.0004941560000588652
20,300,P-LNN-100K-BOTH,2021-01-24,2022-04-03,1.1525465250015259,0.8139076232910156,6.845958232879639,45.61141097545624,610.6114109754562,25.611410975456238,0.0004914380001537211
20,350,LM,2020-11-15,2022-04-03,1.164603125034214,0.788454280731195,5.602827497065396,57.44649063694066,622.4464906369407,37.446490636940666,3.039018530000021
20,350,lppls-repo (NM),2020-11-15,2022-04-03,13.536459202036166,21.929781953349405,267.10726587172434,4375.2242615106225,4940.2242615106225,4355.2242615106225,0.02341963499998201
20,350,M-LNN,2020-11-15,2022-04-03,0.9859496355056763,0.9996997117996216,8.550419807434082,-4.903577208518982,560.096422791481,-24.903577208518982,0.443648555999971
20,350,M-LNN-KAN,2020-11-15,2022-04-03,0.9916079640388489,0.9995105266571045,8.715471267700195,-2.928820550441742,562.0711794495583,-22.928820550441742,2.8598105640000995
20,350,P-LNN-100K,2020-11-15,2022-04-03,1.0751694440841675,0.8527305722236633,5.949358940124512,26.23413598537445,591.2341359853745,6.234135985374451,0.0006504250000034517
20,350,P-LNN-100K-AR1,2020-11-15,2022-04-03,1.088784098625183,0.7841289043426514,6.563817977905273,30.985650420188904,595.9856504201889,10.985650420188904,0.0005234560001099453
20,350,P-LNN-100K-BOTH,2020-11-15,2022-04-03,1.061118721961975,0.885391354560852,6.063668251037598,21.33043396472931,586.3304339647293,1.330433964729309,0.00043642599985105335
25,150,LM,2021-08-26,2022-03-27,0.976430072048115,0.6622204494063779,5.240928182953333,-3.5119192648308575,556.4880807351691,-28.511919264830908,0.5438452719999987
25,150,lppls-repo (NM),2021-08-26,2022-03-27,10.98843512213611,-0.7003959862944006,94.65621686746113,1488.2768331982804,2048.2768331982807,1463.2768331982807,0.07408329399981994
25,150,M-LNN,2021-08-26,2022-03-27,1.0059021711349487,0.40893539786338806,6.0013346672058105,0.8794234991073608,560.8794234991074,-24.12057650089264,0.4716192809999029
25,150,M-LNN-KAN,2021-08-26,2022-03-27,1.0058189630508423,0.4635334610939026,6.001537322998047,0.8670254945755005,560.8670254945755,-24.1329745054245,2.7157914150000124
25,150,P-LNN-100K,2021-08-26,2022-03-27,1.1637333631515503,0.626270055770874,6.784331321716309,24.396271109580994,584.396271109581,-0.6037288904190063,0.0007042699999146862
25,150,P-LNN-100K-AR1,2021-08-26,2022-03-27,1.167931079864502,0.3638947010040283,6.662410259246826,25.02173089981079,585.0217308998108,0.021730899810791016,0.000502206999954069
25,150,P-LNN-100K-BOTH,2021-08-26,2022-03-27,1.0548382997512817,0.5011689066886902,6.463160514831543,8.170906662940979,568.170906662941,-16.82909333705902,0.0004481180001221219
25,200,LM,2021-06-10,2022-03-27,1.0166616103671908,0.04428757628802203,6.434858711188506,3.3156604630709747,563.315660463071,-21.684339536928974,0.5840956419999657
25,200,lppls-repo (NM),2021-06-10,2022-03-27,1.1039309808236761,-0.06461883578384633,5.6417548360157355,20.68226518391155,580.6822651839116,-4.317734816088432,0.013756865000004836
25,200,M-LNN,2021-06-10,2022-03-27,1.0276973247528076,0.10018864274024963,7.194219589233398,5.511767625808716,565.5117676258087,-19.488232374191284,0.45912178000003223
25,200,M-LNN-KAN,2021-06-10,2022-03-27,1.0146580934524536,0.12537822127342224,6.140219688415527,2.916960597038269,562.9169605970383,-22.08303940296173,2.749428220000027
25,200,P-LNN-100K,2021-06-10,2022-03-27,1.0395026206970215,0.07598024606704712,6.718018054962158,7.861021518707275,567.8610215187073,-17.138978481292725,0.0007575859999633394
25,200,P-LNN-100K-AR1,2021-06-10,2022-03-27,0.9402347803115845,0.1300112009048462,6.488030433654785,-11.89327871799469,548.1067212820053,-36.89327871799469,0.00048807999996824947
25,200,P-LNN-100K-BOTH,2021-06-10,2022-03-27,1.0058133602142334,0.12091019749641418,6.432033061981201,1.1568586826324463,561.1568586826324,-23.843141317367554,0.0004379859999517066
25,252,LM,2021-03-24,2022-03-27,0.9396911103021005,0.539232077518319,3.0998175212762376,-15.137531314172772,544.8624686858273,-40.13753131417275,0.33754711400001725
25,252,lppls-repo (NM),2021-03-24,2022-03-27,1.371038657216518,0.8587555334756797,17.91859837822407,93.13070296134603,653.1307029613461,68.13070296134606,0.015060225999832255
25,252,M-LNN,2021-03-24,2022-03-27,1.0231143236160278,0.7980206608772278,10.92941665649414,5.801695227622986,565.801695227623,-19.198304772377014,0.44573868799989214
25,252,M-LNN-KAN,2021-03-24,2022-03-27,1.0231118202209473,0.7978495359420776,10.92937183380127,5.801066875457764,565.8010668754578,-19.198933124542236,2.7481715429998985
25,252,P-LNN-100K,2021-03-24,2022-03-27,1.0662822723388672,0.5666225552558899,7.865705966949463,16.636850357055664,576.6368503570557,-8.363149642944336,0.0006412399998225737
25,252,P-LNN-100K-AR1,2021-03-24,2022-03-27,1.1040579080581665,0.5549883842468262,7.224627494812012,26.118534922599792,586.1185349225998,1.1185349225997925,0.0004231590000927099
25,252,P-LNN-100K-BOTH,2021-03-24,2022-03-27,1.165387511253357,0.6312982439994812,7.6707634925842285,41.51226532459259,601.5122653245926,16.51226532459259,0.00040555799978392315
25,300,LM,2021-01-17,2022-03-27,0.953116449739618,0.7433089667362489,2.7246323146319607,-14.018181527854232,545.9818184721457,-39.01818152785427,0.47739135500000884
25,300,lppls-repo (NM),2021-01-17,2022-03-27,,,,,,,0.2395705949998046
25,300,M-LNN,2021-01-17,2022-03-27,1.0506285429000854,0.9999016523361206,10.099352836608887,15.13793432712555,575.1379343271255,-9.86206567287445,0.42654679500014936
25,300,M-LNN-KAN,2021-01-17,2022-03-27,1.0882073640823364,0.896299421787262,6.150258541107178,26.37400186061859,586.3740018606186,1.3740018606185913,2.8586974910001572
25,300,P-LNN-100K,2021-01-17,2022-03-27,1.113624095916748,0.7537984848022461,6.432799339294434,33.973604679107666,593.9736046791077,8.973604679107666,0.0006597439999040944
25,300,P-LNN-100K-AR1,2021-01-17,2022-03-27,1.0830954313278198,0.7567543983459473,6.760410308837891,24.845533967018127,584.8455339670181,-0.15446603298187256,0.00045632299998032977
25,300,P-LNN-100K-BOTH,2021-01-17,2022-03-27,1.157852053642273,0.8241506218910217,6.641437530517578,47.19776403903961,607.1977640390396,22.197764039039612,0.00039120000019465806
25,350,LM,2020-11-08,2022-03-27,1.0111164847848781,0.6835230140663957,3.761284677662209,3.8796531899224727,563.8796531899225,-21.120346810077535,0.7548873579999054
25,350,lppls-repo (NM),2020-11-08,2022-03-27,1.0111148750803038,0.6835239068898131,3.761275083669337,3.8790914030260413,563.879091403026,-21.120908596974004,0.017570138999872142
25,350,M-LNN,2020-11-08,2022-03-27,0.9747510552406311,0.999854326248169,7.796888828277588,-8.811881721019745,551.1881182789803,-33.811881721019745,0.4604604759999802
25,350,M-LNN-KAN,2020-11-08,2022-03-27,0.9735569357872009,0.9999319911003113,7.868776321411133,-9.228629410266876,550.7713705897331,-34.228629410266876,2.829186451999931
25,350,P-LNN-100K,2020-11-08,2022-03-27,1.086416482925415,0.9824743866920471,5.834603309631348,30.15935254096985,590.1593525409698,5.159352540969849,0.0006906609999077773
25,350,P-LNN-100K-AR1,2020-11-08,2022-03-27,1.1043553352355957,0.8469042778015137,6.979439735412598,36.4200119972229,596.4200119972229,11.4200119972229,0.00048752900011095335
25,350,P-LNN-100K-BOTH,2020-11-08,2022-03-27,1.0728328227996826,0.9464080333709717,5.895763397216797,25.418655157089233,585.4186551570892,0.4186551570892334,0.00043686399999387504
30,150,LM,2021-08-19,2022-03-20,0.9422464377459361,0.4780254249701486,4.758643362992065,-8.605280775855524,546.3947192241445,-38.605280775855476,0.45019562000015867
30,150,lppls-repo (NM),2021-08-19,2022-03-20,4.1890302564688735,-1.0818619843138784,34.88271554866219,475.16550821386215,1030.1655082138623,445.16550821386227,0.021483682000052795
30,150,M-LNN,2021-08-19,2022-03-20,1.0015060901641846,0.6417773962020874,6.032071113586426,0.22440743446350098,555.2244074344635,-29.7755925655365,0.4621774570000525
30,150,M-LNN-KAN,2021-08-19,2022-03-20,1.0384689569473267,0.3054317831993103,6.002343654632568,5.731874585151672,560.7318745851517,-24.268125414848328,2.8690090330001112
30,150,P-LNN-100K,2021-08-19,2022-03-20,1.2052863836288452,0.3426249623298645,6.373363494873047,30.587671160697937,585.5876711606979,0.587671160697937,0.0007339979999869684
30,150,P-LNN-100K-AR1,2021-08-19,2022-03-20,1.18472158908844,0.39458927512168884,6.6477766036987305,27.52351677417755,582.5235167741776,-2.4764832258224487,0.0005192379999243713
30,150,P-LNN-100K-BOTH,2021-08-19,2022-03-20,1.17667555809021,0.3000708520412445,6.372400283813477,26.324658155441284,581.3246581554413,-3.675341844558716,0.0004895449999366974
30,200,LM,2021-06-03,2022-03-20,1.032744786389106,-0.030003527272895104,6.064154947211619,6.516212491432082,561.516212491432,-23.483787508567957,0.617736362999949
30,200,lppls-repo (NM),2021-06-03,2022-03-20,1.0327469445183577,-0.030019619901532697,6.0643085464406346,6.51664195915318,561.5166419591532,-23.483358040846838,0.011024236999901404
30,200,M-LNN,2021-06-03,2022-03-20,1.0396703481674194,0.22629255056381226,6.7222819328308105,7.894399285316467,562.8943992853165,-22.105600714683533,0.4572742880000078
30,200,M-LNN-KAN,2021-06-03,2022-03-20,1.0544087886810303,0.20821966230869293,6.037947654724121,10.827348947525024,565.827348947525,-19.172651052474976,2.835070592999955
30,200,P-LNN-100K,2021-06-03,2022-03-20,1.025801420211792,0.048629552125930786,6.89237117767334,5.1344826221466064,560.1344826221466,-24.865517377853394,0.0007027959998140432
30,200,P-LNN-100K-AR1,2021-06-03,2022-03-20,1.068896770477295,0.19884425401687622,6.890232086181641,13.71045732498169,568.7104573249817,-16.28954267501831,0.00045715800001744356
30,200,P-LNN-100K-BOTH,2021-06-03,2022-03-20,1.0484660863876343,0.15925230085849762,6.598772048950195,9.644751191139221,564.6447511911392,-20.35524880886078,0.00040714500005378795
30,252,LM,2021-03-17,2022-03-20,0.960745078261077,0.5591790587067125,3.223400595645658,-9.852985356469667,545.1470146435304,-39.85298535646962,0.44899855799985744
30,252,lppls-repo (NM),2021-03-17,2022-03-20,1.3074180315773853,1.2243004487934568,15.995101303200801,77.16192592592373,632.1619259259237,47.1619259259237,0.032320182000148634
30,252,M-LNN,2021-03-17,2022-03-20,1.0372239351272583,0.9966485500335693,10.542336463928223,9.343207716941833,564.3432077169418,-20.656792283058167,0.4480393860001186
30,252,M-LNN-KAN,2021-03-17,2022-03-20,1.1150610446929932,0.754435658454895,6.119497776031494,28.880322217941284,583.8803222179413,-1.1196777820587158,2.8498437049997847
30,252,P-LNN-100K,2021-03-17,2022-03-20,1.08869206905365,0.5344446897506714,7.466931343078613,22.261709332466125,577.2617093324661,-7.7382906675338745,0.0006083659998239455
30,252,P-LNN-100K-AR1,2021-03-17,2022-03-20,1.1447808742523193,0.4915051758289337,7.054770469665527,36.33999943733215,591.3399994373322,6.339999437332153,0.0004773759999352478
30,252,P-LNN-100K-BOTH,2021-03-17,2022-03-20,1.179169774055481,0.5590136051177979,7.44908332824707,44.97161328792572,599.9716132879257,14.97161328792572,0.00037102800001775904
30,300,LM,2021-01-10,2022-03-20,0.9671988753368556,0.7186541940864655,2.8451511075868456,-9.807536274280189,545.1924637257198,-39.80753627428021,1.9663632889999008
30,300,lppls-repo (NM),2021-01-10,2022-03-20,1.0146187676103193,0.7718622059289924,3.24467025195535,4.371011515485479,559.3710115154855,-25.62898848451448,0.2642337540000881
30,300,M-LNN,2021-01-10,2022-03-20,1.0431733131408691,0.9995332956314087,9.553298950195312,12.908820629119873,567.9088206291199,-17.091179370880127,0.4628669240000818
30,300,M-LNN-KAN,2021-01-10,2022-03-20,1.1264488697052002,0.6417729258537292,6.069709777832031,37.80821204185486,592.8082120418549,7.808212041854858,2.742353654999988
30,300,P-LNN-100K,2021-01-10,2022-03-20,1.1044840812683105,0.8410626649856567,6.273841857910156,31.240740299224854,586.2407402992249,1.2407402992248535,0.0006613099999412952
30,300,P-LNN-100K-AR1,2021-01-10,2022-03-20,1.0747379064559937,0.8081604838371277,6.659787178039551,22.346634030342102,577.3466340303421,-7.653365969657898,0.0005200120001518371
30,300,P-LNN-100K-BOTH,2021-01-10,2022-03-20,1.101253628730774,0.8360980749130249,6.3931989669799805,30.274834990501404,585.2748349905014,0.2748349905014038,0.0004102120001334697
30,350,LM,2020-11-01,2022-03-20,0.9804476545984023,0.6747352263857895,3.2516540168483696,-6.823768545157587,548.1762314548424,-36.82376854515758,1.1710837000000538
30,350,lppls-repo (NM),2020-11-01,2022-03-20,1.020512862603828,0.6918569312813363,3.6146082374604322,7.158989048735975,562.158989048736,-22.841010951264025,0.012688248999893403
30,350,M-LNN,2020-11-01,2022-03-20,0.9475084543228149,0.8940078020095825,6.001079559326172,-18.319549441337585,536.6804505586624,-48.319549441337585,0.43350007000003643
30,350,M-LNN-KAN,2020-11-01,2022-03-20,1.197331428527832,0.7913351058959961,6.4034953117370605,68.86866855621338,623.8686685562134,38.86866855621338,2.730428809000159
30,350,P-LNN-100K,2020-11-01,2022-03-20,1.1090376377105713,1.1560182571411133,6.5705156326293945,38.05413556098938,593.0541355609894,8.05413556098938,0.0006728189998739253
30,350,P-LNN-100K-AR1,2020-11-01,2022-03-20,1.0863126516342163,0.9825433492660522,6.830749988555908,30.12311542034149,585.1231154203415,0.1231154203414917,0.0004538010000487702
30,350,P-LNN-100K-BOTH,2020-11-01,2022-03-20,1.1077860593795776,1.1438977718353271,6.6624860763549805,37.617334723472595,592.6173347234726,7.617334723472595,0.000414680000176304
